ISO-10303-21;
HEADER;
FILE_DESCRIPTION(('FreeCAD Model'),'2;1');
FILE_NAME('Open CASCADE Shape Model','2026-09-22T19:00:00',(''),(''),
  'Open CASCADE STEP processor 7.8','FreeCAD','Unknown');
FILE_SCHEMA(('AUTOMOTIVE_DESIGN { 1 0 10303 214 1 1 1 1 }'));
ENDSEC;
DATA;
#1 = APPLICATION_PROTOCOL_DEFINITION('international standard',
  'automotive_design',2000,#2);
#2 = APPLICATION_CONTEXT(
  'core data for automotive mechanical design processes');
#3 = SHAPE_DEFINITION_REPRESENTATION(#4,#10);
#4 = PRODUCT_DEFINITION_SHAPE('','',#5);
#5 = PRODUCT_DEFINITION('design','',#6,#9);
#6 = PRODUCT_DEFINITION_FORMATION('','',#7);
#7 = PRODUCT('Deckel','Deckel','',(#8));
#8 = PRODUCT_CONTEXT('',#2,'mechanical');
#9 = PRODUCT_DEFINITION_CONTEXT('part definition',#2,'design');
#10 = ADVANCED_BREP_SHAPE_REPRESENTATION('',(#11,#15),#7802);
#11 = AXIS2_PLACEMENT_3D('',#12,#13,#14);
#12 = CARTESIAN_POINT('',(0.,0.,0.));
#13 = DIRECTION('',(0.,0.,1.));
#14 = DIRECTION('',(1.,0.,-0.));
#15 = MANIFOLD_SOLID_BREP('',#16);
#16 = CLOSED_SHELL('',(#17,#62,#93,#146,#411,#435,#463,#488,#512,#605,
    #633,#680,#811,#835,#966,#1036,#1167,#1191,#1322,#1369,#1397,#1414,
    #1445,#1470,#1526,#1551,#1575,#1600,#1656,#1681,#1705,#1730,#1850,
    #1875,#1899,#1924,#1980,#1998,#2032,#2067,#2087,#2124,#2153,#2190,
    #2215,#2250,#2262,#2361,#2751,#2903,#3072,#3241,#3340,#3439,#3829,
    #3981,#4150,#4319,#4418,#4449,#4474,#4521,#4545,#4569,#4586,#4611,
    #4635,#4660,#4707,#4731,#4755,#4772,#4797,#4821,#4846,#4939,#4963,
    #4987,#5004,#5028,#5052,#5069,#5093,#5117,#5134,#5159,#5183,#5208,
    #5255,#5279,#5303,#5320,#5338,#5430,#5522,#5770,#5823,#5869,#5901,
    #6149,#6202,#6248,#6280,#6388,#6400,#6412,#6424,#6436,#6448,#6460,
    #6503,#6546,#6577,#6601,#6626,#6650,#6674,#6698,#6723,#6747,#6771,
    #6788,#6819,#6875,#6931,#6948,#6979,#7035,#7091,#7108,#7286,#7335,
    #7352,#7401,#7418,#7435,#7452,#7501,#7518,#7567,#7584,#7601,#7618,
    #7635,#7652,#7664,#7681,#7698,#7710,#7727,#7744,#7756,#7773,#7790));
#17 = ADVANCED_FACE('',(#18),#57,.T.);
#18 = FACE_BOUND('',#19,.F.);
#19 = EDGE_LOOP('',(#20,#30,#39,#47));
#20 = ORIENTED_EDGE('',*,*,#21,.F.);
#21 = EDGE_CURVE('',#22,#24,#26,.T.);
#22 = VERTEX_POINT('',#23);
#23 = CARTESIAN_POINT('',(-13.,-30.,10.));
#24 = VERTEX_POINT('',#25);
#25 = CARTESIAN_POINT('',(-13.,-30.,16.499999999615));
#26 = LINE('',#27,#28);
#27 = CARTESIAN_POINT('',(-13.,-30.,10.));
#28 = VECTOR('',#29,1.);
#29 = DIRECTION('',(0.,0.,1.));
#30 = ORIENTED_EDGE('',*,*,#31,.T.);
#31 = EDGE_CURVE('',#22,#32,#34,.T.);
#32 = VERTEX_POINT('',#33);
#33 = CARTESIAN_POINT('',(-16.,-27.,10.));
#34 = CIRCLE('',#35,3.);
#35 = AXIS2_PLACEMENT_3D('',#36,#37,#38);
#36 = CARTESIAN_POINT('',(-13.,-27.,10.));
#37 = DIRECTION('',(-0.,-0.,-1.));
#38 = DIRECTION('',(0.,-1.,0.));
#39 = ORIENTED_EDGE('',*,*,#40,.T.);
#40 = EDGE_CURVE('',#32,#41,#43,.T.);
#41 = VERTEX_POINT('',#42);
#42 = CARTESIAN_POINT('',(-16.,-27.,16.499999999793));
#43 = LINE('',#44,#45);
#44 = CARTESIAN_POINT('',(-16.,-27.,10.));
#45 = VECTOR('',#46,1.);
#46 = DIRECTION('',(0.,0.,1.));
#47 = ORIENTED_EDGE('',*,*,#48,.T.);
#48 = EDGE_CURVE('',#41,#24,#49,.T.);
#49 = ( BOUNDED_CURVE() B_SPLINE_CURVE(6,(#50,#51,#52,#53,#54,#55,#56),
.UNSPECIFIED.,.F.,.F.) B_SPLINE_CURVE_WITH_KNOTS((7,7),(51.351477796077,
56.063866776462),.PIECEWISE_BEZIER_KNOTS.) CURVE() 
GEOMETRIC_REPRESENTATION_ITEM() RATIONAL_B_SPLINE_CURVE((1.,1.,1.,1.,1.,
1.,1.)) REPRESENTATION_ITEM('') );
#50 = CARTESIAN_POINT('',(-16.,-27.,16.499999999621));
#51 = CARTESIAN_POINT('',(-16.,-27.78539456795,16.49999999962));
#52 = CARTESIAN_POINT('',(-15.75331885412,-28.57073542558,
    16.499999999618));
#53 = CARTESIAN_POINT('',(-15.25956552854,-29.25956552854,
    16.499999999616));
#54 = CARTESIAN_POINT('',(-14.57073542558,-29.75331885412,
    16.499999999615));
#55 = CARTESIAN_POINT('',(-13.78539456795,-30.,16.499999999615));
#56 = CARTESIAN_POINT('',(-13.,-30.,16.499999999615));
#57 = CYLINDRICAL_SURFACE('',#58,3.);
#58 = AXIS2_PLACEMENT_3D('',#59,#60,#61);
#59 = CARTESIAN_POINT('',(-13.,-27.,10.));
#60 = DIRECTION('',(0.,0.,1.));
#61 = DIRECTION('',(0.,-1.,0.));
#62 = ADVANCED_FACE('',(#63),#88,.T.);
#63 = FACE_BOUND('',#64,.T.);
#64 = EDGE_LOOP('',(#65,#75,#81,#82));
#65 = ORIENTED_EDGE('',*,*,#66,.T.);
#66 = EDGE_CURVE('',#67,#69,#71,.T.);
#67 = VERTEX_POINT('',#68);
#68 = CARTESIAN_POINT('',(13.,-30.,10.));
#69 = VERTEX_POINT('',#70);
#70 = CARTESIAN_POINT('',(13.,-30.,16.499999999615));
#71 = LINE('',#72,#73);
#72 = CARTESIAN_POINT('',(13.,-30.,10.));
#73 = VECTOR('',#74,1.);
#74 = DIRECTION('',(-2.22044604925E-16,2.465190328816E-32,1.));
#75 = ORIENTED_EDGE('',*,*,#76,.F.);
#76 = EDGE_CURVE('',#24,#69,#77,.T.);
#77 = LINE('',#78,#79);
#78 = CARTESIAN_POINT('',(-13.,-30.,16.499999999615));
#79 = VECTOR('',#80,1.);
#80 = DIRECTION('',(1.,-2.22044604925E-16,2.22044604925E-16));
#81 = ORIENTED_EDGE('',*,*,#21,.F.);
#82 = ORIENTED_EDGE('',*,*,#83,.F.);
#83 = EDGE_CURVE('',#67,#22,#84,.T.);
#84 = LINE('',#85,#86);
#85 = CARTESIAN_POINT('',(16.,-30.,10.));
#86 = VECTOR('',#87,1.);
#87 = DIRECTION('',(-1.,2.22044604925E-16,-2.22044604925E-16));
#88 = PLANE('',#89);
#89 = AXIS2_PLACEMENT_3D('',#90,#91,#92);
#90 = CARTESIAN_POINT('',(-4.942905988022E-15,-30.,14.249999999892));
#91 = DIRECTION('',(-0.,-1.,-0.));
#92 = DIRECTION('',(0.,0.,-1.));
#93 = ADVANCED_FACE('',(#94),#124,.F.);
#94 = FACE_BOUND('',#95,.F.);
#95 = EDGE_LOOP('',(#96,#105,#117,#123));
#96 = ORIENTED_EDGE('',*,*,#97,.T.);
#97 = EDGE_CURVE('',#41,#98,#100,.T.);
#98 = VERTEX_POINT('',#99);
#99 = CARTESIAN_POINT('',(-14.,-27.,18.499999999793));
#100 = CIRCLE('',#101,2.);
#101 = AXIS2_PLACEMENT_3D('',#102,#103,#104);
#102 = CARTESIAN_POINT('',(-14.,-27.,16.499999999793));
#103 = DIRECTION('',(0.,1.,-0.));
#104 = DIRECTION('',(-1.,0.,0.));
#105 = ORIENTED_EDGE('',*,*,#106,.T.);
#106 = EDGE_CURVE('',#98,#107,#109,.T.);
#107 = VERTEX_POINT('',#108);
#108 = CARTESIAN_POINT('',(-13.,-28.00000000001,18.499999999615));
#109 = ( BOUNDED_CURVE() B_SPLINE_CURVE(6,(#110,#111,#112,#113,#114,#115
,#116),.UNSPECIFIED.,.F.,.F.) B_SPLINE_CURVE_WITH_KNOTS((7,7),(
51.351477796077,56.063866776462),.PIECEWISE_BEZIER_KNOTS.) CURVE() 
GEOMETRIC_REPRESENTATION_ITEM() RATIONAL_B_SPLINE_CURVE((1.,1.,1.,1.,1.,
1.,1.)) REPRESENTATION_ITEM('') );
#110 = CARTESIAN_POINT('',(-14.,-27.,18.499999999621));
#111 = CARTESIAN_POINT('',(-14.,-27.26179818931,18.49999999962));
#112 = CARTESIAN_POINT('',(-13.91777295138,-27.52357847519,
    18.499999999618));
#113 = CARTESIAN_POINT('',(-13.75318850952,-27.75318850952,
    18.499999999616));
#114 = CARTESIAN_POINT('',(-13.5235784752,-27.91777295138,
    18.499999999615));
#115 = CARTESIAN_POINT('',(-13.26179818932,-28.00000000001,
    18.499999999615));
#116 = CARTESIAN_POINT('',(-13.,-28.00000000001,18.499999999615));
#117 = ORIENTED_EDGE('',*,*,#118,.F.);
#118 = EDGE_CURVE('',#24,#107,#119,.T.);
#119 = ( BOUNDED_CURVE() B_SPLINE_CURVE(2,(#120,#121,#122),
.UNSPECIFIED.,.F.,.F.) B_SPLINE_CURVE_WITH_KNOTS((3,3),(0.,
4.712388980385),.PIECEWISE_BEZIER_KNOTS.) CURVE() 
GEOMETRIC_REPRESENTATION_ITEM() RATIONAL_B_SPLINE_CURVE((1.,
0.707106781189,1.)) REPRESENTATION_ITEM('') );
#120 = CARTESIAN_POINT('',(-13.,-30.,16.499999999615));
#121 = CARTESIAN_POINT('',(-13.,-30.,18.499999999602));
#122 = CARTESIAN_POINT('',(-13.,-28.00000000001,18.499999999615));
#123 = ORIENTED_EDGE('',*,*,#48,.F.);
#124 = ( BOUNDED_SURFACE() B_SPLINE_SURFACE(2,6,(
    (#125,#126,#127,#128,#129,#130,#131)
    ,(#132,#133,#134,#135,#136,#137,#138)
    ,(#139,#140,#141,#142,#143,#144,#145
)),.UNSPECIFIED.,.F.,.F.,.F.) B_SPLINE_SURFACE_WITH_KNOTS((3,3),(7,7),(
    0.,4.712388980385),(51.351477796077,56.063866776462),
.PIECEWISE_BEZIER_KNOTS.) GEOMETRIC_REPRESENTATION_ITEM() 
RATIONAL_B_SPLINE_SURFACE((
    (1.,1.,1.,1.,1.,1.,1.)
    ,(0.707106781187,0.707106781187,0.707106781188,0.707106781188
      ,0.707106781189,0.707106781189,0.707106781189)
,(1.,1.,1.,1.,1.,1.,1.))) REPRESENTATION_ITEM('') SURFACE() );
#125 = CARTESIAN_POINT('',(-16.,-27.,16.499999999621));
#126 = CARTESIAN_POINT('',(-16.,-27.78539456795,16.49999999962));
#127 = CARTESIAN_POINT('',(-15.75331885412,-28.57073542558,
    16.499999999618));
#128 = CARTESIAN_POINT('',(-15.25956552854,-29.25956552854,
    16.499999999616));
#129 = CARTESIAN_POINT('',(-14.57073542558,-29.75331885412,
    16.499999999615));
#130 = CARTESIAN_POINT('',(-13.78539456795,-30.,16.499999999615));
#131 = CARTESIAN_POINT('',(-13.,-30.,16.499999999615));
#132 = CARTESIAN_POINT('',(-16.,-27.,18.499999999621));
#133 = CARTESIAN_POINT('',(-16.,-27.78539456794,18.499999999616));
#134 = CARTESIAN_POINT('',(-15.75331885412,-28.57073542558,
    18.499999999611));
#135 = CARTESIAN_POINT('',(-15.25956552854,-29.25956552854,
    18.499999999607));
#136 = CARTESIAN_POINT('',(-14.57073542558,-29.75331885412,
    18.499999999603));
#137 = CARTESIAN_POINT('',(-13.78539456795,-30.,18.499999999602));
#138 = CARTESIAN_POINT('',(-13.,-30.,18.499999999602));
#139 = CARTESIAN_POINT('',(-14.,-27.,18.499999999621));
#140 = CARTESIAN_POINT('',(-14.,-27.26179818931,18.49999999962));
#141 = CARTESIAN_POINT('',(-13.91777295138,-27.52357847519,
    18.499999999618));
#142 = CARTESIAN_POINT('',(-13.75318850952,-27.75318850952,
    18.499999999616));
#143 = CARTESIAN_POINT('',(-13.5235784752,-27.91777295138,
    18.499999999615));
#144 = CARTESIAN_POINT('',(-13.26179818932,-28.00000000001,
    18.499999999615));
#145 = CARTESIAN_POINT('',(-13.,-28.00000000001,18.499999999615));
#146 = ADVANCED_FACE('',(#147,#268),#406,.T.);
#147 = FACE_BOUND('',#148,.T.);
#148 = EDGE_LOOP('',(#149,#150,#158,#167,#175,#184,#192,#201,#209,#218,
    #226,#235,#243,#252,#260,#267));
#149 = ORIENTED_EDGE('',*,*,#31,.T.);
#150 = ORIENTED_EDGE('',*,*,#151,.F.);
#151 = EDGE_CURVE('',#152,#32,#154,.T.);
#152 = VERTEX_POINT('',#153);
#153 = CARTESIAN_POINT('',(-16.,-0.6,10.));
#154 = LINE('',#155,#156);
#155 = CARTESIAN_POINT('',(-16.,0.,10.));
#156 = VECTOR('',#157,1.);
#157 = DIRECTION('',(0.,-1.,0.));
#158 = ORIENTED_EDGE('',*,*,#159,.T.);
#159 = EDGE_CURVE('',#152,#160,#162,.T.);
#160 = VERTEX_POINT('',#161);
#161 = CARTESIAN_POINT('',(-16.6,1.110223024625E-16,10.));
#162 = CIRCLE('',#163,0.6);
#163 = AXIS2_PLACEMENT_3D('',#164,#165,#166);
#164 = CARTESIAN_POINT('',(-16.6,-0.6,10.));
#165 = DIRECTION('',(-0.,0.,1.));
#166 = DIRECTION('',(0.,-1.,0.));
#167 = ORIENTED_EDGE('',*,*,#168,.F.);
#168 = EDGE_CURVE('',#169,#160,#171,.T.);
#169 = VERTEX_POINT('',#170);
#170 = CARTESIAN_POINT('',(-59.5,-4.440892098501E-16,10.));
#171 = LINE('',#172,#173);
#172 = CARTESIAN_POINT('',(-42.5,0.,10.));
#173 = VECTOR('',#174,1.);
#174 = DIRECTION('',(1.,0.,0.));
#175 = ORIENTED_EDGE('',*,*,#176,.F.);
#176 = EDGE_CURVE('',#177,#169,#179,.T.);
#177 = VERTEX_POINT('',#178);
#178 = CARTESIAN_POINT('',(-62.5,3.,10.));
#179 = CIRCLE('',#180,3.);
#180 = AXIS2_PLACEMENT_3D('',#181,#182,#183);
#181 = CARTESIAN_POINT('',(-59.5,3.,10.));
#182 = DIRECTION('',(-0.,0.,1.));
#183 = DIRECTION('',(0.,-1.,0.));
#184 = ORIENTED_EDGE('',*,*,#185,.F.);
#185 = EDGE_CURVE('',#186,#177,#188,.T.);
#186 = VERTEX_POINT('',#187);
#187 = CARTESIAN_POINT('',(-62.5,27.,10.));
#188 = LINE('',#189,#190);
#189 = CARTESIAN_POINT('',(-62.5,30.,10.));
#190 = VECTOR('',#191,1.);
#191 = DIRECTION('',(0.,-1.,0.));
#192 = ORIENTED_EDGE('',*,*,#193,.T.);
#193 = EDGE_CURVE('',#186,#194,#196,.T.);
#194 = VERTEX_POINT('',#195);
#195 = CARTESIAN_POINT('',(-59.5,30.,10.));
#196 = CIRCLE('',#197,3.);
#197 = AXIS2_PLACEMENT_3D('',#198,#199,#200);
#198 = CARTESIAN_POINT('',(-59.5,27.,10.));
#199 = DIRECTION('',(-0.,-0.,-1.));
#200 = DIRECTION('',(0.,-1.,0.));
#201 = ORIENTED_EDGE('',*,*,#202,.F.);
#202 = EDGE_CURVE('',#203,#194,#205,.T.);
#203 = VERTEX_POINT('',#204);
#204 = CARTESIAN_POINT('',(59.5,30.,10.));
#205 = LINE('',#206,#207);
#206 = CARTESIAN_POINT('',(-47.5,30.,10.));
#207 = VECTOR('',#208,1.);
#208 = DIRECTION('',(-1.,0.,0.));
#209 = ORIENTED_EDGE('',*,*,#210,.F.);
#210 = EDGE_CURVE('',#211,#203,#213,.T.);
#211 = VERTEX_POINT('',#212);
#212 = CARTESIAN_POINT('',(62.5,27.,10.));
#213 = CIRCLE('',#214,3.);
#214 = AXIS2_PLACEMENT_3D('',#215,#216,#217);
#215 = CARTESIAN_POINT('',(59.5,27.,10.));
#216 = DIRECTION('',(-2.22044604925E-16,2.465190328816E-32,1.));
#217 = DIRECTION('',(-2.22044604925E-16,-1.,-2.465190328816E-32));
#218 = ORIENTED_EDGE('',*,*,#219,.T.);
#219 = EDGE_CURVE('',#211,#220,#222,.T.);
#220 = VERTEX_POINT('',#221);
#221 = CARTESIAN_POINT('',(62.5,3.,10.));
#222 = LINE('',#223,#224);
#223 = CARTESIAN_POINT('',(62.5,30.,10.));
#224 = VECTOR('',#225,1.);
#225 = DIRECTION('',(-2.22044604925E-16,-1.,-2.465190328816E-32));
#226 = ORIENTED_EDGE('',*,*,#227,.T.);
#227 = EDGE_CURVE('',#220,#228,#230,.T.);
#228 = VERTEX_POINT('',#229);
#229 = CARTESIAN_POINT('',(59.5,-1.365574320289E-14,10.));
#230 = CIRCLE('',#231,3.);
#231 = AXIS2_PLACEMENT_3D('',#232,#233,#234);
#232 = CARTESIAN_POINT('',(59.5,3.,10.));
#233 = DIRECTION('',(2.22044604925E-16,-2.465190328816E-32,-1.));
#234 = DIRECTION('',(-2.22044604925E-16,-1.,-2.465190328816E-32));
#235 = ORIENTED_EDGE('',*,*,#236,.T.);
#236 = EDGE_CURVE('',#228,#237,#239,.T.);
#237 = VERTEX_POINT('',#238);
#238 = CARTESIAN_POINT('',(16.6,-3.574918139293E-15,10.));
#239 = LINE('',#240,#241);
#240 = CARTESIAN_POINT('',(42.5,-9.436895709314E-15,10.));
#241 = VECTOR('',#242,1.);
#242 = DIRECTION('',(-1.,2.22044604925E-16,-2.22044604925E-16));
#243 = ORIENTED_EDGE('',*,*,#244,.F.);
#244 = EDGE_CURVE('',#245,#237,#247,.T.);
#245 = VERTEX_POINT('',#246);
#246 = CARTESIAN_POINT('',(16.,-0.6,10.));
#247 = CIRCLE('',#248,0.6);
#248 = AXIS2_PLACEMENT_3D('',#249,#250,#251);
#249 = CARTESIAN_POINT('',(16.6,-0.6,10.));
#250 = DIRECTION('',(2.22044604925E-16,-2.465190328816E-32,-1.));
#251 = DIRECTION('',(-2.22044604925E-16,-1.,-2.465190328816E-32));
#252 = ORIENTED_EDGE('',*,*,#253,.T.);
#253 = EDGE_CURVE('',#245,#254,#256,.T.);
#254 = VERTEX_POINT('',#255);
#255 = CARTESIAN_POINT('',(16.,-27.,10.));
#256 = LINE('',#257,#258);
#257 = CARTESIAN_POINT('',(16.,-3.552713678801E-15,10.));
#258 = VECTOR('',#259,1.);
#259 = DIRECTION('',(-2.22044604925E-16,-1.,-2.465190328816E-32));
#260 = ORIENTED_EDGE('',*,*,#261,.F.);
#261 = EDGE_CURVE('',#67,#254,#262,.T.);
#262 = CIRCLE('',#263,3.);
#263 = AXIS2_PLACEMENT_3D('',#264,#265,#266);
#264 = CARTESIAN_POINT('',(13.,-27.,10.));
#265 = DIRECTION('',(-2.22044604925E-16,2.465190328816E-32,1.));
#266 = DIRECTION('',(-2.22044604925E-16,-1.,-2.465190328816E-32));
#267 = ORIENTED_EDGE('',*,*,#83,.T.);
#268 = FACE_BOUND('',#269,.T.);
#269 = EDGE_LOOP('',(#270,#280,#289,#297,#306,#314,#323,#331,#340,#348,
    #357,#365,#374,#382,#391,#399));
#270 = ORIENTED_EDGE('',*,*,#271,.F.);
#271 = EDGE_CURVE('',#272,#274,#276,.T.);
#272 = VERTEX_POINT('',#273);
#273 = CARTESIAN_POINT('',(-15.26188021535,-27.,10.));
#274 = VERTEX_POINT('',#275);
#275 = CARTESIAN_POINT('',(-15.26188021535,-0.6,10.));
#276 = LINE('',#277,#278);
#277 = CARTESIAN_POINT('',(-15.26188021535,-4.519680158284E-17,10.));
#278 = VECTOR('',#279,1.);
#279 = DIRECTION('',(6.123233995737E-17,1.,0.));
#280 = ORIENTED_EDGE('',*,*,#281,.F.);
#281 = EDGE_CURVE('',#282,#272,#284,.T.);
#282 = VERTEX_POINT('',#283);
#283 = CARTESIAN_POINT('',(-13.,-29.26188021535,10.));
#284 = CIRCLE('',#285,2.261880215352);
#285 = AXIS2_PLACEMENT_3D('',#286,#287,#288);
#286 = CARTESIAN_POINT('',(-13.,-27.,10.));
#287 = DIRECTION('',(-0.,-0.,-1.));
#288 = DIRECTION('',(0.,-1.,0.));
#289 = ORIENTED_EDGE('',*,*,#290,.F.);
#290 = EDGE_CURVE('',#291,#282,#293,.T.);
#291 = VERTEX_POINT('',#292);
#292 = CARTESIAN_POINT('',(13.,-29.26188021535,10.));
#293 = LINE('',#294,#295);
#294 = CARTESIAN_POINT('',(-16.,-29.26188021535,10.));
#295 = VECTOR('',#296,1.);
#296 = DIRECTION('',(-1.,1.224646799147E-16,0.));
#297 = ORIENTED_EDGE('',*,*,#298,.T.);
#298 = EDGE_CURVE('',#291,#299,#301,.T.);
#299 = VERTEX_POINT('',#300);
#300 = CARTESIAN_POINT('',(15.261880215352,-27.,10.));
#301 = CIRCLE('',#302,2.261880215352);
#302 = AXIS2_PLACEMENT_3D('',#303,#304,#305);
#303 = CARTESIAN_POINT('',(13.,-27.,10.));
#304 = DIRECTION('',(-2.22044604925E-16,2.465190328816E-32,1.));
#305 = DIRECTION('',(-2.22044604925E-16,-1.,-2.465190328816E-32));
#306 = ORIENTED_EDGE('',*,*,#307,.T.);
#307 = EDGE_CURVE('',#299,#308,#310,.T.);
#308 = VERTEX_POINT('',#309);
#309 = CARTESIAN_POINT('',(15.261880215352,-0.6,10.));
#310 = LINE('',#311,#312);
#311 = CARTESIAN_POINT('',(15.261880215352,-3.434014964414E-15,10.));
#312 = VECTOR('',#313,1.);
#313 = DIRECTION('',(1.608122649677E-16,1.,1.105559255369E-32));
#314 = ORIENTED_EDGE('',*,*,#315,.T.);
#315 = EDGE_CURVE('',#308,#316,#318,.T.);
#316 = VERTEX_POINT('',#317);
#317 = CARTESIAN_POINT('',(16.6,0.738119784648,10.));
#318 = CIRCLE('',#319,1.338119784648);
#319 = AXIS2_PLACEMENT_3D('',#320,#321,#322);
#320 = CARTESIAN_POINT('',(16.6,-0.6,10.));
#321 = DIRECTION('',(2.22044604925E-16,-2.465190328816E-32,-1.));
#322 = DIRECTION('',(-2.22044604925E-16,-1.,-2.465190328816E-32));
#323 = ORIENTED_EDGE('',*,*,#324,.T.);
#324 = EDGE_CURVE('',#316,#325,#327,.T.);
#325 = VERTEX_POINT('',#326);
#326 = CARTESIAN_POINT('',(59.5,0.738119784648,10.));
#327 = LINE('',#328,#329);
#328 = CARTESIAN_POINT('',(42.5,0.738119784648,10.));
#329 = VECTOR('',#330,1.);
#330 = DIRECTION('',(1.,-9.95799250103E-17,2.22044604925E-16));
#331 = ORIENTED_EDGE('',*,*,#332,.T.);
#332 = EDGE_CURVE('',#325,#333,#335,.T.);
#333 = VERTEX_POINT('',#334);
#334 = CARTESIAN_POINT('',(61.761880215352,3.,10.));
#335 = CIRCLE('',#336,2.261880215352);
#336 = AXIS2_PLACEMENT_3D('',#337,#338,#339);
#337 = CARTESIAN_POINT('',(59.5,3.,10.));
#338 = DIRECTION('',(-2.22044604925E-16,2.465190328816E-32,1.));
#339 = DIRECTION('',(-2.22044604925E-16,-1.,-2.465190328816E-32));
#340 = ORIENTED_EDGE('',*,*,#341,.T.);
#341 = EDGE_CURVE('',#333,#342,#344,.T.);
#342 = VERTEX_POINT('',#343);
#343 = CARTESIAN_POINT('',(61.761880215352,27.,10.));
#344 = LINE('',#345,#346);
#345 = CARTESIAN_POINT('',(61.761880215352,30.,10.));
#346 = VECTOR('',#347,1.);
#347 = DIRECTION('',(1.608122649677E-16,1.,1.105559255369E-32));
#348 = ORIENTED_EDGE('',*,*,#349,.T.);
#349 = EDGE_CURVE('',#342,#350,#352,.T.);
#350 = VERTEX_POINT('',#351);
#351 = CARTESIAN_POINT('',(59.5,29.261880215352,10.));
#352 = CIRCLE('',#353,2.261880215352);
#353 = AXIS2_PLACEMENT_3D('',#354,#355,#356);
#354 = CARTESIAN_POINT('',(59.5,27.,10.));
#355 = DIRECTION('',(-2.22044604925E-16,2.465190328816E-32,1.));
#356 = DIRECTION('',(-2.22044604925E-16,-1.,-2.465190328816E-32));
#357 = ORIENTED_EDGE('',*,*,#358,.T.);
#358 = EDGE_CURVE('',#350,#359,#361,.T.);
#359 = VERTEX_POINT('',#360);
#360 = CARTESIAN_POINT('',(-59.5,29.261880215352,10.));
#361 = LINE('',#362,#363);
#362 = CARTESIAN_POINT('',(47.5,29.261880215352,10.));
#363 = VECTOR('',#364,1.);
#364 = DIRECTION('',(-1.,2.22044604925E-16,-2.22044604925E-16));
#365 = ORIENTED_EDGE('',*,*,#366,.F.);
#366 = EDGE_CURVE('',#367,#359,#369,.T.);
#367 = VERTEX_POINT('',#368);
#368 = CARTESIAN_POINT('',(-61.76188021535,27.,10.));
#369 = CIRCLE('',#370,2.261880215352);
#370 = AXIS2_PLACEMENT_3D('',#371,#372,#373);
#371 = CARTESIAN_POINT('',(-59.5,27.,10.));
#372 = DIRECTION('',(-0.,-0.,-1.));
#373 = DIRECTION('',(0.,-1.,0.));
#374 = ORIENTED_EDGE('',*,*,#375,.F.);
#375 = EDGE_CURVE('',#376,#367,#378,.T.);
#376 = VERTEX_POINT('',#377);
#377 = CARTESIAN_POINT('',(-61.76188021535,3.,10.));
#378 = LINE('',#379,#380);
#379 = CARTESIAN_POINT('',(-61.76188021535,30.,10.));
#380 = VECTOR('',#381,1.);
#381 = DIRECTION('',(6.123233995737E-17,1.,0.));
#382 = ORIENTED_EDGE('',*,*,#383,.F.);
#383 = EDGE_CURVE('',#384,#376,#386,.T.);
#384 = VERTEX_POINT('',#385);
#385 = CARTESIAN_POINT('',(-59.5,0.738119784648,10.));
#386 = CIRCLE('',#387,2.261880215352);
#387 = AXIS2_PLACEMENT_3D('',#388,#389,#390);
#388 = CARTESIAN_POINT('',(-59.5,3.,10.));
#389 = DIRECTION('',(-0.,-0.,-1.));
#390 = DIRECTION('',(0.,-1.,0.));
#391 = ORIENTED_EDGE('',*,*,#392,.F.);
#392 = EDGE_CURVE('',#393,#384,#395,.T.);
#393 = VERTEX_POINT('',#394);
#394 = CARTESIAN_POINT('',(-16.6,0.738119784648,10.));
#395 = LINE('',#396,#397);
#396 = CARTESIAN_POINT('',(-42.5,0.738119784648,10.));
#397 = VECTOR('',#398,1.);
#398 = DIRECTION('',(-1.,1.224646799147E-16,0.));
#399 = ORIENTED_EDGE('',*,*,#400,.F.);
#400 = EDGE_CURVE('',#274,#393,#401,.T.);
#401 = CIRCLE('',#402,1.338119784648);
#402 = AXIS2_PLACEMENT_3D('',#403,#404,#405);
#403 = CARTESIAN_POINT('',(-16.6,-0.6,10.));
#404 = DIRECTION('',(-0.,0.,1.));
#405 = DIRECTION('',(0.,-1.,0.));
#406 = PLANE('',#407);
#407 = AXIS2_PLACEMENT_3D('',#408,#409,#410);
#408 = CARTESIAN_POINT('',(-1.10341590081E-15,7.723796167422,10.));
#409 = DIRECTION('',(-0.,-0.,-1.));
#410 = DIRECTION('',(-1.,0.,0.));
#411 = ADVANCED_FACE('',(#412),#430,.F.);
#412 = FACE_BOUND('',#413,.F.);
#413 = EDGE_LOOP('',(#414,#422,#428,#429));
#414 = ORIENTED_EDGE('',*,*,#415,.T.);
#415 = EDGE_CURVE('',#152,#416,#418,.T.);
#416 = VERTEX_POINT('',#417);
#417 = CARTESIAN_POINT('',(-16.,-0.6,16.499999999793));
#418 = LINE('',#419,#420);
#419 = CARTESIAN_POINT('',(-16.,-0.6,10.));
#420 = VECTOR('',#421,1.);
#421 = DIRECTION('',(0.,0.,1.));
#422 = ORIENTED_EDGE('',*,*,#423,.T.);
#423 = EDGE_CURVE('',#416,#41,#424,.T.);
#424 = LINE('',#425,#426);
#425 = CARTESIAN_POINT('',(-16.,-0.599999999987,16.499999999793));
#426 = VECTOR('',#427,1.);
#427 = DIRECTION('',(0.,-1.,0.));
#428 = ORIENTED_EDGE('',*,*,#40,.F.);
#429 = ORIENTED_EDGE('',*,*,#151,.F.);
#430 = PLANE('',#431);
#431 = AXIS2_PLACEMENT_3D('',#432,#433,#434);
#432 = CARTESIAN_POINT('',(-16.,0.,10.));
#433 = DIRECTION('',(1.,0.,0.));
#434 = DIRECTION('',(0.,-1.,0.));
#435 = ADVANCED_FACE('',(#436),#458,.T.);
#436 = FACE_BOUND('',#437,.T.);
#437 = EDGE_LOOP('',(#438,#439,#440,#448));
#438 = ORIENTED_EDGE('',*,*,#66,.F.);
#439 = ORIENTED_EDGE('',*,*,#261,.T.);
#440 = ORIENTED_EDGE('',*,*,#441,.T.);
#441 = EDGE_CURVE('',#254,#442,#444,.T.);
#442 = VERTEX_POINT('',#443);
#443 = CARTESIAN_POINT('',(16.,-27.,16.499999999621));
#444 = LINE('',#445,#446);
#445 = CARTESIAN_POINT('',(16.,-27.,10.));
#446 = VECTOR('',#447,1.);
#447 = DIRECTION('',(-2.22044604925E-16,2.465190328816E-32,1.));
#448 = ORIENTED_EDGE('',*,*,#449,.F.);
#449 = EDGE_CURVE('',#69,#442,#450,.T.);
#450 = ( BOUNDED_CURVE() B_SPLINE_CURVE(6,(#451,#452,#453,#454,#455,#456
,#457),.UNSPECIFIED.,.F.,.F.) B_SPLINE_CURVE_WITH_KNOTS((7,7),(
82.063866776462,86.776255756846),.PIECEWISE_BEZIER_KNOTS.) CURVE() 
GEOMETRIC_REPRESENTATION_ITEM() RATIONAL_B_SPLINE_CURVE((1.,1.,1.,1.,1.,
1.,1.)) REPRESENTATION_ITEM('') );
#451 = CARTESIAN_POINT('',(13.,-30.,16.499999999615));
#452 = CARTESIAN_POINT('',(13.78539456795,-30.,16.499999999615));
#453 = CARTESIAN_POINT('',(14.570735425585,-29.75331885412,
    16.499999999615));
#454 = CARTESIAN_POINT('',(15.259565528542,-29.25956552854,
    16.499999999616));
#455 = CARTESIAN_POINT('',(15.75331885412,-28.57073542558,
    16.499999999618));
#456 = CARTESIAN_POINT('',(16.,-27.78539456795,16.49999999962));
#457 = CARTESIAN_POINT('',(16.,-27.,16.499999999621));
#458 = CYLINDRICAL_SURFACE('',#459,3.);
#459 = AXIS2_PLACEMENT_3D('',#460,#461,#462);
#460 = CARTESIAN_POINT('',(13.,-27.,10.));
#461 = DIRECTION('',(-2.22044604925E-16,2.465190328816E-32,1.));
#462 = DIRECTION('',(-2.22044604925E-16,-1.,-2.465190328816E-32));
#463 = ADVANCED_FACE('',(#464),#483,.T.);
#464 = FACE_BOUND('',#465,.F.);
#465 = EDGE_LOOP('',(#466,#467,#475,#482));
#466 = ORIENTED_EDGE('',*,*,#118,.T.);
#467 = ORIENTED_EDGE('',*,*,#468,.T.);
#468 = EDGE_CURVE('',#107,#469,#471,.T.);
#469 = VERTEX_POINT('',#470);
#470 = CARTESIAN_POINT('',(13.,-28.00000000001,18.499999999615));
#471 = LINE('',#472,#473);
#472 = CARTESIAN_POINT('',(-13.,-28.00000000001,18.499999999615));
#473 = VECTOR('',#474,1.);
#474 = DIRECTION('',(1.,-2.22044604925E-16,2.22044604925E-16));
#475 = ORIENTED_EDGE('',*,*,#476,.F.);
#476 = EDGE_CURVE('',#69,#469,#477,.T.);
#477 = CIRCLE('',#478,2.);
#478 = AXIS2_PLACEMENT_3D('',#479,#480,#481);
#479 = CARTESIAN_POINT('',(13.,-28.,16.499999999615));
#480 = DIRECTION('',(-1.,2.22044604925E-16,-2.22044604925E-16));
#481 = DIRECTION('',(-2.22044604925E-16,-1.,-4.930380657631E-32));
#482 = ORIENTED_EDGE('',*,*,#76,.F.);
#483 = CYLINDRICAL_SURFACE('',#484,2.);
#484 = AXIS2_PLACEMENT_3D('',#485,#486,#487);
#485 = CARTESIAN_POINT('',(-13.,-28.,16.499999999615));
#486 = DIRECTION('',(1.,-2.22044604925E-16,2.22044604925E-16));
#487 = DIRECTION('',(-2.22044604925E-16,-1.,-4.930380657631E-32));
#488 = ADVANCED_FACE('',(#489),#507,.T.);
#489 = FACE_BOUND('',#490,.F.);
#490 = EDGE_LOOP('',(#491,#499,#505,#506));
#491 = ORIENTED_EDGE('',*,*,#492,.T.);
#492 = EDGE_CURVE('',#416,#493,#495,.T.);
#493 = VERTEX_POINT('',#494);
#494 = CARTESIAN_POINT('',(-14.,-0.6,18.499999999793));
#495 = ( BOUNDED_CURVE() B_SPLINE_CURVE(2,(#496,#497,#498),
.UNSPECIFIED.,.F.,.F.) B_SPLINE_CURVE_WITH_KNOTS((3,3),(0.,
0.942477796077),.PIECEWISE_BEZIER_KNOTS.) CURVE() 
GEOMETRIC_REPRESENTATION_ITEM() RATIONAL_B_SPLINE_CURVE((1.,
0.707106781187,1.)) REPRESENTATION_ITEM('') );
#496 = CARTESIAN_POINT('',(-16.,-0.6,16.499999999793));
#497 = CARTESIAN_POINT('',(-16.,-0.6,18.499999999793));
#498 = CARTESIAN_POINT('',(-14.,-0.6,18.499999999793));
#499 = ORIENTED_EDGE('',*,*,#500,.T.);
#500 = EDGE_CURVE('',#493,#98,#501,.T.);
#501 = LINE('',#502,#503);
#502 = CARTESIAN_POINT('',(-14.,-0.599999999987,18.499999999793));
#503 = VECTOR('',#504,1.);
#504 = DIRECTION('',(0.,-1.,0.));
#505 = ORIENTED_EDGE('',*,*,#97,.F.);
#506 = ORIENTED_EDGE('',*,*,#423,.F.);
#507 = CYLINDRICAL_SURFACE('',#508,2.);
#508 = AXIS2_PLACEMENT_3D('',#509,#510,#511);
#509 = CARTESIAN_POINT('',(-14.,-0.599999999987,16.499999999793));
#510 = DIRECTION('',(0.,-1.,0.));
#511 = DIRECTION('',(-1.,0.,0.));
#512 = ADVANCED_FACE('',(#513),#600,.T.);
#513 = FACE_BOUND('',#514,.T.);
#514 = EDGE_LOOP('',(#515,#525,#535,#536,#537,#538,#550,#558,#570,#578,
    #586,#594));
#515 = ORIENTED_EDGE('',*,*,#516,.T.);
#516 = EDGE_CURVE('',#517,#519,#521,.T.);
#517 = VERTEX_POINT('',#518);
#518 = CARTESIAN_POINT('',(-39.48229832136,1.999999999987,18.49999999981
    ));
#519 = VERTEX_POINT('',#520);
#520 = CARTESIAN_POINT('',(-16.6,1.999999999987,18.49999999981));
#521 = LINE('',#522,#523);
#522 = CARTESIAN_POINT('',(-40.609,1.999999999987,18.49999999981));
#523 = VECTOR('',#524,1.);
#524 = DIRECTION('',(1.,0.,0.));
#525 = ORIENTED_EDGE('',*,*,#526,.T.);
#526 = EDGE_CURVE('',#519,#493,#527,.T.);
#527 = ( BOUNDED_CURVE() B_SPLINE_CURVE(6,(#528,#529,#530,#531,#532,#533
,#534),.UNSPECIFIED.,.F.,.F.) B_SPLINE_CURVE_WITH_KNOTS((7,7),(24.009,
24.951477796077),.PIECEWISE_BEZIER_KNOTS.) CURVE() 
GEOMETRIC_REPRESENTATION_ITEM() RATIONAL_B_SPLINE_CURVE((1.,1.,1.,1.,1.,
1.,1.)) REPRESENTATION_ITEM('') );
#528 = CARTESIAN_POINT('',(-16.6,1.999999999987,18.49999999981));
#529 = CARTESIAN_POINT('',(-15.91932470778,1.999999999987,18.49999999981
    ));
#530 = CARTESIAN_POINT('',(-15.2386959645,1.78620967356,18.499999999809)
  );
#531 = CARTESIAN_POINT('',(-14.64170987527,1.35829012473,18.499999999806
    ));
#532 = CARTESIAN_POINT('',(-14.21379032643,0.761304035505,
    18.499999999802));
#533 = CARTESIAN_POINT('',(-14.,8.067529222311E-02,18.499999999798));
#534 = CARTESIAN_POINT('',(-14.,-0.6,18.499999999793));
#535 = ORIENTED_EDGE('',*,*,#500,.T.);
#536 = ORIENTED_EDGE('',*,*,#106,.T.);
#537 = ORIENTED_EDGE('',*,*,#468,.T.);
#538 = ORIENTED_EDGE('',*,*,#539,.T.);
#539 = EDGE_CURVE('',#469,#540,#542,.T.);
#540 = VERTEX_POINT('',#541);
#541 = CARTESIAN_POINT('',(14.,-27.,18.499999999621));
#542 = ( BOUNDED_CURVE() B_SPLINE_CURVE(6,(#543,#544,#545,#546,#547,#548
,#549),.UNSPECIFIED.,.F.,.F.) B_SPLINE_CURVE_WITH_KNOTS((7,7),(
82.063866776462,86.776255756846),.PIECEWISE_BEZIER_KNOTS.) CURVE() 
GEOMETRIC_REPRESENTATION_ITEM() RATIONAL_B_SPLINE_CURVE((1.,1.,1.,1.,1.,
1.,1.)) REPRESENTATION_ITEM('') );
#543 = CARTESIAN_POINT('',(13.,-28.00000000001,18.499999999615));
#544 = CARTESIAN_POINT('',(13.26179818932,-28.00000000001,
    18.499999999615));
#545 = CARTESIAN_POINT('',(13.523578475202,-27.91777295138,
    18.499999999615));
#546 = CARTESIAN_POINT('',(13.753188509523,-27.75318850952,
    18.499999999616));
#547 = CARTESIAN_POINT('',(13.91777295138,-27.52357847519,
    18.499999999618));
#548 = CARTESIAN_POINT('',(14.000000000003,-27.26179818931,
    18.49999999962));
#549 = CARTESIAN_POINT('',(14.,-27.,18.499999999621));
#550 = ORIENTED_EDGE('',*,*,#551,.T.);
#551 = EDGE_CURVE('',#540,#552,#554,.T.);
#552 = VERTEX_POINT('',#553);
#553 = CARTESIAN_POINT('',(14.,-0.6,18.499999999621));
#554 = LINE('',#555,#556);
#555 = CARTESIAN_POINT('',(14.,-26.99999999998,18.499999999621));
#556 = VECTOR('',#557,1.);
#557 = DIRECTION('',(2.22044604925E-16,1.,2.465190328816E-32));
#558 = ORIENTED_EDGE('',*,*,#559,.T.);
#559 = EDGE_CURVE('',#552,#560,#562,.T.);
#560 = VERTEX_POINT('',#561);
#561 = CARTESIAN_POINT('',(16.6,1.999999999987,18.49999999981));
#562 = ( BOUNDED_CURVE() B_SPLINE_CURVE(6,(#563,#564,#565,#566,#567,#568
,#569),.UNSPECIFIED.,.F.,.F.) B_SPLINE_CURVE_WITH_KNOTS((7,7),(
113.17625575684,114.11873355292),.PIECEWISE_BEZIER_KNOTS.) CURVE() 
GEOMETRIC_REPRESENTATION_ITEM() RATIONAL_B_SPLINE_CURVE((1.,1.,1.,1.,1.,
1.,1.)) REPRESENTATION_ITEM('') );
#563 = CARTESIAN_POINT('',(14.,-0.6,18.499999999793));
#564 = CARTESIAN_POINT('',(14.000000000003,8.06752922231E-02,
    18.499999999798));
#565 = CARTESIAN_POINT('',(14.213790326436,0.761304035505,
    18.499999999802));
#566 = CARTESIAN_POINT('',(14.641709875272,1.35829012473,18.499999999806
    ));
#567 = CARTESIAN_POINT('',(15.2386959645,1.78620967356,18.499999999809)
  );
#568 = CARTESIAN_POINT('',(15.91932470778,1.999999999987,18.49999999981)
  );
#569 = CARTESIAN_POINT('',(16.6,1.999999999987,18.49999999981));
#570 = ORIENTED_EDGE('',*,*,#571,.T.);
#571 = EDGE_CURVE('',#560,#572,#574,.T.);
#572 = VERTEX_POINT('',#573);
#573 = CARTESIAN_POINT('',(39.482298321368,1.999999999987,18.49999999981
    ));
#574 = LINE('',#575,#576);
#575 = CARTESIAN_POINT('',(16.6,1.999999999987,18.49999999981));
#576 = VECTOR('',#577,1.);
#577 = DIRECTION('',(1.,-2.22044604925E-16,2.22044604925E-16));
#578 = ORIENTED_EDGE('',*,*,#579,.T.);
#579 = EDGE_CURVE('',#572,#580,#582,.T.);
#580 = VERTEX_POINT('',#581);
#581 = CARTESIAN_POINT('',(39.482298321368,27.999999999987,
    18.499999999797));
#582 = LINE('',#583,#584);
#583 = CARTESIAN_POINT('',(39.482298321368,-8.587324450161E-12,
    18.499999999797));
#584 = VECTOR('',#585,1.);
#585 = DIRECTION('',(2.22044604925E-16,1.,-2.22044604925E-16));
#586 = ORIENTED_EDGE('',*,*,#587,.T.);
#587 = EDGE_CURVE('',#580,#588,#590,.T.);
#588 = VERTEX_POINT('',#589);
#589 = CARTESIAN_POINT('',(-39.48229832136,27.999999999987,
    18.499999999979));
#590 = LINE('',#591,#592);
#591 = CARTESIAN_POINT('',(40.609,27.999999999987,18.499999999979));
#592 = VECTOR('',#593,1.);
#593 = DIRECTION('',(-1.,-0.,-0.));
#594 = ORIENTED_EDGE('',*,*,#595,.F.);
#595 = EDGE_CURVE('',#517,#588,#596,.T.);
#596 = LINE('',#597,#598);
#597 = CARTESIAN_POINT('',(-39.48229832136,-8.578692843993E-12,
    18.499999999797));
#598 = VECTOR('',#599,1.);
#599 = DIRECTION('',(0.,1.,-2.22044604925E-16));
#600 = PLANE('',#601);
#601 = AXIS2_PLACEMENT_3D('',#602,#603,#604);
#602 = CARTESIAN_POINT('',(-1.856090925393E-15,5.581747128223,
    18.499999999833));
#603 = DIRECTION('',(0.,-6.513139566922E-12,1.));
#604 = DIRECTION('',(0.,1.,6.513139566922E-12));
#605 = ADVANCED_FACE('',(#606),#628,.F.);
#606 = FACE_BOUND('',#607,.F.);
#607 = EDGE_LOOP('',(#608,#609,#610,#618));
#608 = ORIENTED_EDGE('',*,*,#415,.F.);
#609 = ORIENTED_EDGE('',*,*,#159,.T.);
#610 = ORIENTED_EDGE('',*,*,#611,.T.);
#611 = EDGE_CURVE('',#160,#612,#614,.T.);
#612 = VERTEX_POINT('',#613);
#613 = CARTESIAN_POINT('',(-16.6,0.,16.49999999981));
#614 = LINE('',#615,#616);
#615 = CARTESIAN_POINT('',(-16.6,1.110223024625E-16,10.));
#616 = VECTOR('',#617,1.);
#617 = DIRECTION('',(0.,0.,1.));
#618 = ORIENTED_EDGE('',*,*,#619,.T.);
#619 = EDGE_CURVE('',#612,#416,#620,.T.);
#620 = ( BOUNDED_CURVE() B_SPLINE_CURVE(6,(#621,#622,#623,#624,#625,#626
,#627),.UNSPECIFIED.,.F.,.F.) B_SPLINE_CURVE_WITH_KNOTS((7,7),(24.009,
24.951477796077),.PIECEWISE_BEZIER_KNOTS.) CURVE() 
GEOMETRIC_REPRESENTATION_ITEM() RATIONAL_B_SPLINE_CURVE((1.,1.,1.,1.,1.,
1.,1.)) REPRESENTATION_ITEM('') );
#621 = CARTESIAN_POINT('',(-16.6,1.110223024625E-16,16.49999999981));
#622 = CARTESIAN_POINT('',(-16.44292108641,-2.997602166488E-15,
    16.49999999981));
#623 = CARTESIAN_POINT('',(-16.28585291488,-4.933622917595E-02,
    16.499999999809));
#624 = CARTESIAN_POINT('',(-16.14808689429,-0.148086894292,
    16.499999999806));
#625 = CARTESIAN_POINT('',(-16.04933622917,-0.285852914883,
    16.499999999802));
#626 = CARTESIAN_POINT('',(-16.,-0.44292108641,16.499999999798));
#627 = CARTESIAN_POINT('',(-16.,-0.6,16.499999999793));
#628 = CYLINDRICAL_SURFACE('',#629,0.6);
#629 = AXIS2_PLACEMENT_3D('',#630,#631,#632);
#630 = CARTESIAN_POINT('',(-16.6,-0.6,10.));
#631 = DIRECTION('',(0.,0.,1.));
#632 = DIRECTION('',(1.,0.,0.));
#633 = ADVANCED_FACE('',(#634),#675,.T.);
#634 = FACE_BOUND('',#635,.T.);
#635 = EDGE_LOOP('',(#636,#637,#645,#660,#668,#674));
#636 = ORIENTED_EDGE('',*,*,#611,.T.);
#637 = ORIENTED_EDGE('',*,*,#638,.F.);
#638 = EDGE_CURVE('',#639,#612,#641,.T.);
#639 = VERTEX_POINT('',#640);
#640 = CARTESIAN_POINT('',(-39.46112099651,0.,16.49999999981));
#641 = LINE('',#642,#643);
#642 = CARTESIAN_POINT('',(-40.609,0.,16.49999999981));
#643 = VECTOR('',#644,1.);
#644 = DIRECTION('',(1.,0.,0.));
#645 = ORIENTED_EDGE('',*,*,#646,.F.);
#646 = EDGE_CURVE('',#647,#639,#649,.T.);
#647 = VERTEX_POINT('',#648);
#648 = CARTESIAN_POINT('',(-42.86416167885,1.232347557334E-14,18.5));
#649 = B_SPLINE_CURVE_WITH_KNOTS('',9,(#650,#651,#652,#653,#654,#655,
    #656,#657,#658,#659),.UNSPECIFIED.,.F.,.F.,(10,10),(0.,1.),
  .PIECEWISE_BEZIER_KNOTS.);
#650 = CARTESIAN_POINT('',(-42.86416167885,0.,18.5));
#651 = CARTESIAN_POINT('',(-42.41271086524,0.,18.5));
#652 = CARTESIAN_POINT('',(-41.96132767421,0.,18.327309286101));
#653 = CARTESIAN_POINT('',(-41.5851266955,0.,18.017014121302));
#654 = CARTESIAN_POINT('',(-41.30631071473,0.,17.672993503329));
#655 = CARTESIAN_POINT('',(-41.01897196063,0.,17.327006496481));
#656 = CARTESIAN_POINT('',(-40.74015597986,0.,16.982985878508));
#657 = CARTESIAN_POINT('',(-40.36395500115,0.,16.672690713709));
#658 = CARTESIAN_POINT('',(-39.91257181012,0.,16.49999999981));
#659 = CARTESIAN_POINT('',(-39.46112099651,0.,16.49999999981));
#660 = ORIENTED_EDGE('',*,*,#661,.T.);
#661 = EDGE_CURVE('',#647,#662,#664,.T.);
#662 = VERTEX_POINT('',#663);
#663 = CARTESIAN_POINT('',(-59.5,-4.440892098501E-16,18.5));
#664 = LINE('',#665,#666);
#665 = CARTESIAN_POINT('',(0.,0.,18.5));
#666 = VECTOR('',#667,1.);
#667 = DIRECTION('',(-1.,-0.,-0.));
#668 = ORIENTED_EDGE('',*,*,#669,.F.);
#669 = EDGE_CURVE('',#169,#662,#670,.T.);
#670 = LINE('',#671,#672);
#671 = CARTESIAN_POINT('',(-59.5,-4.440892098501E-16,10.));
#672 = VECTOR('',#673,1.);
#673 = DIRECTION('',(0.,0.,1.));
#674 = ORIENTED_EDGE('',*,*,#168,.T.);
#675 = PLANE('',#676);
#676 = AXIS2_PLACEMENT_3D('',#677,#678,#679);
#677 = CARTESIAN_POINT('',(-39.25,0.,22.));
#678 = DIRECTION('',(-0.,-1.,-0.));
#679 = DIRECTION('',(0.,0.,-1.));
#680 = ADVANCED_FACE('',(#681),#806,.T.);
#681 = FACE_BOUND('',#682,.T.);
#682 = EDGE_LOOP('',(#683,#694,#700,#701,#702,#765));
#683 = ORIENTED_EDGE('',*,*,#684,.F.);
#684 = EDGE_CURVE('',#685,#687,#689,.T.);
#685 = VERTEX_POINT('',#686);
#686 = CARTESIAN_POINT('',(-62.5,3.,18.4999999));
#687 = VERTEX_POINT('',#688);
#688 = CARTESIAN_POINT('',(-62.49993205798,2.97980971861,18.500525675635
    ));
#689 = ELLIPSE('',#690,23.442750862607,3.);
#690 = AXIS2_PLACEMENT_3D('',#691,#692,#693);
#691 = CARTESIAN_POINT('',(-59.5,3.,41.7500005875));
#692 = DIRECTION('',(-0.991777867656,2.841534334768E-17,0.127971329712)
  );
#693 = DIRECTION('',(0.127971329712,-3.666495685195E-18,0.991777867656)
  );
#694 = ORIENTED_EDGE('',*,*,#695,.F.);
#695 = EDGE_CURVE('',#177,#685,#696,.T.);
#696 = LINE('',#697,#698);
#697 = CARTESIAN_POINT('',(-62.5,3.,10.));
#698 = VECTOR('',#699,1.);
#699 = DIRECTION('',(0.,0.,1.));
#700 = ORIENTED_EDGE('',*,*,#176,.T.);
#701 = ORIENTED_EDGE('',*,*,#669,.T.);
#702 = ORIENTED_EDGE('',*,*,#703,.F.);
#703 = EDGE_CURVE('',#704,#662,#706,.T.);
#704 = VERTEX_POINT('',#705);
#705 = CARTESIAN_POINT('',(-59.50173776361,5.033616324554E-07,
    18.500007307882));
#706 = B_SPLINE_CURVE_WITH_KNOTS('',8,(#707,#708,#709,#710,#711,#712,
    #713,#714,#715,#716,#717,#718,#719,#720,#721,#722,#723,#724,#725,
    #726,#727,#728,#729,#730,#731,#732,#733,#734,#735,#736,#737,#738,
    #739,#740,#741,#742,#743,#744,#745,#746,#747,#748,#749,#750,#751,
    #752,#753,#754,#755,#756,#757,#758,#759,#760,#761,#762,#763,#764),
  .UNSPECIFIED.,.F.,.F.,(9,7,7,7,7,7,7,7,9),(0.,0.333111698917,
    0.658843866367,0.758809253413,0.866637539472,0.929552104263,
    0.965671484571,0.982546178248,1.),.UNSPECIFIED.);
#707 = CARTESIAN_POINT('',(-62.48947437331,2.748916405783,
    28.959160304261));
#708 = CARTESIAN_POINT('',(-62.46725804131,2.48440228889,28.535050929316
    ));
#709 = CARTESIAN_POINT('',(-62.42015958805,2.244336667821,
    28.104582226157));
#710 = CARTESIAN_POINT('',(-62.35585900873,2.026081694766,
    27.669554029702));
#711 = CARTESIAN_POINT('',(-62.27872688359,1.827409897631,27.23153359344
    ));
#712 = CARTESIAN_POINT('',(-62.19202653032,1.64625681284,26.791630403415
    ));
#713 = CARTESIAN_POINT('',(-62.0978886734,1.480782385187,26.35046740323)
  );
#714 = CARTESIAN_POINT('',(-61.99783334799,1.329322333054,
    25.908137247148));
#715 = CARTESIAN_POINT('',(-61.79004233057,1.054566306074,
    25.030073324621));
#716 = CARTESIAN_POINT('',(-61.68267491365,0.930916633612,
    24.595037038675));
#717 = CARTESIAN_POINT('',(-61.57169617434,0.818201999542,
    24.159246267597));
#718 = CARTESIAN_POINT('',(-61.45774451159,0.715421677708,
    23.722884892584));
#719 = CARTESIAN_POINT('',(-61.34123181555,0.621730999393,
    23.286126186534));
#720 = CARTESIAN_POINT('',(-61.22230239461,0.536408648716,
    22.849151447385));
#721 = CARTESIAN_POINT('',(-61.10090460567,0.45882731731,22.412134757282
    ));
#722 = CARTESIAN_POINT('',(-60.93819636194,0.366842639919,
    21.841312696538));
#723 = CARTESIAN_POINT('',(-60.89969701666,0.345920677846,21.70729493887
    ));
#724 = CARTESIAN_POINT('',(-60.86088878965,0.325661650138,
    21.573313252139));
#725 = CARTESIAN_POINT('',(-60.82174839439,0.306050796718,21.4393788455)
  );
#726 = CARTESIAN_POINT('',(-60.78224666753,0.287074137678,
    21.305505031033));
#727 = CARTESIAN_POINT('',(-60.74234662167,0.2687184334,21.171707837584)
  );
#728 = CARTESIAN_POINT('',(-60.70200000753,0.250971177165,
    21.038007092177));
#729 = CARTESIAN_POINT('',(-60.61707105724,0.215321065443,
    20.760342017503));
#730 = CARTESIAN_POINT('',(-60.57240783423,0.197516813639,
    20.616405671277));
#731 = CARTESIAN_POINT('',(-60.52706800257,0.180392013386,
    20.472643253161));
#732 = CARTESIAN_POINT('',(-60.48095049926,0.163932800534,
    20.329091425926));
#733 = CARTESIAN_POINT('',(-60.43391685003,0.148127394578,
    20.185806886129));
#734 = CARTESIAN_POINT('',(-60.38578943908,0.132965783249,
    20.042866887847));
#735 = CARTESIAN_POINT('',(-60.33631985868,0.118440031819,
    19.900380242557));
#736 = CARTESIAN_POINT('',(-60.25518005284,9.643965152687E-02,
    19.67575901103));
#737 = CARTESIAN_POINT('',(-60.22468479702,8.854980503632E-02,
    19.593223420965));
#738 = CARTESIAN_POINT('',(-60.19350077142,8.087460159349E-02,
    19.510943318775));
#739 = CARTESIAN_POINT('',(-60.1615237743,7.341365119519E-02,
    19.428960861987));
#740 = CARTESIAN_POINT('',(-60.12861414333,6.616868365731E-02,
    19.347347274045));
#741 = CARTESIAN_POINT('',(-60.09459743453,5.914322701297E-02,
    19.266202326541));
#742 = CARTESIAN_POINT('',(-60.05923296725,5.23431638376E-02,
    19.185667740874));
#743 = CARTESIAN_POINT('',(-60.00077341126,4.201170005777E-02,
    19.060230321826));
#744 = CARTESIAN_POINT('',(-59.97888044178,3.83238894526E-02,
    19.014787386918));
#745 = CARTESIAN_POINT('',(-59.956324465,3.471664078221E-02,
    18.969674861704));
#746 = CARTESIAN_POINT('',(-59.93300669506,3.119254310346E-02,
    18.92494537873));
#747 = CARTESIAN_POINT('',(-59.90879954907,2.775714914662E-02,
    18.88069400089));
#748 = CARTESIAN_POINT('',(-59.88354894108,2.441858981274E-02,
    18.837056386959));
#749 = CARTESIAN_POINT('',(-59.8570464572,2.118837812259E-02,
    18.794224836333));
#750 = CARTESIAN_POINT('',(-59.81577623099,1.663609785926E-02,
    18.733029792229));
#751 = CARTESIAN_POINT('',(-59.80210200268,1.519469533816E-02,
    18.713524319904));
#752 = CARTESIAN_POINT('',(-59.78783652273,1.376480399467E-02,
    18.694044668391));
#753 = CARTESIAN_POINT('',(-59.77288778371,1.234670517433E-02,
    18.674595508265));
#754 = CARTESIAN_POINT('',(-59.75709859991,1.094013700883E-02,
    18.655175343681));
#755 = CARTESIAN_POINT('',(-59.74025139082,9.544017494976E-03,
    18.6357695712));
#756 = CARTESIAN_POINT('',(-59.72202728086,8.158865539303E-03,
    18.616384486896));
#757 = CARTESIAN_POINT('',(-59.68095449146,5.389249289075E-03,
    18.577366250957));
#758 = CARTESIAN_POINT('',(-59.65894573383,4.072497777784E-03,
    18.558677881785));
#759 = CARTESIAN_POINT('',(-59.63561804839,2.864927696813E-03,
    18.541419092095));
#760 = CARTESIAN_POINT('',(-59.61086589586,1.802921011308E-03,
    18.526136659289));
#761 = CARTESIAN_POINT('',(-59.58469131168,9.335748048893E-04,
    18.51355496869));
#762 = CARTESIAN_POINT('',(-59.5572060137,3.142252307834E-04,
    18.50456164572));
#763 = CARTESIAN_POINT('',(-59.52871736045,-7.970838782646E-13,
    18.499999999988));
#764 = CARTESIAN_POINT('',(-59.49999999983,0.,18.5));
#765 = ORIENTED_EDGE('',*,*,#766,.T.);
#766 = EDGE_CURVE('',#704,#687,#767,.T.);
#767 = B_SPLINE_CURVE_WITH_KNOTS('',7,(#768,#769,#770,#771,#772,#773,
    #774,#775,#776,#777,#778,#779,#780,#781,#782,#783,#784,#785,#786,
    #787,#788,#789,#790,#791,#792,#793,#794,#795,#796,#797,#798,#799,
    #800,#801,#802,#803,#804,#805),.UNSPECIFIED.,.F.,.F.,(8,6,6,6,6,6,8)
  ,(0.,0.250728838945,0.313791369322,0.376898994489,0.503189613959,
    0.751476285099,1.),.UNSPECIFIED.);
#768 = CARTESIAN_POINT('',(-59.50173841125,5.036789892943E-07,
    18.500002067568));
#769 = CARTESIAN_POINT('',(-59.65458401179,8.907319782236E-05,
    18.501289698122));
#770 = CARTESIAN_POINT('',(-59.810778092,9.264693045598E-03,
    18.504093597871));
#771 = CARTESIAN_POINT('',(-59.9695803042,2.8244808331E-02,
    18.507763533097));
#772 = CARTESIAN_POINT('',(-60.13002672364,5.767873879154E-02,
    18.51196841475));
#773 = CARTESIAN_POINT('',(-60.29096492447,9.80659453362E-02,
    18.516426018058));
#774 = CARTESIAN_POINT('',(-60.45109608404,0.149680686638,18.52092589684
    ));
#775 = CARTESIAN_POINT('',(-60.64879484514,0.228340048141,18.5263832659)
  );
#776 = CARTESIAN_POINT('',(-60.6883893672,0.244859003333,18.527471446901
    ));
#777 = CARTESIAN_POINT('',(-60.72782554636,0.262088998088,
    18.528546767379));
#778 = CARTESIAN_POINT('',(-60.76708122332,0.280028968617,
    18.529609483689));
#779 = CARTESIAN_POINT('',(-60.80613440306,0.298676890665,
    18.530657337928));
#780 = CARTESIAN_POINT('',(-60.84496336666,0.31802977168,18.531685350272
    ));
#781 = CARTESIAN_POINT('',(-60.92215620836,0.358151180077,
    18.533700270743));
#782 = CARTESIAN_POINT('',(-60.96051981941,0.378920726159,
    18.534686850988));
#783 = CARTESIAN_POINT('',(-60.9986147071,0.400387699398,18.535649710148
    ));
#784 = CARTESIAN_POINT('',(-61.03641893777,0.422546723263,
    18.536586495298));
#785 = CARTESIAN_POINT('',(-61.07391076277,0.445391289467,
    18.537494981599));
#786 = CARTESIAN_POINT('',(-61.11106861848,0.468913757972,
    18.538373072298));
#787 = CARTESIAN_POINT('',(-61.22152009494,0.541517446931,
    18.540911261646));
#788 = CARTESIAN_POINT('',(-61.29374626672,0.59260925197,18.542474101193
    ));
#789 = CARTESIAN_POINT('',(-61.36437902263,0.646310716937,
    18.543891499855));
#790 = CARTESIAN_POINT('',(-61.43325340512,0.702533394984,
    18.545149557641));
#791 = CARTESIAN_POINT('',(-61.50021286305,0.761171886759,
    18.546236237672));
#792 = CARTESIAN_POINT('',(-61.56511199656,0.822105279587,
    18.547141311765));
#793 = CARTESIAN_POINT('',(-61.75110152357,1.009239685238,
    18.549261980839));
#794 = CARTESIAN_POINT('',(-61.86591348884,1.14163068511,18.549932995806
    ));
#795 = CARTESIAN_POINT('',(-61.97125275508,1.281347670192,
    18.549804951425));
#796 = CARTESIAN_POINT('',(-62.06632516221,1.427162713878,
    18.548839869665));
#797 = CARTESIAN_POINT('',(-62.15060984975,1.577725975054,
    18.547024740035));
#798 = CARTESIAN_POINT('',(-62.22387469815,1.731651956829,
    18.544367748322));
#799 = CARTESIAN_POINT('',(-62.34846913864,2.043716795039,
    18.537413309492));
#800 = CARTESIAN_POINT('',(-62.39977907394,2.201861942367,
    18.533114252109));
#801 = CARTESIAN_POINT('',(-62.44009357008,2.360711596345,
    18.528018245229));
#802 = CARTESIAN_POINT('',(-62.46969661702,2.518986984785,
    18.522163791108));
#803 = CARTESIAN_POINT('',(-62.48908725621,2.675543912812,
    18.515598010906));
#804 = CARTESIAN_POINT('',(-62.49891985982,2.82941430569,18.508370211862
    ));
#805 = CARTESIAN_POINT('',(-62.49993205798,2.97980971861,18.500525675635
    ));
#806 = CYLINDRICAL_SURFACE('',#807,3.);
#807 = AXIS2_PLACEMENT_3D('',#808,#809,#810);
#808 = CARTESIAN_POINT('',(-59.5,3.,10.));
#809 = DIRECTION('',(0.,0.,1.));
#810 = DIRECTION('',(-1.,0.,0.));
#811 = ADVANCED_FACE('',(#812),#830,.F.);
#812 = FACE_BOUND('',#813,.F.);
#813 = EDGE_LOOP('',(#814,#815,#823,#829));
#814 = ORIENTED_EDGE('',*,*,#185,.F.);
#815 = ORIENTED_EDGE('',*,*,#816,.T.);
#816 = EDGE_CURVE('',#186,#817,#819,.T.);
#817 = VERTEX_POINT('',#818);
#818 = CARTESIAN_POINT('',(-62.5,27.,18.4999999));
#819 = LINE('',#820,#821);
#820 = CARTESIAN_POINT('',(-62.5,27.,10.));
#821 = VECTOR('',#822,1.);
#822 = DIRECTION('',(0.,0.,1.));
#823 = ORIENTED_EDGE('',*,*,#824,.F.);
#824 = EDGE_CURVE('',#685,#817,#825,.T.);
#825 = LINE('',#826,#827);
#826 = CARTESIAN_POINT('',(-62.4999999,1.887379119658E-15,18.4999999));
#827 = VECTOR('',#828,1.);
#828 = DIRECTION('',(0.,1.,-2.22044604925E-16));
#829 = ORIENTED_EDGE('',*,*,#695,.F.);
#830 = PLANE('',#831);
#831 = AXIS2_PLACEMENT_3D('',#832,#833,#834);
#832 = CARTESIAN_POINT('',(-62.5,30.,10.));
#833 = DIRECTION('',(1.,0.,0.));
#834 = DIRECTION('',(0.,-1.,0.));
#835 = ADVANCED_FACE('',(#836),#961,.T.);
#836 = FACE_BOUND('',#837,.F.);
#837 = EDGE_LOOP('',(#838,#847,#848,#849,#857,#920));
#838 = ORIENTED_EDGE('',*,*,#839,.F.);
#839 = EDGE_CURVE('',#817,#840,#842,.T.);
#840 = VERTEX_POINT('',#841);
#841 = CARTESIAN_POINT('',(-62.49993206543,27.020189174198,
    18.500525617886));
#842 = ELLIPSE('',#843,23.442750862607,3.);
#843 = AXIS2_PLACEMENT_3D('',#844,#845,#846);
#844 = CARTESIAN_POINT('',(-59.5,27.,41.7500005875));
#845 = DIRECTION('',(0.991777867656,-2.841534334768E-17,-0.127971329712)
  );
#846 = DIRECTION('',(0.127971329712,-3.666495685195E-18,0.991777867656)
  );
#847 = ORIENTED_EDGE('',*,*,#816,.F.);
#848 = ORIENTED_EDGE('',*,*,#193,.T.);
#849 = ORIENTED_EDGE('',*,*,#850,.T.);
#850 = EDGE_CURVE('',#194,#851,#853,.T.);
#851 = VERTEX_POINT('',#852);
#852 = CARTESIAN_POINT('',(-59.5,30.,18.5));
#853 = LINE('',#854,#855);
#854 = CARTESIAN_POINT('',(-59.5,30.,10.));
#855 = VECTOR('',#856,1.);
#856 = DIRECTION('',(0.,0.,1.));
#857 = ORIENTED_EDGE('',*,*,#858,.F.);
#858 = EDGE_CURVE('',#859,#851,#861,.T.);
#859 = VERTEX_POINT('',#860);
#860 = CARTESIAN_POINT('',(-59.50173774966,29.999999496646,
    18.500007307764));
#861 = B_SPLINE_CURVE_WITH_KNOTS('',8,(#862,#863,#864,#865,#866,#867,
    #868,#869,#870,#871,#872,#873,#874,#875,#876,#877,#878,#879,#880,
    #881,#882,#883,#884,#885,#886,#887,#888,#889,#890,#891,#892,#893,
    #894,#895,#896,#897,#898,#899,#900,#901,#902,#903,#904,#905,#906,
    #907,#908,#909,#910,#911,#912,#913,#914,#915,#916,#917,#918,#919),
  .UNSPECIFIED.,.F.,.F.,(9,7,7,7,7,7,7,7,9),(0.,0.333111698968,
    0.658843866415,0.758809253454,0.8666375395,0.929552104284,
    0.965671484589,0.982546178265,1.),.UNSPECIFIED.);
#862 = CARTESIAN_POINT('',(-62.4894743731,27.251083596701,
    28.959160300279));
#863 = CARTESIAN_POINT('',(-62.4672580409,27.515597713329,
    28.535050925384));
#864 = CARTESIAN_POINT('',(-62.42015958751,27.755663334163,
    28.10458222229));
#865 = CARTESIAN_POINT('',(-62.3558590081,27.973918307001,
    27.669554025942));
#866 = CARTESIAN_POINT('',(-62.2787268829,28.172590103961,
    27.231533589727));
#867 = CARTESIAN_POINT('',(-62.1920265296,28.353743188574,
    26.791630399854));
#868 = CARTESIAN_POINT('',(-62.09788867264,28.519217616091,
    26.350467399729));
#869 = CARTESIAN_POINT('',(-61.99783334722,28.67067766809,
    25.908137243764));
#870 = CARTESIAN_POINT('',(-61.79004232981,28.945433694818,
    25.030073321509));
#871 = CARTESIAN_POINT('',(-61.6826749129,29.069083367158,
    24.595037035742));
#872 = CARTESIAN_POINT('',(-61.57169617362,29.181798001128,
    24.159246264825));
#873 = CARTESIAN_POINT('',(-61.45774451091,29.284578322864,
    23.722884890012));
#874 = CARTESIAN_POINT('',(-61.34123181489,29.378269001102,
    23.28612618411));
#875 = CARTESIAN_POINT('',(-61.222302394,29.463591351704,22.849151445162
    ));
#876 = CARTESIAN_POINT('',(-61.1009046051,29.541172683048,
    22.412134755227));
#877 = CARTESIAN_POINT('',(-60.93819636142,29.633157360364,
    21.841312694731));
#878 = CARTESIAN_POINT('',(-60.89969701616,29.654079322419,
    21.707294937129));
#879 = CARTESIAN_POINT('',(-60.86088878917,29.67433835011,
    21.573313250463));
#880 = CARTESIAN_POINT('',(-60.82174839392,29.693949203513,
    21.43937884389));
#881 = CARTESIAN_POINT('',(-60.78224666707,29.712925862538,
    21.305505029489));
#882 = CARTESIAN_POINT('',(-60.74234662123,29.731281566801,
    21.171707836106));
#883 = CARTESIAN_POINT('',(-60.7020000071,29.749028823021,
    21.038007090765));
#884 = CARTESIAN_POINT('',(-60.61707105684,29.784678934714,
    20.760342016232));
#885 = CARTESIAN_POINT('',(-60.57240783386,29.802483186504,
    20.616405670082));
#886 = CARTESIAN_POINT('',(-60.52706800222,29.819607986743,
    20.47264325204));
#887 = CARTESIAN_POINT('',(-60.48095049892,29.836067199583,
    20.329091424881));
#888 = CARTESIAN_POINT('',(-60.43391684971,29.851872605526,
    20.18580688516));
#889 = CARTESIAN_POINT('',(-60.38578943878,29.867034216844,
    20.042866886954));
#890 = CARTESIAN_POINT('',(-60.33631985839,29.881559968264,
    19.90038024174));
#891 = CARTESIAN_POINT('',(-60.25518005258,29.90356034854,
    19.675759010333));
#892 = CARTESIAN_POINT('',(-60.22468479678,29.911450195025,
    19.593223420314));
#893 = CARTESIAN_POINT('',(-60.19350077119,29.919125398462,
    19.510943318168));
#894 = CARTESIAN_POINT('',(-60.16152377408,29.926586348855,
    19.428960861426));
#895 = CARTESIAN_POINT('',(-60.12861414311,29.933831316388,
    19.34734727353));
#896 = CARTESIAN_POINT('',(-60.09459743433,29.940856773027,
    19.266202326069));
#897 = CARTESIAN_POINT('',(-60.05923296706,29.947656836198,
    19.185667740448));
#898 = CARTESIAN_POINT('',(-60.00077341109,29.957988299971,
    19.06023032147));
#899 = CARTESIAN_POINT('',(-59.97888044162,29.961676110574,
    19.014787386587));
#900 = CARTESIAN_POINT('',(-59.95632446484,29.965283359242,
    18.969674861398));
#901 = CARTESIAN_POINT('',(-59.9330066949,29.968807456918,
    18.924945378449));
#902 = CARTESIAN_POINT('',(-59.90879954893,29.972242850873,
    18.880694000634));
#903 = CARTESIAN_POINT('',(-59.88354894094,29.975581410205,
    18.837056386728));
#904 = CARTESIAN_POINT('',(-59.85704645707,29.978811621893,
    18.794224836128));
#905 = CARTESIAN_POINT('',(-59.81577623087,29.983363902153,
    18.73302979206));
#906 = CARTESIAN_POINT('',(-59.80210200256,29.984805304673,
    18.713524319745));
#907 = CARTESIAN_POINT('',(-59.78783652262,29.986235196016,
    18.694044668245));
#908 = CARTESIAN_POINT('',(-59.7728877836,29.987653294835,18.67459550813
    ));
#909 = CARTESIAN_POINT('',(-59.7570985998,29.989059863,18.655175343557)
  );
#910 = CARTESIAN_POINT('',(-59.74025139072,29.990455982513,
    18.635769571088));
#911 = CARTESIAN_POINT('',(-59.72202728076,29.991841134468,
    18.616384486794));
#912 = CARTESIAN_POINT('',(-59.68095449138,29.994610750715,
    18.577366250896));
#913 = CARTESIAN_POINT('',(-59.65894573378,29.995927502225,
    18.558677881741));
#914 = CARTESIAN_POINT('',(-59.63561804835,29.997135072302,
    18.541419092104));
#915 = CARTESIAN_POINT('',(-59.61086589588,29.998197078988,18.5261366593
    ));
#916 = CARTESIAN_POINT('',(-59.58469131175,29.999066425194,
    18.513554968705));
#917 = CARTESIAN_POINT('',(-59.55720601376,29.999685774766,
    18.504561645771));
#918 = CARTESIAN_POINT('',(-59.52871736057,30.,18.5));
#919 = CARTESIAN_POINT('',(-59.5,30.,18.5));
#920 = ORIENTED_EDGE('',*,*,#921,.T.);
#921 = EDGE_CURVE('',#859,#840,#922,.T.);
#922 = B_SPLINE_CURVE_WITH_KNOTS('',7,(#923,#924,#925,#926,#927,#928,
    #929,#930,#931,#932,#933,#934,#935,#936,#937,#938,#939,#940,#941,
    #942,#943,#944,#945,#946,#947,#948,#949,#950,#951,#952,#953,#954,
    #955,#956,#957,#958,#959,#960),.UNSPECIFIED.,.F.,.F.,(8,6,6,6,6,6,8)
  ,(0.,0.250698571677,0.31376106666,0.376868654014,0.503159204952,
    0.751476212963,1.),.UNSPECIFIED.);
#923 = CARTESIAN_POINT('',(-59.50173765371,29.99999949676,
    18.500008136186));
#924 = CARTESIAN_POINT('',(-59.6545649712,29.999910976427,
    18.501293006439));
#925 = CARTESIAN_POINT('',(-59.81073986572,29.990737580507,
    18.504094798515));
#926 = CARTESIAN_POINT('',(-59.9695223159,29.971762143153,
    18.507763030128));
#927 = CARTESIAN_POINT('',(-60.12994879126,29.94233557214,
    18.511966546978));
#928 = CARTESIAN_POINT('',(-60.29086734636,29.901958551327,
    18.516423063835));
#929 = CARTESIAN_POINT('',(-60.45097968778,29.850356835029,
    18.520922113458));
#930 = CARTESIAN_POINT('',(-60.64866136343,29.771715267178,
    18.526378880487));
#931 = CARTESIAN_POINT('',(-60.68825631772,29.755198371644,
    18.527467069853));
#932 = CARTESIAN_POINT('',(-60.72769298489,29.737970434069,
    18.528542387666));
#933 = CARTESIAN_POINT('',(-60.76694920521,29.72003251618,
    18.529605096229));
#934 = CARTESIAN_POINT('',(-60.80600298195,29.70138664083,
    18.530652953609));
#935 = CARTESIAN_POINT('',(-60.84483259544,29.682035798879,
    18.531680985931));
#936 = CARTESIAN_POINT('',(-60.92202684454,29.641918449636,
    18.533695953715));
#937 = CARTESIAN_POINT('',(-60.96039121272,29.621150923907,
    18.534682565221));
#938 = CARTESIAN_POINT('',(-60.99848691135,29.599685958465,
    18.535645462957));
#939 = CARTESIAN_POINT('',(-61.03629200649,29.577528927626,
    18.536582293702));
#940 = CARTESIAN_POINT('',(-61.07378474908,29.554686337473,
    18.537490832328));
#941 = CARTESIAN_POINT('',(-61.11094357495,29.53116582585,
    18.538368981801));
#942 = CARTESIAN_POINT('',(-61.22139812289,29.458567943064,
    18.540907366157));
#943 = CARTESIAN_POINT('',(-61.29362655168,29.407479922906,
    18.54247036046));
#944 = CARTESIAN_POINT('',(-61.3642617666,29.353782139688,
    18.543887936351));
#945 = CARTESIAN_POINT('',(-61.43313880218,29.297563023481,
    18.545146191663));
#946 = CARTESIAN_POINT('',(-61.50010109719,29.238927957845,
    18.546233087408));
#947 = CARTESIAN_POINT('',(-61.5650032398,29.17799784104,18.547138393391
    ));
#948 = CARTESIAN_POINT('',(-61.75101729262,28.990857446764,
    18.549259965196));
#949 = CARTESIAN_POINT('',(-61.86584914987,28.858454666013,
    18.549931511619));
#950 = CARTESIAN_POINT('',(-61.9712063692,28.718723501046,
    18.549803835586));
#951 = CARTESIAN_POINT('',(-62.06629439605,28.57289228722,
    18.548838935939));
#952 = CARTESIAN_POINT('',(-62.15059210708,28.422311356939,
    18.54702379494));
#953 = CARTESIAN_POINT('',(-62.22386726743,28.268366727798,
    18.544366605503));
#954 = CARTESIAN_POINT('',(-62.34846933937,27.956282628831,
    18.537411857166));
#955 = CARTESIAN_POINT('',(-62.39977927548,27.798137363392,
    18.533112887619));
#956 = CARTESIAN_POINT('',(-62.44009375475,27.639287602035,
    18.528017008242));
#957 = CARTESIAN_POINT('',(-62.46969677056,27.481012119305,
    18.522162733288));
#958 = CARTESIAN_POINT('',(-62.48908736802,27.324455110316,
    18.515597198418));
#959 = CARTESIAN_POINT('',(-62.49891992237,27.170584647983,
    18.50836972709));
#960 = CARTESIAN_POINT('',(-62.49993206543,27.020189174198,
    18.500525617886));
#961 = CYLINDRICAL_SURFACE('',#962,3.);
#962 = AXIS2_PLACEMENT_3D('',#963,#964,#965);
#963 = CARTESIAN_POINT('',(-59.5,27.,10.));
#964 = DIRECTION('',(0.,0.,1.));
#965 = DIRECTION('',(-1.,0.,0.));
#966 = ADVANCED_FACE('',(#967),#1031,.T.);
#967 = FACE_BOUND('',#968,.T.);
#968 = EDGE_LOOP('',(#969,#977,#992,#1000,#1015,#1023,#1029,#1030));
#969 = ORIENTED_EDGE('',*,*,#970,.F.);
#970 = EDGE_CURVE('',#971,#851,#973,.T.);
#971 = VERTEX_POINT('',#972);
#972 = CARTESIAN_POINT('',(-42.86416167673,30.,18.5));
#973 = LINE('',#974,#975);
#974 = CARTESIAN_POINT('',(0.,30.,18.5));
#975 = VECTOR('',#976,1.);
#976 = DIRECTION('',(-1.,-0.,-0.));
#977 = ORIENTED_EDGE('',*,*,#978,.F.);
#978 = EDGE_CURVE('',#979,#971,#981,.T.);
#979 = VERTEX_POINT('',#980);
#980 = CARTESIAN_POINT('',(-39.48229832136,30.,16.499999999979));
#981 = B_SPLINE_CURVE_WITH_KNOTS('',9,(#982,#983,#984,#985,#986,#987,
    #988,#989,#990,#991),.UNSPECIFIED.,.F.,.F.,(10,10),(0.,1.),
  .PIECEWISE_BEZIER_KNOTS.);
#982 = CARTESIAN_POINT('',(-39.48229832136,30.,16.499999999979));
#983 = CARTESIAN_POINT('',(-39.93180001757,30.,16.499999999979));
#984 = CARTESIAN_POINT('',(-40.38123264315,30.,16.672752029628));
#985 = CARTESIAN_POINT('',(-40.75510800773,30.,16.98332604673));
#986 = CARTESIAN_POINT('',(-41.03085412117,30.,17.327185403207));
#987 = CARTESIAN_POINT('',(-41.31560587692,30.,17.672814596772));
#988 = CARTESIAN_POINT('',(-41.59135199036,30.,18.016673953249));
#989 = CARTESIAN_POINT('',(-41.96522735495,30.,18.327247970351));
#990 = CARTESIAN_POINT('',(-42.41465998053,30.,18.5));
#991 = CARTESIAN_POINT('',(-42.86416167673,30.,18.5));
#992 = ORIENTED_EDGE('',*,*,#993,.F.);
#993 = EDGE_CURVE('',#994,#979,#996,.T.);
#994 = VERTEX_POINT('',#995);
#995 = CARTESIAN_POINT('',(39.461119165588,30.,16.499999999979));
#996 = LINE('',#997,#998);
#997 = CARTESIAN_POINT('',(40.609,30.,16.499999999979));
#998 = VECTOR('',#999,1.);
#999 = DIRECTION('',(-1.,-0.,-0.));
#1000 = ORIENTED_EDGE('',*,*,#1001,.F.);
#1001 = EDGE_CURVE('',#1002,#994,#1004,.T.);
#1002 = VERTEX_POINT('',#1003);
#1003 = CARTESIAN_POINT('',(42.864161676738,30.,18.5));
#1004 = B_SPLINE_CURVE_WITH_KNOTS('',9,(#1005,#1006,#1007,#1008,#1009,
    #1010,#1011,#1012,#1013,#1014),.UNSPECIFIED.,.F.,.F.,(10,10),(0.,1.)
  ,.PIECEWISE_BEZIER_KNOTS.);
#1005 = CARTESIAN_POINT('',(42.864161676738,30.,18.5));
#1006 = CARTESIAN_POINT('',(42.412710694637,30.,18.5));
#1007 = CARTESIAN_POINT('',(41.961327334999,30.,18.327309291374));
#1008 = CARTESIAN_POINT('',(41.585126155416,30.,18.017014150489));
#1009 = CARTESIAN_POINT('',(41.306309909961,30.,17.672993518744));
#1010 = CARTESIAN_POINT('',(41.018970932364,30.,17.327006481235));
#1011 = CARTESIAN_POINT('',(40.74015468691,30.,16.982985849491));
#1012 = CARTESIAN_POINT('',(40.363953507326,30.,16.672690708605));
#1013 = CARTESIAN_POINT('',(39.912570147688,30.,16.499999999979));
#1014 = CARTESIAN_POINT('',(39.461119165588,30.,16.499999999979));
#1015 = ORIENTED_EDGE('',*,*,#1016,.T.);
#1016 = EDGE_CURVE('',#1002,#1017,#1019,.T.);
#1017 = VERTEX_POINT('',#1018);
#1018 = CARTESIAN_POINT('',(59.5,30.,18.5));
#1019 = LINE('',#1020,#1021);
#1020 = CARTESIAN_POINT('',(2.553512956638E-15,30.,18.5));
#1021 = VECTOR('',#1022,1.);
#1022 = DIRECTION('',(1.,-2.22044604925E-16,2.22044604925E-16));
#1023 = ORIENTED_EDGE('',*,*,#1024,.F.);
#1024 = EDGE_CURVE('',#203,#1017,#1025,.T.);
#1025 = LINE('',#1026,#1027);
#1026 = CARTESIAN_POINT('',(59.5,30.,10.));
#1027 = VECTOR('',#1028,1.);
#1028 = DIRECTION('',(-2.22044604925E-16,2.465190328816E-32,1.));
#1029 = ORIENTED_EDGE('',*,*,#202,.T.);
#1030 = ORIENTED_EDGE('',*,*,#850,.T.);
#1031 = PLANE('',#1032);
#1032 = AXIS2_PLACEMENT_3D('',#1033,#1034,#1035);
#1033 = CARTESIAN_POINT('',(1.783322944653E-15,30.,14.25));
#1034 = DIRECTION('',(0.,1.,0.));
#1035 = DIRECTION('',(0.,0.,1.));
#1036 = ADVANCED_FACE('',(#1037),#1162,.T.);
#1037 = FACE_BOUND('',#1038,.T.);
#1038 = EDGE_LOOP('',(#1039,#1050,#1056,#1057,#1058,#1121));
#1039 = ORIENTED_EDGE('',*,*,#1040,.F.);
#1040 = EDGE_CURVE('',#1041,#1043,#1045,.T.);
#1041 = VERTEX_POINT('',#1042);
#1042 = CARTESIAN_POINT('',(62.5,27.,18.4999999));
#1043 = VERTEX_POINT('',#1044);
#1044 = CARTESIAN_POINT('',(62.499932065438,27.020189174198,
    18.500525617886));
#1045 = ELLIPSE('',#1046,23.442750862607,3.);
#1046 = AXIS2_PLACEMENT_3D('',#1047,#1048,#1049);
#1047 = CARTESIAN_POINT('',(59.5,27.,41.7500005875));
#1048 = DIRECTION('',(0.991777867656,-1.918035814493E-16,0.127971329712)
  );
#1049 = DIRECTION('',(-0.127971329712,2.474884766248E-17,0.991777867656)
  );
#1050 = ORIENTED_EDGE('',*,*,#1051,.F.);
#1051 = EDGE_CURVE('',#211,#1041,#1052,.T.);
#1052 = LINE('',#1053,#1054);
#1053 = CARTESIAN_POINT('',(62.5,27.,10.));
#1054 = VECTOR('',#1055,1.);
#1055 = DIRECTION('',(-2.22044604925E-16,2.465190328816E-32,1.));
#1056 = ORIENTED_EDGE('',*,*,#210,.T.);
#1057 = ORIENTED_EDGE('',*,*,#1024,.T.);
#1058 = ORIENTED_EDGE('',*,*,#1059,.F.);
#1059 = EDGE_CURVE('',#1060,#1017,#1062,.T.);
#1060 = VERTEX_POINT('',#1061);
#1061 = CARTESIAN_POINT('',(59.501737749663,29.999999496646,
    18.500007307764));
#1062 = B_SPLINE_CURVE_WITH_KNOTS('',8,(#1063,#1064,#1065,#1066,#1067,
    #1068,#1069,#1070,#1071,#1072,#1073,#1074,#1075,#1076,#1077,#1078,
    #1079,#1080,#1081,#1082,#1083,#1084,#1085,#1086,#1087,#1088,#1089,
    #1090,#1091,#1092,#1093,#1094,#1095,#1096,#1097,#1098,#1099,#1100,
    #1101,#1102,#1103,#1104,#1105,#1106,#1107,#1108,#1109,#1110,#1111,
    #1112,#1113,#1114,#1115,#1116,#1117,#1118,#1119,#1120),
  .UNSPECIFIED.,.F.,.F.,(9,7,7,7,7,7,7,7,9),(0.,0.333111698968,
    0.658843866415,0.758809253454,0.8666375395,0.929552104284,
    0.965671484589,0.982546178265,1.),.UNSPECIFIED.);
#1063 = CARTESIAN_POINT('',(62.489474373108,27.251083596701,
    28.959160300279));
#1064 = CARTESIAN_POINT('',(62.467258040906,27.515597713329,
    28.535050925384));
#1065 = CARTESIAN_POINT('',(62.420159587512,27.755663334163,
    28.10458222229));
#1066 = CARTESIAN_POINT('',(62.355859008109,27.973918307001,
    27.669554025942));
#1067 = CARTESIAN_POINT('',(62.278726882903,28.172590103961,
    27.231533589727));
#1068 = CARTESIAN_POINT('',(62.1920265296,28.353743188574,
    26.791630399854));
#1069 = CARTESIAN_POINT('',(62.097888672643,28.519217616091,
    26.350467399729));
#1070 = CARTESIAN_POINT('',(61.99783334722,28.67067766809,
    25.908137243764));
#1071 = CARTESIAN_POINT('',(61.79004232981,28.945433694818,
    25.030073321509));
#1072 = CARTESIAN_POINT('',(61.682674912909,29.069083367158,
    24.595037035742));
#1073 = CARTESIAN_POINT('',(61.571696173622,29.181798001128,
    24.159246264825));
#1074 = CARTESIAN_POINT('',(61.457744510914,29.284578322864,
    23.722884890012));
#1075 = CARTESIAN_POINT('',(61.341231814899,29.378269001102,
    23.28612618411));
#1076 = CARTESIAN_POINT('',(61.222302394003,29.463591351704,
    22.849151445162));
#1077 = CARTESIAN_POINT('',(61.1009046051,29.541172683048,
    22.412134755227));
#1078 = CARTESIAN_POINT('',(60.938196361425,29.633157360364,
    21.841312694731));
#1079 = CARTESIAN_POINT('',(60.899697016162,29.654079322419,
    21.707294937129));
#1080 = CARTESIAN_POINT('',(60.860888789171,29.67433835011,
    21.573313250463));
#1081 = CARTESIAN_POINT('',(60.821748393924,29.693949203513,
    21.43937884389));
#1082 = CARTESIAN_POINT('',(60.782246667073,29.712925862538,
    21.305505029489));
#1083 = CARTESIAN_POINT('',(60.742346621235,29.731281566801,
    21.171707836106));
#1084 = CARTESIAN_POINT('',(60.702000007109,29.749028823021,
    21.038007090765));
#1085 = CARTESIAN_POINT('',(60.617071056848,29.784678934714,
    20.760342016232));
#1086 = CARTESIAN_POINT('',(60.572407833861,29.802483186504,
    20.616405670082));
#1087 = CARTESIAN_POINT('',(60.52706800222,29.819607986743,
    20.472643252041));
#1088 = CARTESIAN_POINT('',(60.480950498921,29.836067199583,
    20.329091424881));
#1089 = CARTESIAN_POINT('',(60.43391684971,29.851872605526,
    20.18580688516));
#1090 = CARTESIAN_POINT('',(60.38578943878,29.867034216844,
    20.042866886954));
#1091 = CARTESIAN_POINT('',(60.336319858394,29.881559968264,
    19.90038024174));
#1092 = CARTESIAN_POINT('',(60.255180052587,29.90356034854,
    19.675759010333));
#1093 = CARTESIAN_POINT('',(60.224684796783,29.911450195025,
    19.593223420314));
#1094 = CARTESIAN_POINT('',(60.193500771192,29.919125398462,
    19.510943318168));
#1095 = CARTESIAN_POINT('',(60.161523774082,29.926586348855,
    19.428960861426));
#1096 = CARTESIAN_POINT('',(60.128614143117,29.933831316388,
    19.34734727353));
#1097 = CARTESIAN_POINT('',(60.094597434331,29.940856773027,
    19.266202326069));
#1098 = CARTESIAN_POINT('',(60.059232967062,29.947656836198,
    19.185667740448));
#1099 = CARTESIAN_POINT('',(60.000773411097,29.957988299971,
    19.06023032147));
#1100 = CARTESIAN_POINT('',(59.978880441622,29.961676110574,
    19.014787386587));
#1101 = CARTESIAN_POINT('',(59.956324464842,29.965283359242,
    18.969674861398));
#1102 = CARTESIAN_POINT('',(59.933006694909,29.968807456918,
    18.924945378449));
#1103 = CARTESIAN_POINT('',(59.90879954893,29.972242850873,
    18.880694000634));
#1104 = CARTESIAN_POINT('',(59.883548940949,29.975581410205,
    18.837056386728));
#1105 = CARTESIAN_POINT('',(59.85704645707,29.978811621893,
    18.794224836128));
#1106 = CARTESIAN_POINT('',(59.815776230877,29.983363902153,
    18.73302979206));
#1107 = CARTESIAN_POINT('',(59.802102002568,29.984805304673,
    18.713524319745));
#1108 = CARTESIAN_POINT('',(59.787836522628,29.986235196016,
    18.694044668245));
#1109 = CARTESIAN_POINT('',(59.772887783607,29.987653294835,
    18.67459550813));
#1110 = CARTESIAN_POINT('',(59.757098599805,29.989059863,18.655175343557
    ));
#1111 = CARTESIAN_POINT('',(59.740251390724,29.990455982513,
    18.635769571088));
#1112 = CARTESIAN_POINT('',(59.722027280765,29.991841134468,
    18.616384486794));
#1113 = CARTESIAN_POINT('',(59.680954491388,29.994610750715,
    18.577366250896));
#1114 = CARTESIAN_POINT('',(59.658945733788,29.995927502225,
    18.558677881741));
#1115 = CARTESIAN_POINT('',(59.635618048358,29.997135072302,
    18.541419092104));
#1116 = CARTESIAN_POINT('',(59.610865895882,29.998197078988,
    18.5261366593));
#1117 = CARTESIAN_POINT('',(59.584691311751,29.999066425194,
    18.513554968705));
#1118 = CARTESIAN_POINT('',(59.557206013764,29.999685774766,
    18.504561645771));
#1119 = CARTESIAN_POINT('',(59.52871736057,30.,18.5));
#1120 = CARTESIAN_POINT('',(59.5,30.,18.5));
#1121 = ORIENTED_EDGE('',*,*,#1122,.T.);
#1122 = EDGE_CURVE('',#1060,#1043,#1123,.T.);
#1123 = B_SPLINE_CURVE_WITH_KNOTS('',7,(#1124,#1125,#1126,#1127,#1128,
    #1129,#1130,#1131,#1132,#1133,#1134,#1135,#1136,#1137,#1138,#1139,
    #1140,#1141,#1142,#1143,#1144,#1145,#1146,#1147,#1148,#1149,#1150,
    #1151,#1152,#1153,#1154,#1155,#1156,#1157,#1158,#1159,#1160,#1161),
  .UNSPECIFIED.,.F.,.F.,(8,6,6,6,6,6,8),(0.,0.250698571677,0.31376106666
    ,0.376868654014,0.503159204952,0.751476212963,1.),.UNSPECIFIED.);
#1124 = CARTESIAN_POINT('',(59.501737653711,29.99999949676,
    18.500008136186));
#1125 = CARTESIAN_POINT('',(59.654564971202,29.999910976427,
    18.501293006439));
#1126 = CARTESIAN_POINT('',(59.810739865728,29.990737580507,
    18.504094798515));
#1127 = CARTESIAN_POINT('',(59.969522315909,29.971762143153,
    18.507763030128));
#1128 = CARTESIAN_POINT('',(60.129948791264,29.94233557214,
    18.511966546978));
#1129 = CARTESIAN_POINT('',(60.290867346361,29.901958551327,
    18.516423063835));
#1130 = CARTESIAN_POINT('',(60.450979687789,29.850356835029,
    18.520922113458));
#1131 = CARTESIAN_POINT('',(60.648661363432,29.771715267178,
    18.526378880487));
#1132 = CARTESIAN_POINT('',(60.688256317727,29.755198371644,
    18.527467069853));
#1133 = CARTESIAN_POINT('',(60.727692984891,29.737970434069,
    18.528542387666));
#1134 = CARTESIAN_POINT('',(60.766949205219,29.72003251618,
    18.529605096229));
#1135 = CARTESIAN_POINT('',(60.806002981954,29.70138664083,
    18.530652953609));
#1136 = CARTESIAN_POINT('',(60.844832595449,29.682035798879,
    18.531680985931));
#1137 = CARTESIAN_POINT('',(60.922026844545,29.641918449636,
    18.533695953715));
#1138 = CARTESIAN_POINT('',(60.960391212724,29.621150923907,
    18.534682565221));
#1139 = CARTESIAN_POINT('',(60.998486911353,29.599685958465,
    18.535645462957));
#1140 = CARTESIAN_POINT('',(61.036292006494,29.577528927626,
    18.536582293702));
#1141 = CARTESIAN_POINT('',(61.073784749087,29.554686337473,
    18.537490832328));
#1142 = CARTESIAN_POINT('',(61.110943574951,29.53116582585,
    18.538368981801));
#1143 = CARTESIAN_POINT('',(61.221398122895,29.458567943064,
    18.540907366157));
#1144 = CARTESIAN_POINT('',(61.293626551686,29.407479922906,
    18.54247036046));
#1145 = CARTESIAN_POINT('',(61.364261766609,29.353782139688,
    18.543887936351));
#1146 = CARTESIAN_POINT('',(61.433138802188,29.297563023481,
    18.545146191663));
#1147 = CARTESIAN_POINT('',(61.500101097191,29.238927957845,
    18.546233087408));
#1148 = CARTESIAN_POINT('',(61.565003239805,29.17799784104,
    18.547138393391));
#1149 = CARTESIAN_POINT('',(61.751017292625,28.990857446764,
    18.549259965196));
#1150 = CARTESIAN_POINT('',(61.865849149876,28.858454666013,
    18.549931511619));
#1151 = CARTESIAN_POINT('',(61.971206369207,28.718723501046,
    18.549803835586));
#1152 = CARTESIAN_POINT('',(62.06629439605,28.57289228722,
    18.548838935939));
#1153 = CARTESIAN_POINT('',(62.150592107089,28.422311356939,
    18.54702379494));
#1154 = CARTESIAN_POINT('',(62.223867267432,28.268366727798,
    18.544366605503));
#1155 = CARTESIAN_POINT('',(62.348469339379,27.956282628831,
    18.537411857166));
#1156 = CARTESIAN_POINT('',(62.399779275485,27.798137363392,
    18.533112887619));
#1157 = CARTESIAN_POINT('',(62.440093754756,27.639287602035,
    18.528017008242));
#1158 = CARTESIAN_POINT('',(62.469696770564,27.481012119305,
    18.522162733288));
#1159 = CARTESIAN_POINT('',(62.489087368025,27.324455110316,
    18.515597198418));
#1160 = CARTESIAN_POINT('',(62.498919922379,27.170584647983,
    18.50836972709));
#1161 = CARTESIAN_POINT('',(62.499932065438,27.020189174198,
    18.500525617886));
#1162 = CYLINDRICAL_SURFACE('',#1163,3.);
#1163 = AXIS2_PLACEMENT_3D('',#1164,#1165,#1166);
#1164 = CARTESIAN_POINT('',(59.5,27.,10.));
#1165 = DIRECTION('',(-2.22044604925E-16,2.465190328816E-32,1.));
#1166 = DIRECTION('',(1.,-2.22044604925E-16,2.22044604925E-16));
#1167 = ADVANCED_FACE('',(#1168),#1186,.F.);
#1168 = FACE_BOUND('',#1169,.T.);
#1169 = EDGE_LOOP('',(#1170,#1171,#1172,#1180));
#1170 = ORIENTED_EDGE('',*,*,#219,.F.);
#1171 = ORIENTED_EDGE('',*,*,#1051,.T.);
#1172 = ORIENTED_EDGE('',*,*,#1173,.F.);
#1173 = EDGE_CURVE('',#1174,#1041,#1176,.T.);
#1174 = VERTEX_POINT('',#1175);
#1175 = CARTESIAN_POINT('',(62.5,3.,18.4999999));
#1176 = LINE('',#1177,#1178);
#1177 = CARTESIAN_POINT('',(62.4999999,-1.199040866595E-14,18.4999999));
#1178 = VECTOR('',#1179,1.);
#1179 = DIRECTION('',(2.22044604925E-16,1.,-2.22044604925E-16));
#1180 = ORIENTED_EDGE('',*,*,#1181,.F.);
#1181 = EDGE_CURVE('',#220,#1174,#1182,.T.);
#1182 = LINE('',#1183,#1184);
#1183 = CARTESIAN_POINT('',(62.5,3.,10.));
#1184 = VECTOR('',#1185,1.);
#1185 = DIRECTION('',(-2.22044604925E-16,2.465190328816E-32,1.));
#1186 = PLANE('',#1187);
#1187 = AXIS2_PLACEMENT_3D('',#1188,#1189,#1190);
#1188 = CARTESIAN_POINT('',(62.5,30.,10.));
#1189 = DIRECTION('',(-1.,2.22044604925E-16,-2.22044604925E-16));
#1190 = DIRECTION('',(2.22044604925E-16,1.,2.465190328816E-32));
#1191 = ADVANCED_FACE('',(#1192),#1317,.T.);
#1192 = FACE_BOUND('',#1193,.F.);
#1193 = EDGE_LOOP('',(#1194,#1203,#1204,#1205,#1213,#1276));
#1194 = ORIENTED_EDGE('',*,*,#1195,.F.);
#1195 = EDGE_CURVE('',#1174,#1196,#1198,.T.);
#1196 = VERTEX_POINT('',#1197);
#1197 = CARTESIAN_POINT('',(62.499932057987,2.97980971861,
    18.500525675635));
#1198 = ELLIPSE('',#1199,23.442750862607,3.);
#1199 = AXIS2_PLACEMENT_3D('',#1200,#1201,#1202);
#1200 = CARTESIAN_POINT('',(59.5,3.,41.7500005875));
#1201 = DIRECTION('',(-0.991777867656,1.918035814493E-16,-0.127971329712
    ));
#1202 = DIRECTION('',(-0.127971329712,2.474884766248E-17,0.991777867656)
  );
#1203 = ORIENTED_EDGE('',*,*,#1181,.F.);
#1204 = ORIENTED_EDGE('',*,*,#227,.T.);
#1205 = ORIENTED_EDGE('',*,*,#1206,.T.);
#1206 = EDGE_CURVE('',#228,#1207,#1209,.T.);
#1207 = VERTEX_POINT('',#1208);
#1208 = CARTESIAN_POINT('',(59.5,-1.365574320289E-14,18.5));
#1209 = LINE('',#1210,#1211);
#1210 = CARTESIAN_POINT('',(59.5,-1.365574320289E-14,10.));
#1211 = VECTOR('',#1212,1.);
#1212 = DIRECTION('',(-2.22044604925E-16,2.465190328816E-32,1.));
#1213 = ORIENTED_EDGE('',*,*,#1214,.F.);
#1214 = EDGE_CURVE('',#1215,#1207,#1217,.T.);
#1215 = VERTEX_POINT('',#1216);
#1216 = CARTESIAN_POINT('',(59.501737763614,5.033616192434E-07,
    18.500007307882));
#1217 = B_SPLINE_CURVE_WITH_KNOTS('',8,(#1218,#1219,#1220,#1221,#1222,
    #1223,#1224,#1225,#1226,#1227,#1228,#1229,#1230,#1231,#1232,#1233,
    #1234,#1235,#1236,#1237,#1238,#1239,#1240,#1241,#1242,#1243,#1244,
    #1245,#1246,#1247,#1248,#1249,#1250,#1251,#1252,#1253,#1254,#1255,
    #1256,#1257,#1258,#1259,#1260,#1261,#1262,#1263,#1264,#1265,#1266,
    #1267,#1268,#1269,#1270,#1271,#1272,#1273,#1274,#1275),
  .UNSPECIFIED.,.F.,.F.,(9,7,7,7,7,7,7,7,9),(0.,0.333111698917,
    0.658843866367,0.758809253413,0.866637539472,0.929552104263,
    0.965671484571,0.982546178248,1.),.UNSPECIFIED.);
#1218 = CARTESIAN_POINT('',(62.489474373316,2.748916405783,
    28.959160304261));
#1219 = CARTESIAN_POINT('',(62.467258041314,2.48440228889,
    28.535050929316));
#1220 = CARTESIAN_POINT('',(62.420159588053,2.244336667821,
    28.104582226157));
#1221 = CARTESIAN_POINT('',(62.355859008738,2.026081694766,
    27.669554029702));
#1222 = CARTESIAN_POINT('',(62.278726883598,1.827409897631,
    27.23153359344));
#1223 = CARTESIAN_POINT('',(62.192026530328,1.64625681284,
    26.791630403415));
#1224 = CARTESIAN_POINT('',(62.097888673403,1.480782385187,
    26.35046740323));
#1225 = CARTESIAN_POINT('',(61.997833347991,1.329322333054,
    25.908137247148));
#1226 = CARTESIAN_POINT('',(61.790042330576,1.054566306074,
    25.030073324621));
#1227 = CARTESIAN_POINT('',(61.682674913652,0.930916633612,
    24.595037038675));
#1228 = CARTESIAN_POINT('',(61.571696174343,0.818201999542,
    24.159246267597));
#1229 = CARTESIAN_POINT('',(61.457744511593,0.715421677708,
    23.722884892584));
#1230 = CARTESIAN_POINT('',(61.341231815554,0.621730999393,
    23.286126186534));
#1231 = CARTESIAN_POINT('',(61.222302394613,0.536408648716,
    22.849151447385));
#1232 = CARTESIAN_POINT('',(61.100904605674,0.458827317309,
    22.412134757282));
#1233 = CARTESIAN_POINT('',(60.938196361944,0.366842639919,
    21.841312696538));
#1234 = CARTESIAN_POINT('',(60.899697016665,0.345920677846,
    21.70729493887));
#1235 = CARTESIAN_POINT('',(60.860888789659,0.325661650138,
    21.573313252139));
#1236 = CARTESIAN_POINT('',(60.821748394397,0.306050796718,21.4393788455
    ));
#1237 = CARTESIAN_POINT('',(60.782246667531,0.287074137678,
    21.305505031033));
#1238 = CARTESIAN_POINT('',(60.742346621677,0.2687184334,21.171707837584
    ));
#1239 = CARTESIAN_POINT('',(60.702000007536,0.250971177165,
    21.038007092177));
#1240 = CARTESIAN_POINT('',(60.617071057242,0.215321065443,
    20.760342017503));
#1241 = CARTESIAN_POINT('',(60.572407834237,0.197516813639,
    20.616405671277));
#1242 = CARTESIAN_POINT('',(60.527068002578,0.180392013386,
    20.472643253161));
#1243 = CARTESIAN_POINT('',(60.480950499262,0.163932800534,
    20.329091425926));
#1244 = CARTESIAN_POINT('',(60.433916850032,0.148127394578,
    20.185806886129));
#1245 = CARTESIAN_POINT('',(60.385789439085,0.132965783249,
    20.042866887847));
#1246 = CARTESIAN_POINT('',(60.33631985868,0.118440031819,
    19.900380242557));
#1247 = CARTESIAN_POINT('',(60.255180052844,9.643965152686E-02,
    19.67575901103));
#1248 = CARTESIAN_POINT('',(60.224684797028,8.854980503631E-02,
    19.593223420965));
#1249 = CARTESIAN_POINT('',(60.193500771428,8.087460159347E-02,
    19.510943318775));
#1250 = CARTESIAN_POINT('',(60.161523774306,7.341365119517E-02,
    19.428960861987));
#1251 = CARTESIAN_POINT('',(60.12861414333,6.61686836573E-02,
    19.347347274045));
#1252 = CARTESIAN_POINT('',(60.094597434532,5.914322701296E-02,
    19.266202326541));
#1253 = CARTESIAN_POINT('',(60.059232967252,5.234316383759E-02,
    19.185667740874));
#1254 = CARTESIAN_POINT('',(60.000773411268,4.201170005776E-02,
    19.060230321826));
#1255 = CARTESIAN_POINT('',(59.978880441787,3.832388945258E-02,
    19.014787386918));
#1256 = CARTESIAN_POINT('',(59.956324465,3.47166407822E-02,
    18.969674861704));
#1257 = CARTESIAN_POINT('',(59.93300669506,3.119254310345E-02,
    18.92494537873));
#1258 = CARTESIAN_POINT('',(59.908799549074,2.77571491466E-02,
    18.88069400089));
#1259 = CARTESIAN_POINT('',(59.883548941086,2.441858981272E-02,
    18.837056386959));
#1260 = CARTESIAN_POINT('',(59.8570464572,2.118837812258E-02,
    18.794224836333));
#1261 = CARTESIAN_POINT('',(59.815776230995,1.663609785925E-02,
    18.733029792229));
#1262 = CARTESIAN_POINT('',(59.802102002684,1.519469533814E-02,
    18.713524319904));
#1263 = CARTESIAN_POINT('',(59.787836522739,1.376480399466E-02,
    18.694044668391));
#1264 = CARTESIAN_POINT('',(59.772887783716,1.234670517431E-02,
    18.674595508265));
#1265 = CARTESIAN_POINT('',(59.75709859991,1.094013700882E-02,
    18.655175343681));
#1266 = CARTESIAN_POINT('',(59.740251390825,9.544017494963E-03,
    18.6357695712));
#1267 = CARTESIAN_POINT('',(59.722027280863,8.15886553929E-03,
    18.616384486896));
#1268 = CARTESIAN_POINT('',(59.680954491461,5.389249289062E-03,
    18.577366250957));
#1269 = CARTESIAN_POINT('',(59.658945733836,4.07249777777E-03,
    18.558677881785));
#1270 = CARTESIAN_POINT('',(59.635618048393,2.8649276968E-03,
    18.541419092095));
#1271 = CARTESIAN_POINT('',(59.610865895862,1.802921011295E-03,
    18.526136659289));
#1272 = CARTESIAN_POINT('',(59.584691311689,9.335748048761E-04,
    18.51355496869));
#1273 = CARTESIAN_POINT('',(59.557206013701,3.142252307702E-04,
    18.50456164572));
#1274 = CARTESIAN_POINT('',(59.528717360454,-8.103019087926E-13,
    18.499999999988));
#1275 = CARTESIAN_POINT('',(59.499999999833,-1.3211653993E-14,18.5));
#1276 = ORIENTED_EDGE('',*,*,#1277,.T.);
#1277 = EDGE_CURVE('',#1215,#1196,#1278,.T.);
#1278 = B_SPLINE_CURVE_WITH_KNOTS('',7,(#1279,#1280,#1281,#1282,#1283,
    #1284,#1285,#1286,#1287,#1288,#1289,#1290,#1291,#1292,#1293,#1294,
    #1295,#1296,#1297,#1298,#1299,#1300,#1301,#1302,#1303,#1304,#1305,
    #1306,#1307,#1308,#1309,#1310,#1311,#1312,#1313,#1314,#1315,#1316),
  .UNSPECIFIED.,.F.,.F.,(8,6,6,6,6,6,8),(0.,0.250728838945,
    0.313791369322,0.376898994489,0.503189613959,0.751476285099,1.),
  .UNSPECIFIED.);
#1279 = CARTESIAN_POINT('',(59.501738411253,5.036789760822E-07,
    18.500002067568));
#1280 = CARTESIAN_POINT('',(59.654584011793,8.907319780911E-05,
    18.501289698122));
#1281 = CARTESIAN_POINT('',(59.810778092006,9.264693045585E-03,
    18.504093597871));
#1282 = CARTESIAN_POINT('',(59.969580304208,2.824480833099E-02,
    18.507763533097));
#1283 = CARTESIAN_POINT('',(60.13002672364,5.767873879152E-02,
    18.51196841475));
#1284 = CARTESIAN_POINT('',(60.290964924478,9.806594533618E-02,
    18.516426018058));
#1285 = CARTESIAN_POINT('',(60.451096084046,0.149680686638,
    18.52092589684));
#1286 = CARTESIAN_POINT('',(60.64879484514,0.228340048141,18.5263832659)
  );
#1287 = CARTESIAN_POINT('',(60.688389367203,0.244859003333,
    18.527471446901));
#1288 = CARTESIAN_POINT('',(60.727825546363,0.262088998088,
    18.528546767379));
#1289 = CARTESIAN_POINT('',(60.767081223327,0.280028968617,
    18.529609483689));
#1290 = CARTESIAN_POINT('',(60.806134403068,0.298676890665,
    18.530657337928));
#1291 = CARTESIAN_POINT('',(60.844963366666,0.31802977168,
    18.531685350272));
#1292 = CARTESIAN_POINT('',(60.922156208367,0.358151180077,
    18.533700270743));
#1293 = CARTESIAN_POINT('',(60.96051981941,0.378920726159,
    18.534686850988));
#1294 = CARTESIAN_POINT('',(60.998614707104,0.400387699398,
    18.535649710148));
#1295 = CARTESIAN_POINT('',(61.036418937777,0.422546723263,
    18.536586495298));
#1296 = CARTESIAN_POINT('',(61.073910762779,0.445391289467,
    18.537494981599));
#1297 = CARTESIAN_POINT('',(61.111068618483,0.468913757972,
    18.538373072298));
#1298 = CARTESIAN_POINT('',(61.221520094943,0.541517446931,
    18.540911261646));
#1299 = CARTESIAN_POINT('',(61.293746266726,0.59260925197,
    18.542474101193));
#1300 = CARTESIAN_POINT('',(61.364379022633,0.646310716937,
    18.543891499855));
#1301 = CARTESIAN_POINT('',(61.433253405129,0.702533394984,
    18.545149557641));
#1302 = CARTESIAN_POINT('',(61.500212863056,0.761171886759,
    18.546236237672));
#1303 = CARTESIAN_POINT('',(61.565111996563,0.822105279587,
    18.547141311765));
#1304 = CARTESIAN_POINT('',(61.751101523579,1.009239685238,
    18.549261980839));
#1305 = CARTESIAN_POINT('',(61.865913488849,1.14163068511,
    18.549932995806));
#1306 = CARTESIAN_POINT('',(61.971252755083,1.281347670192,
    18.549804951425));
#1307 = CARTESIAN_POINT('',(62.06632516221,1.427162713878,
    18.548839869665));
#1308 = CARTESIAN_POINT('',(62.150609849757,1.577725975054,
    18.547024740035));
#1309 = CARTESIAN_POINT('',(62.223874698155,1.731651956829,
    18.544367748322));
#1310 = CARTESIAN_POINT('',(62.348469138647,2.043716795039,
    18.537413309492));
#1311 = CARTESIAN_POINT('',(62.399779073949,2.201861942367,
    18.533114252109));
#1312 = CARTESIAN_POINT('',(62.440093570089,2.360711596345,
    18.528018245229));
#1313 = CARTESIAN_POINT('',(62.469696617026,2.518986984785,
    18.522163791108));
#1314 = CARTESIAN_POINT('',(62.489087256212,2.675543912812,
    18.515598010906));
#1315 = CARTESIAN_POINT('',(62.498919859828,2.82941430569,
    18.508370211862));
#1316 = CARTESIAN_POINT('',(62.499932057987,2.97980971861,
    18.500525675635));
#1317 = CYLINDRICAL_SURFACE('',#1318,3.);
#1318 = AXIS2_PLACEMENT_3D('',#1319,#1320,#1321);
#1319 = CARTESIAN_POINT('',(59.5,3.,10.));
#1320 = DIRECTION('',(-2.22044604925E-16,2.465190328816E-32,1.));
#1321 = DIRECTION('',(1.,-2.22044604925E-16,2.22044604925E-16));
#1322 = ADVANCED_FACE('',(#1323),#1364,.T.);
#1323 = FACE_BOUND('',#1324,.F.);
#1324 = EDGE_LOOP('',(#1325,#1333,#1341,#1356,#1362,#1363));
#1325 = ORIENTED_EDGE('',*,*,#1326,.T.);
#1326 = EDGE_CURVE('',#237,#1327,#1329,.T.);
#1327 = VERTEX_POINT('',#1328);
#1328 = CARTESIAN_POINT('',(16.6,-3.552713678801E-15,16.49999999981));
#1329 = LINE('',#1330,#1331);
#1330 = CARTESIAN_POINT('',(16.6,-3.574918139293E-15,10.));
#1331 = VECTOR('',#1332,1.);
#1332 = DIRECTION('',(-2.22044604925E-16,2.465190328816E-32,1.));
#1333 = ORIENTED_EDGE('',*,*,#1334,.T.);
#1334 = EDGE_CURVE('',#1327,#1335,#1337,.T.);
#1335 = VERTEX_POINT('',#1336);
#1336 = CARTESIAN_POINT('',(39.461120996512,-8.659739592076E-15,
    16.49999999981));
#1337 = LINE('',#1338,#1339);
#1338 = CARTESIAN_POINT('',(16.6,-3.774758283726E-15,16.49999999981));
#1339 = VECTOR('',#1340,1.);
#1340 = DIRECTION('',(1.,-2.22044604925E-16,2.22044604925E-16));
#1341 = ORIENTED_EDGE('',*,*,#1342,.F.);
#1342 = EDGE_CURVE('',#1343,#1335,#1345,.T.);
#1343 = VERTEX_POINT('',#1344);
#1344 = CARTESIAN_POINT('',(42.864161678853,-1.354472090043E-14,18.5));
#1345 = B_SPLINE_CURVE_WITH_KNOTS('',9,(#1346,#1347,#1348,#1349,#1350,
    #1351,#1352,#1353,#1354,#1355),.UNSPECIFIED.,.F.,.F.,(10,10),(0.,1.)
  ,.PIECEWISE_BEZIER_KNOTS.);
#1346 = CARTESIAN_POINT('',(42.864161678853,-9.517755845424E-15,18.5));
#1347 = CARTESIAN_POINT('',(42.412710865241,-9.417513627872E-15,18.5));
#1348 = CARTESIAN_POINT('',(41.961327674215,-9.317286425551E-15,
    18.327309286101));
#1349 = CARTESIAN_POINT('',(41.585126695503,-9.23375302786E-15,
    18.017014121302));
#1350 = CARTESIAN_POINT('',(41.306310714736,-9.171843443564E-15,
    17.672993503329));
#1351 = CARTESIAN_POINT('',(41.01897196063,-9.108041423429E-15,
    17.327006496481));
#1352 = CARTESIAN_POINT('',(40.740155979863,-9.046131839133E-15,
    16.982985878508));
#1353 = CARTESIAN_POINT('',(40.363955001151,-8.962598441442E-15,
    16.672690713709));
#1354 = CARTESIAN_POINT('',(39.912571810124,-8.862371239121E-15,
    16.49999999981));
#1355 = CARTESIAN_POINT('',(39.461120996512,-8.762129021569E-15,
    16.49999999981));
#1356 = ORIENTED_EDGE('',*,*,#1357,.T.);
#1357 = EDGE_CURVE('',#1343,#1207,#1358,.T.);
#1358 = LINE('',#1359,#1360);
#1359 = CARTESIAN_POINT('',(-4.107825191113E-15,4.560602108309E-31,18.5)
  );
#1360 = VECTOR('',#1361,1.);
#1361 = DIRECTION('',(1.,-2.22044604925E-16,2.22044604925E-16));
#1362 = ORIENTED_EDGE('',*,*,#1206,.F.);
#1363 = ORIENTED_EDGE('',*,*,#236,.T.);
#1364 = PLANE('',#1365);
#1365 = AXIS2_PLACEMENT_3D('',#1366,#1367,#1368);
#1366 = CARTESIAN_POINT('',(39.25,-8.715250743307E-15,22.));
#1367 = DIRECTION('',(-2.22044604925E-16,-1.,-2.465190328816E-32));
#1368 = DIRECTION('',(-2.22044604925E-16,2.465190328816E-32,1.));
#1369 = ADVANCED_FACE('',(#1370),#1392,.F.);
#1370 = FACE_BOUND('',#1371,.T.);
#1371 = EDGE_LOOP('',(#1372,#1380,#1381,#1382));
#1372 = ORIENTED_EDGE('',*,*,#1373,.F.);
#1373 = EDGE_CURVE('',#245,#1374,#1376,.T.);
#1374 = VERTEX_POINT('',#1375);
#1375 = CARTESIAN_POINT('',(16.,-0.6,16.499999999621));
#1376 = LINE('',#1377,#1378);
#1377 = CARTESIAN_POINT('',(16.,-0.6,10.));
#1378 = VECTOR('',#1379,1.);
#1379 = DIRECTION('',(-2.22044604925E-16,2.465190328816E-32,1.));
#1380 = ORIENTED_EDGE('',*,*,#244,.T.);
#1381 = ORIENTED_EDGE('',*,*,#1326,.T.);
#1382 = ORIENTED_EDGE('',*,*,#1383,.F.);
#1383 = EDGE_CURVE('',#1374,#1327,#1384,.T.);
#1384 = ( BOUNDED_CURVE() B_SPLINE_CURVE(6,(#1385,#1386,#1387,#1388,
#1389,#1390,#1391),.UNSPECIFIED.,.F.,.F.) B_SPLINE_CURVE_WITH_KNOTS((7,7
),(113.17625575684,114.11873355292),.PIECEWISE_BEZIER_KNOTS.) CURVE() 
GEOMETRIC_REPRESENTATION_ITEM() RATIONAL_B_SPLINE_CURVE((1.,1.,1.,1.,1.,
1.,1.)) REPRESENTATION_ITEM('') );
#1385 = CARTESIAN_POINT('',(16.,-0.6,16.499999999793));
#1386 = CARTESIAN_POINT('',(16.,-0.44292108641,16.499999999798));
#1387 = CARTESIAN_POINT('',(16.049336229176,-0.285852914883,
    16.499999999802));
#1388 = CARTESIAN_POINT('',(16.148086894292,-0.148086894292,
    16.499999999806));
#1389 = CARTESIAN_POINT('',(16.285852914883,-4.933622917596E-02,
    16.499999999809));
#1390 = CARTESIAN_POINT('',(16.44292108641,-3.996802888651E-15,
    16.49999999981));
#1391 = CARTESIAN_POINT('',(16.6,-3.552713678801E-15,16.49999999981));
#1392 = CYLINDRICAL_SURFACE('',#1393,0.6);
#1393 = AXIS2_PLACEMENT_3D('',#1394,#1395,#1396);
#1394 = CARTESIAN_POINT('',(16.6,-0.6,10.));
#1395 = DIRECTION('',(-2.22044604925E-16,2.465190328816E-32,1.));
#1396 = DIRECTION('',(-1.,2.22044604925E-16,-2.22044604925E-16));
#1397 = ADVANCED_FACE('',(#1398),#1409,.F.);
#1398 = FACE_BOUND('',#1399,.T.);
#1399 = EDGE_LOOP('',(#1400,#1401,#1407,#1408));
#1400 = ORIENTED_EDGE('',*,*,#1373,.T.);
#1401 = ORIENTED_EDGE('',*,*,#1402,.F.);
#1402 = EDGE_CURVE('',#442,#1374,#1403,.T.);
#1403 = LINE('',#1404,#1405);
#1404 = CARTESIAN_POINT('',(16.,-26.99999999998,16.499999999621));
#1405 = VECTOR('',#1406,1.);
#1406 = DIRECTION('',(2.22044604925E-16,1.,2.465190328816E-32));
#1407 = ORIENTED_EDGE('',*,*,#441,.F.);
#1408 = ORIENTED_EDGE('',*,*,#253,.F.);
#1409 = PLANE('',#1410);
#1410 = AXIS2_PLACEMENT_3D('',#1411,#1412,#1413);
#1411 = CARTESIAN_POINT('',(16.,-3.552713678801E-15,10.));
#1412 = DIRECTION('',(-1.,2.22044604925E-16,-2.22044604925E-16));
#1413 = DIRECTION('',(2.22044604925E-16,1.,2.465190328816E-32));
#1414 = ADVANCED_FACE('',(#1415),#1440,.F.);
#1415 = FACE_BOUND('',#1416,.F.);
#1416 = EDGE_LOOP('',(#1417,#1418,#1426,#1434));
#1417 = ORIENTED_EDGE('',*,*,#271,.F.);
#1418 = ORIENTED_EDGE('',*,*,#1419,.T.);
#1419 = EDGE_CURVE('',#272,#1420,#1422,.T.);
#1420 = VERTEX_POINT('',#1421);
#1421 = CARTESIAN_POINT('',(-14.8,-27.,10.8));
#1422 = LINE('',#1423,#1424);
#1423 = CARTESIAN_POINT('',(-14.8,-27.,10.8));
#1424 = VECTOR('',#1425,1.);
#1425 = DIRECTION('',(0.5,3.061616997868E-17,0.866025403784));
#1426 = ORIENTED_EDGE('',*,*,#1427,.T.);
#1427 = EDGE_CURVE('',#1420,#1428,#1430,.T.);
#1428 = VERTEX_POINT('',#1429);
#1429 = CARTESIAN_POINT('',(-14.8,-0.6,10.8));
#1430 = LINE('',#1431,#1432);
#1431 = CARTESIAN_POINT('',(-14.8,-7.347880794884E-17,10.8));
#1432 = VECTOR('',#1433,1.);
#1433 = DIRECTION('',(0.,1.,0.));
#1434 = ORIENTED_EDGE('',*,*,#1435,.F.);
#1435 = EDGE_CURVE('',#274,#1428,#1436,.T.);
#1436 = LINE('',#1437,#1438);
#1437 = CARTESIAN_POINT('',(-14.8,-0.6,10.8));
#1438 = VECTOR('',#1439,1.);
#1439 = DIRECTION('',(0.5,-3.061616997868E-17,0.866025403784));
#1440 = PLANE('',#1441);
#1441 = AXIS2_PLACEMENT_3D('',#1442,#1443,#1444);
#1442 = CARTESIAN_POINT('',(-14.8,-7.347880794884E-17,10.8));
#1443 = DIRECTION('',(-0.866025403784,0.,0.5));
#1444 = DIRECTION('',(0.5,-3.061616997868E-17,0.866025403784));
#1445 = ADVANCED_FACE('',(#1446),#1465,.F.);
#1446 = FACE_BOUND('',#1447,.T.);
#1447 = EDGE_LOOP('',(#1448,#1449,#1450,#1459));
#1448 = ORIENTED_EDGE('',*,*,#281,.T.);
#1449 = ORIENTED_EDGE('',*,*,#1419,.T.);
#1450 = ORIENTED_EDGE('',*,*,#1451,.F.);
#1451 = EDGE_CURVE('',#1452,#1420,#1454,.T.);
#1452 = VERTEX_POINT('',#1453);
#1453 = CARTESIAN_POINT('',(-13.,-28.8,10.8));
#1454 = CIRCLE('',#1455,1.8);
#1455 = AXIS2_PLACEMENT_3D('',#1456,#1457,#1458);
#1456 = CARTESIAN_POINT('',(-13.,-27.,10.8));
#1457 = DIRECTION('',(-0.,-0.,-1.));
#1458 = DIRECTION('',(0.,-1.,0.));
#1459 = ORIENTED_EDGE('',*,*,#1460,.F.);
#1460 = EDGE_CURVE('',#282,#1452,#1461,.T.);
#1461 = LINE('',#1462,#1463);
#1462 = CARTESIAN_POINT('',(-13.,-28.8,10.8));
#1463 = VECTOR('',#1464,1.);
#1464 = DIRECTION('',(6.123233995737E-17,0.5,0.866025403784));
#1465 = CONICAL_SURFACE('',#1466,1.8,0.523598775598);
#1466 = AXIS2_PLACEMENT_3D('',#1467,#1468,#1469);
#1467 = CARTESIAN_POINT('',(-13.,-27.,10.8));
#1468 = DIRECTION('',(-0.,-0.,-1.));
#1469 = DIRECTION('',(0.,-1.,0.));
#1470 = ADVANCED_FACE('',(#1471),#1521,.T.);
#1471 = FACE_BOUND('',#1472,.T.);
#1472 = EDGE_LOOP('',(#1473,#1474,#1475,#1483,#1491,#1499,#1507,#1515));
#1473 = ORIENTED_EDGE('',*,*,#290,.T.);
#1474 = ORIENTED_EDGE('',*,*,#1460,.T.);
#1475 = ORIENTED_EDGE('',*,*,#1476,.F.);
#1476 = EDGE_CURVE('',#1477,#1452,#1479,.T.);
#1477 = VERTEX_POINT('',#1478);
#1478 = CARTESIAN_POINT('',(-4.5,-28.8,10.8));
#1479 = LINE('',#1480,#1481);
#1480 = CARTESIAN_POINT('',(-16.,-28.8,10.8));
#1481 = VECTOR('',#1482,1.);
#1482 = DIRECTION('',(-1.,0.,0.));
#1483 = ORIENTED_EDGE('',*,*,#1484,.F.);
#1484 = EDGE_CURVE('',#1485,#1477,#1487,.T.);
#1485 = VERTEX_POINT('',#1486);
#1486 = CARTESIAN_POINT('',(-4.5,-28.3,11.666025403784));
#1487 = LINE('',#1488,#1489);
#1488 = CARTESIAN_POINT('',(-4.5,-28.3,11.666025403784));
#1489 = VECTOR('',#1490,1.);
#1490 = DIRECTION('',(-0.,-0.5,-0.866025403784));
#1491 = ORIENTED_EDGE('',*,*,#1492,.T.);
#1492 = EDGE_CURVE('',#1485,#1493,#1495,.T.);
#1493 = VERTEX_POINT('',#1494);
#1494 = CARTESIAN_POINT('',(4.5,-28.3,11.666025403784));
#1495 = LINE('',#1496,#1497);
#1496 = CARTESIAN_POINT('',(-4.5,-28.3,11.666025403784));
#1497 = VECTOR('',#1498,1.);
#1498 = DIRECTION('',(1.,0.,0.));
#1499 = ORIENTED_EDGE('',*,*,#1500,.T.);
#1500 = EDGE_CURVE('',#1493,#1501,#1503,.T.);
#1501 = VERTEX_POINT('',#1502);
#1502 = CARTESIAN_POINT('',(4.5,-28.8,10.8));
#1503 = LINE('',#1504,#1505);
#1504 = CARTESIAN_POINT('',(4.5,-28.3,11.666025403784));
#1505 = VECTOR('',#1506,1.);
#1506 = DIRECTION('',(-0.,-0.5,-0.866025403784));
#1507 = ORIENTED_EDGE('',*,*,#1508,.F.);
#1508 = EDGE_CURVE('',#1509,#1501,#1511,.T.);
#1509 = VERTEX_POINT('',#1510);
#1510 = CARTESIAN_POINT('',(13.,-28.8,10.8));
#1511 = LINE('',#1512,#1513);
#1512 = CARTESIAN_POINT('',(-16.,-28.8,10.8));
#1513 = VECTOR('',#1514,1.);
#1514 = DIRECTION('',(-1.,0.,0.));
#1515 = ORIENTED_EDGE('',*,*,#1516,.F.);
#1516 = EDGE_CURVE('',#291,#1509,#1517,.T.);
#1517 = LINE('',#1518,#1519);
#1518 = CARTESIAN_POINT('',(13.,-28.8,10.8));
#1519 = VECTOR('',#1520,1.);
#1520 = DIRECTION('',(-1.425063061332E-16,0.5,0.866025403784));
#1521 = PLANE('',#1522);
#1522 = AXIS2_PLACEMENT_3D('',#1523,#1524,#1525);
#1523 = CARTESIAN_POINT('',(-3.498799039244E-15,-28.93314023883,
    10.569394341807));
#1524 = DIRECTION('',(0.,0.866025403784,-0.5));
#1525 = DIRECTION('',(0.,0.5,0.866025403784));
#1526 = ADVANCED_FACE('',(#1527),#1546,.F.);
#1527 = FACE_BOUND('',#1528,.F.);
#1528 = EDGE_LOOP('',(#1529,#1530,#1538,#1545));
#1529 = ORIENTED_EDGE('',*,*,#298,.T.);
#1530 = ORIENTED_EDGE('',*,*,#1531,.T.);
#1531 = EDGE_CURVE('',#299,#1532,#1534,.T.);
#1532 = VERTEX_POINT('',#1533);
#1533 = CARTESIAN_POINT('',(14.8,-27.,10.8));
#1534 = LINE('',#1535,#1536);
#1535 = CARTESIAN_POINT('',(14.8,-27.,10.8));
#1536 = VECTOR('',#1537,1.);
#1537 = DIRECTION('',(-0.5,1.416384724412E-16,0.866025403784));
#1538 = ORIENTED_EDGE('',*,*,#1539,.F.);
#1539 = EDGE_CURVE('',#1509,#1532,#1540,.T.);
#1540 = CIRCLE('',#1541,1.8);
#1541 = AXIS2_PLACEMENT_3D('',#1542,#1543,#1544);
#1542 = CARTESIAN_POINT('',(13.,-27.,10.8));
#1543 = DIRECTION('',(-2.22044604925E-16,2.465190328816E-32,1.));
#1544 = DIRECTION('',(-2.22044604925E-16,-1.,-2.465190328816E-32));
#1545 = ORIENTED_EDGE('',*,*,#1516,.F.);
#1546 = CONICAL_SURFACE('',#1547,1.8,0.523598775598);
#1547 = AXIS2_PLACEMENT_3D('',#1548,#1549,#1550);
#1548 = CARTESIAN_POINT('',(13.,-27.,10.8));
#1549 = DIRECTION('',(2.22044604925E-16,-2.465190328816E-32,-1.));
#1550 = DIRECTION('',(-2.22044604925E-16,-1.,-2.465190328816E-32));
#1551 = ADVANCED_FACE('',(#1552),#1570,.F.);
#1552 = FACE_BOUND('',#1553,.T.);
#1553 = EDGE_LOOP('',(#1554,#1555,#1556,#1564));
#1554 = ORIENTED_EDGE('',*,*,#307,.F.);
#1555 = ORIENTED_EDGE('',*,*,#1531,.T.);
#1556 = ORIENTED_EDGE('',*,*,#1557,.T.);
#1557 = EDGE_CURVE('',#1532,#1558,#1560,.T.);
#1558 = VERTEX_POINT('',#1559);
#1559 = CARTESIAN_POINT('',(14.8,-0.6,10.8));
#1560 = LINE('',#1561,#1562);
#1561 = CARTESIAN_POINT('',(14.8,-3.359738960839E-15,10.8));
#1562 = VECTOR('',#1563,1.);
#1563 = DIRECTION('',(2.22044604925E-16,1.,2.465190328816E-32));
#1564 = ORIENTED_EDGE('',*,*,#1565,.F.);
#1565 = EDGE_CURVE('',#308,#1558,#1566,.T.);
#1566 = LINE('',#1567,#1568);
#1567 = CARTESIAN_POINT('',(14.8,-0.6,10.8));
#1568 = VECTOR('',#1569,1.);
#1569 = DIRECTION('',(-0.5,8.040613248383E-17,0.866025403784));
#1570 = PLANE('',#1571);
#1571 = AXIS2_PLACEMENT_3D('',#1572,#1573,#1574);
#1572 = CARTESIAN_POINT('',(14.8,-3.359738960839E-15,10.8));
#1573 = DIRECTION('',(0.866025403784,-1.922962686384E-16,0.5));
#1574 = DIRECTION('',(0.5,-8.040613248383E-17,-0.866025403784));
#1575 = ADVANCED_FACE('',(#1576),#1595,.T.);
#1576 = FACE_BOUND('',#1577,.F.);
#1577 = EDGE_LOOP('',(#1578,#1579,#1587,#1594));
#1578 = ORIENTED_EDGE('',*,*,#315,.T.);
#1579 = ORIENTED_EDGE('',*,*,#1580,.T.);
#1580 = EDGE_CURVE('',#316,#1581,#1583,.T.);
#1581 = VERTEX_POINT('',#1582);
#1582 = CARTESIAN_POINT('',(16.6,1.2,10.8));
#1583 = LINE('',#1584,#1585);
#1584 = CARTESIAN_POINT('',(16.6,1.2,10.8));
#1585 = VECTOR('',#1586,1.);
#1586 = DIRECTION('',(-1.425063061332E-16,0.5,0.866025403784));
#1587 = ORIENTED_EDGE('',*,*,#1588,.F.);
#1588 = EDGE_CURVE('',#1558,#1581,#1589,.T.);
#1589 = CIRCLE('',#1590,1.8);
#1590 = AXIS2_PLACEMENT_3D('',#1591,#1592,#1593);
#1591 = CARTESIAN_POINT('',(16.6,-0.6,10.8));
#1592 = DIRECTION('',(2.22044604925E-16,-2.465190328816E-32,-1.));
#1593 = DIRECTION('',(-2.22044604925E-16,-1.,-2.465190328816E-32));
#1594 = ORIENTED_EDGE('',*,*,#1565,.F.);
#1595 = CONICAL_SURFACE('',#1596,1.8,0.523598775598);
#1596 = AXIS2_PLACEMENT_3D('',#1597,#1598,#1599);
#1597 = CARTESIAN_POINT('',(16.6,-0.6,10.8));
#1598 = DIRECTION('',(-2.22044604925E-16,2.465190328816E-32,1.));
#1599 = DIRECTION('',(-2.22044604925E-16,-1.,-2.465190328816E-32));
#1600 = ADVANCED_FACE('',(#1601),#1651,.T.);
#1601 = FACE_BOUND('',#1602,.T.);
#1602 = EDGE_LOOP('',(#1603,#1604,#1605,#1613,#1621,#1629,#1637,#1645));
#1603 = ORIENTED_EDGE('',*,*,#324,.F.);
#1604 = ORIENTED_EDGE('',*,*,#1580,.T.);
#1605 = ORIENTED_EDGE('',*,*,#1606,.T.);
#1606 = EDGE_CURVE('',#1581,#1607,#1609,.T.);
#1607 = VERTEX_POINT('',#1608);
#1608 = CARTESIAN_POINT('',(40.5,1.2,10.8));
#1609 = LINE('',#1610,#1611);
#1610 = CARTESIAN_POINT('',(42.5,1.2,10.8));
#1611 = VECTOR('',#1612,1.);
#1612 = DIRECTION('',(1.,-2.22044604925E-16,2.22044604925E-16));
#1613 = ORIENTED_EDGE('',*,*,#1614,.F.);
#1614 = EDGE_CURVE('',#1615,#1607,#1617,.T.);
#1615 = VERTEX_POINT('',#1616);
#1616 = CARTESIAN_POINT('',(40.5,1.7,11.666025403784));
#1617 = LINE('',#1618,#1619);
#1618 = CARTESIAN_POINT('',(40.5,1.7,11.666025403784));
#1619 = VECTOR('',#1620,1.);
#1620 = DIRECTION('',(-0.,-0.5,-0.866025403784));
#1621 = ORIENTED_EDGE('',*,*,#1622,.T.);
#1622 = EDGE_CURVE('',#1615,#1623,#1625,.T.);
#1623 = VERTEX_POINT('',#1624);
#1624 = CARTESIAN_POINT('',(49.5,1.7,11.666025403784));
#1625 = LINE('',#1626,#1627);
#1626 = CARTESIAN_POINT('',(40.5,1.7,11.666025403784));
#1627 = VECTOR('',#1628,1.);
#1628 = DIRECTION('',(1.,0.,0.));
#1629 = ORIENTED_EDGE('',*,*,#1630,.T.);
#1630 = EDGE_CURVE('',#1623,#1631,#1633,.T.);
#1631 = VERTEX_POINT('',#1632);
#1632 = CARTESIAN_POINT('',(49.5,1.2,10.8));
#1633 = LINE('',#1634,#1635);
#1634 = CARTESIAN_POINT('',(49.5,1.7,11.666025403784));
#1635 = VECTOR('',#1636,1.);
#1636 = DIRECTION('',(-0.,-0.5,-0.866025403784));
#1637 = ORIENTED_EDGE('',*,*,#1638,.T.);
#1638 = EDGE_CURVE('',#1631,#1639,#1641,.T.);
#1639 = VERTEX_POINT('',#1640);
#1640 = CARTESIAN_POINT('',(59.5,1.2,10.8));
#1641 = LINE('',#1642,#1643);
#1642 = CARTESIAN_POINT('',(42.5,1.2,10.8));
#1643 = VECTOR('',#1644,1.);
#1644 = DIRECTION('',(1.,-2.22044604925E-16,2.22044604925E-16));
#1645 = ORIENTED_EDGE('',*,*,#1646,.F.);
#1646 = EDGE_CURVE('',#325,#1639,#1647,.T.);
#1647 = LINE('',#1648,#1649);
#1648 = CARTESIAN_POINT('',(59.5,1.2,10.8));
#1649 = VECTOR('',#1650,1.);
#1650 = DIRECTION('',(-1.425063061332E-16,0.5,0.866025403784));
#1651 = PLANE('',#1652);
#1652 = AXIS2_PLACEMENT_3D('',#1653,#1654,#1655);
#1653 = CARTESIAN_POINT('',(38.205051694307,1.029986063655,
    10.505527224255));
#1654 = DIRECTION('',(2.094538154779E-16,0.866025403784,-0.5));
#1655 = DIRECTION('',(0.,0.5,0.866025403784));
#1656 = ADVANCED_FACE('',(#1657),#1676,.F.);
#1657 = FACE_BOUND('',#1658,.F.);
#1658 = EDGE_LOOP('',(#1659,#1660,#1668,#1675));
#1659 = ORIENTED_EDGE('',*,*,#332,.T.);
#1660 = ORIENTED_EDGE('',*,*,#1661,.T.);
#1661 = EDGE_CURVE('',#333,#1662,#1664,.T.);
#1662 = VERTEX_POINT('',#1663);
#1663 = CARTESIAN_POINT('',(61.3,3.,10.8));
#1664 = LINE('',#1665,#1666);
#1665 = CARTESIAN_POINT('',(61.3,3.,10.8));
#1666 = VECTOR('',#1667,1.);
#1667 = DIRECTION('',(-0.5,1.416384724412E-16,0.866025403784));
#1668 = ORIENTED_EDGE('',*,*,#1669,.F.);
#1669 = EDGE_CURVE('',#1639,#1662,#1670,.T.);
#1670 = CIRCLE('',#1671,1.8);
#1671 = AXIS2_PLACEMENT_3D('',#1672,#1673,#1674);
#1672 = CARTESIAN_POINT('',(59.5,3.,10.8));
#1673 = DIRECTION('',(-2.22044604925E-16,2.465190328816E-32,1.));
#1674 = DIRECTION('',(-2.22044604925E-16,-1.,-2.465190328816E-32));
#1675 = ORIENTED_EDGE('',*,*,#1646,.F.);
#1676 = CONICAL_SURFACE('',#1677,1.8,0.523598775598);
#1677 = AXIS2_PLACEMENT_3D('',#1678,#1679,#1680);
#1678 = CARTESIAN_POINT('',(59.5,3.,10.8));
#1679 = DIRECTION('',(2.22044604925E-16,-2.465190328816E-32,-1.));
#1680 = DIRECTION('',(-2.22044604925E-16,-1.,-2.465190328816E-32));
#1681 = ADVANCED_FACE('',(#1682),#1700,.F.);
#1682 = FACE_BOUND('',#1683,.T.);
#1683 = EDGE_LOOP('',(#1684,#1685,#1686,#1694));
#1684 = ORIENTED_EDGE('',*,*,#341,.F.);
#1685 = ORIENTED_EDGE('',*,*,#1661,.T.);
#1686 = ORIENTED_EDGE('',*,*,#1687,.T.);
#1687 = EDGE_CURVE('',#1662,#1688,#1690,.T.);
#1688 = VERTEX_POINT('',#1689);
#1689 = CARTESIAN_POINT('',(61.3,27.,10.8));
#1690 = LINE('',#1691,#1692);
#1691 = CARTESIAN_POINT('',(61.3,30.,10.8));
#1692 = VECTOR('',#1693,1.);
#1693 = DIRECTION('',(2.22044604925E-16,1.,2.465190328816E-32));
#1694 = ORIENTED_EDGE('',*,*,#1695,.F.);
#1695 = EDGE_CURVE('',#342,#1688,#1696,.T.);
#1696 = LINE('',#1697,#1698);
#1697 = CARTESIAN_POINT('',(61.3,27.,10.8));
#1698 = VECTOR('',#1699,1.);
#1699 = DIRECTION('',(-0.5,8.040613248383E-17,0.866025403784));
#1700 = PLANE('',#1701);
#1701 = AXIS2_PLACEMENT_3D('',#1702,#1703,#1704);
#1702 = CARTESIAN_POINT('',(61.3,30.,10.8));
#1703 = DIRECTION('',(0.866025403784,-1.922962686384E-16,0.5));
#1704 = DIRECTION('',(0.5,-8.040613248383E-17,-0.866025403784));
#1705 = ADVANCED_FACE('',(#1706),#1725,.F.);
#1706 = FACE_BOUND('',#1707,.F.);
#1707 = EDGE_LOOP('',(#1708,#1709,#1717,#1724));
#1708 = ORIENTED_EDGE('',*,*,#349,.T.);
#1709 = ORIENTED_EDGE('',*,*,#1710,.T.);
#1710 = EDGE_CURVE('',#350,#1711,#1713,.T.);
#1711 = VERTEX_POINT('',#1712);
#1712 = CARTESIAN_POINT('',(59.5,28.8,10.8));
#1713 = LINE('',#1714,#1715);
#1714 = CARTESIAN_POINT('',(59.5,28.8,10.8));
#1715 = VECTOR('',#1716,1.);
#1716 = DIRECTION('',(-3.645509110582E-16,-0.5,0.866025403784));
#1717 = ORIENTED_EDGE('',*,*,#1718,.F.);
#1718 = EDGE_CURVE('',#1688,#1711,#1719,.T.);
#1719 = CIRCLE('',#1720,1.8);
#1720 = AXIS2_PLACEMENT_3D('',#1721,#1722,#1723);
#1721 = CARTESIAN_POINT('',(59.5,27.,10.8));
#1722 = DIRECTION('',(-2.22044604925E-16,2.465190328816E-32,1.));
#1723 = DIRECTION('',(-2.22044604925E-16,-1.,-2.465190328816E-32));
#1724 = ORIENTED_EDGE('',*,*,#1695,.F.);
#1725 = CONICAL_SURFACE('',#1726,1.8,0.523598775598);
#1726 = AXIS2_PLACEMENT_3D('',#1727,#1728,#1729);
#1727 = CARTESIAN_POINT('',(59.5,27.,10.8));
#1728 = DIRECTION('',(2.22044604925E-16,-2.465190328816E-32,-1.));
#1729 = DIRECTION('',(-2.22044604925E-16,-1.,-2.465190328816E-32));
#1730 = ADVANCED_FACE('',(#1731),#1845,.T.);
#1731 = FACE_BOUND('',#1732,.T.);
#1732 = EDGE_LOOP('',(#1733,#1734,#1735,#1743,#1751,#1759,#1767,#1775,
    #1783,#1791,#1799,#1807,#1815,#1823,#1831,#1839));
#1733 = ORIENTED_EDGE('',*,*,#358,.F.);
#1734 = ORIENTED_EDGE('',*,*,#1710,.T.);
#1735 = ORIENTED_EDGE('',*,*,#1736,.T.);
#1736 = EDGE_CURVE('',#1711,#1737,#1739,.T.);
#1737 = VERTEX_POINT('',#1738);
#1738 = CARTESIAN_POINT('',(49.5,28.8,10.8));
#1739 = LINE('',#1740,#1741);
#1740 = CARTESIAN_POINT('',(47.5,28.8,10.8));
#1741 = VECTOR('',#1742,1.);
#1742 = DIRECTION('',(-1.,2.22044604925E-16,-2.22044604925E-16));
#1743 = ORIENTED_EDGE('',*,*,#1744,.F.);
#1744 = EDGE_CURVE('',#1745,#1737,#1747,.T.);
#1745 = VERTEX_POINT('',#1746);
#1746 = CARTESIAN_POINT('',(49.5,28.3,11.666025403784));
#1747 = LINE('',#1748,#1749);
#1748 = CARTESIAN_POINT('',(49.5,28.3,11.666025403784));
#1749 = VECTOR('',#1750,1.);
#1750 = DIRECTION('',(0.,0.5,-0.866025403784));
#1751 = ORIENTED_EDGE('',*,*,#1752,.F.);
#1752 = EDGE_CURVE('',#1753,#1745,#1755,.T.);
#1753 = VERTEX_POINT('',#1754);
#1754 = CARTESIAN_POINT('',(40.5,28.3,11.666025403784));
#1755 = LINE('',#1756,#1757);
#1756 = CARTESIAN_POINT('',(40.5,28.3,11.666025403784));
#1757 = VECTOR('',#1758,1.);
#1758 = DIRECTION('',(1.,0.,0.));
#1759 = ORIENTED_EDGE('',*,*,#1760,.T.);
#1760 = EDGE_CURVE('',#1753,#1761,#1763,.T.);
#1761 = VERTEX_POINT('',#1762);
#1762 = CARTESIAN_POINT('',(40.5,28.8,10.8));
#1763 = LINE('',#1764,#1765);
#1764 = CARTESIAN_POINT('',(40.5,28.3,11.666025403784));
#1765 = VECTOR('',#1766,1.);
#1766 = DIRECTION('',(0.,0.5,-0.866025403784));
#1767 = ORIENTED_EDGE('',*,*,#1768,.T.);
#1768 = EDGE_CURVE('',#1761,#1769,#1771,.T.);
#1769 = VERTEX_POINT('',#1770);
#1770 = CARTESIAN_POINT('',(4.5,28.8,10.8));
#1771 = LINE('',#1772,#1773);
#1772 = CARTESIAN_POINT('',(47.5,28.8,10.8));
#1773 = VECTOR('',#1774,1.);
#1774 = DIRECTION('',(-1.,2.22044604925E-16,-2.22044604925E-16));
#1775 = ORIENTED_EDGE('',*,*,#1776,.F.);
#1776 = EDGE_CURVE('',#1777,#1769,#1779,.T.);
#1777 = VERTEX_POINT('',#1778);
#1778 = CARTESIAN_POINT('',(4.5,28.3,11.666025403784));
#1779 = LINE('',#1780,#1781);
#1780 = CARTESIAN_POINT('',(4.5,28.3,11.666025403784));
#1781 = VECTOR('',#1782,1.);
#1782 = DIRECTION('',(0.,0.5,-0.866025403784));
#1783 = ORIENTED_EDGE('',*,*,#1784,.F.);
#1784 = EDGE_CURVE('',#1785,#1777,#1787,.T.);
#1785 = VERTEX_POINT('',#1786);
#1786 = CARTESIAN_POINT('',(-4.5,28.3,11.666025403784));
#1787 = LINE('',#1788,#1789);
#1788 = CARTESIAN_POINT('',(-4.5,28.3,11.666025403784));
#1789 = VECTOR('',#1790,1.);
#1790 = DIRECTION('',(1.,0.,0.));
#1791 = ORIENTED_EDGE('',*,*,#1792,.T.);
#1792 = EDGE_CURVE('',#1785,#1793,#1795,.T.);
#1793 = VERTEX_POINT('',#1794);
#1794 = CARTESIAN_POINT('',(-4.5,28.8,10.8));
#1795 = LINE('',#1796,#1797);
#1796 = CARTESIAN_POINT('',(-4.5,28.3,11.666025403784));
#1797 = VECTOR('',#1798,1.);
#1798 = DIRECTION('',(0.,0.5,-0.866025403784));
#1799 = ORIENTED_EDGE('',*,*,#1800,.T.);
#1800 = EDGE_CURVE('',#1793,#1801,#1803,.T.);
#1801 = VERTEX_POINT('',#1802);
#1802 = CARTESIAN_POINT('',(-40.5,28.8,10.8));
#1803 = LINE('',#1804,#1805);
#1804 = CARTESIAN_POINT('',(47.5,28.8,10.8));
#1805 = VECTOR('',#1806,1.);
#1806 = DIRECTION('',(-1.,2.22044604925E-16,-2.22044604925E-16));
#1807 = ORIENTED_EDGE('',*,*,#1808,.F.);
#1808 = EDGE_CURVE('',#1809,#1801,#1811,.T.);
#1809 = VERTEX_POINT('',#1810);
#1810 = CARTESIAN_POINT('',(-40.5,28.3,11.666025403784));
#1811 = LINE('',#1812,#1813);
#1812 = CARTESIAN_POINT('',(-40.5,28.3,11.666025403784));
#1813 = VECTOR('',#1814,1.);
#1814 = DIRECTION('',(0.,0.5,-0.866025403784));
#1815 = ORIENTED_EDGE('',*,*,#1816,.F.);
#1816 = EDGE_CURVE('',#1817,#1809,#1819,.T.);
#1817 = VERTEX_POINT('',#1818);
#1818 = CARTESIAN_POINT('',(-49.5,28.3,11.666025403784));
#1819 = LINE('',#1820,#1821);
#1820 = CARTESIAN_POINT('',(-49.5,28.3,11.666025403784));
#1821 = VECTOR('',#1822,1.);
#1822 = DIRECTION('',(1.,0.,0.));
#1823 = ORIENTED_EDGE('',*,*,#1824,.T.);
#1824 = EDGE_CURVE('',#1817,#1825,#1827,.T.);
#1825 = VERTEX_POINT('',#1826);
#1826 = CARTESIAN_POINT('',(-49.5,28.8,10.8));
#1827 = LINE('',#1828,#1829);
#1828 = CARTESIAN_POINT('',(-49.5,28.3,11.666025403784));
#1829 = VECTOR('',#1830,1.);
#1830 = DIRECTION('',(0.,0.5,-0.866025403784));
#1831 = ORIENTED_EDGE('',*,*,#1832,.T.);
#1832 = EDGE_CURVE('',#1825,#1833,#1835,.T.);
#1833 = VERTEX_POINT('',#1834);
#1834 = CARTESIAN_POINT('',(-59.5,28.8,10.8));
#1835 = LINE('',#1836,#1837);
#1836 = CARTESIAN_POINT('',(47.5,28.8,10.8));
#1837 = VECTOR('',#1838,1.);
#1838 = DIRECTION('',(-1.,2.22044604925E-16,-2.22044604925E-16));
#1839 = ORIENTED_EDGE('',*,*,#1840,.F.);
#1840 = EDGE_CURVE('',#359,#1833,#1841,.T.);
#1841 = LINE('',#1842,#1843);
#1842 = CARTESIAN_POINT('',(-59.5,28.8,10.8));
#1843 = VECTOR('',#1844,1.);
#1844 = DIRECTION('',(6.123233995737E-17,-0.5,0.866025403784));
#1845 = PLANE('',#1846);
#1846 = AXIS2_PLACEMENT_3D('',#1847,#1848,#1849);
#1847 = CARTESIAN_POINT('',(6.70520955911E-15,28.964290500681,
    10.515440505619));
#1848 = DIRECTION('',(-0.,-0.866025403784,-0.5));
#1849 = DIRECTION('',(0.,0.5,-0.866025403784));
#1850 = ADVANCED_FACE('',(#1851),#1870,.F.);
#1851 = FACE_BOUND('',#1852,.T.);
#1852 = EDGE_LOOP('',(#1853,#1854,#1855,#1864));
#1853 = ORIENTED_EDGE('',*,*,#366,.T.);
#1854 = ORIENTED_EDGE('',*,*,#1840,.T.);
#1855 = ORIENTED_EDGE('',*,*,#1856,.F.);
#1856 = EDGE_CURVE('',#1857,#1833,#1859,.T.);
#1857 = VERTEX_POINT('',#1858);
#1858 = CARTESIAN_POINT('',(-61.3,27.,10.8));
#1859 = CIRCLE('',#1860,1.8);
#1860 = AXIS2_PLACEMENT_3D('',#1861,#1862,#1863);
#1861 = CARTESIAN_POINT('',(-59.5,27.,10.8));
#1862 = DIRECTION('',(-0.,-0.,-1.));
#1863 = DIRECTION('',(0.,-1.,0.));
#1864 = ORIENTED_EDGE('',*,*,#1865,.F.);
#1865 = EDGE_CURVE('',#367,#1857,#1866,.T.);
#1866 = LINE('',#1867,#1868);
#1867 = CARTESIAN_POINT('',(-61.3,27.,10.8));
#1868 = VECTOR('',#1869,1.);
#1869 = DIRECTION('',(0.5,-3.061616997868E-17,0.866025403784));
#1870 = CONICAL_SURFACE('',#1871,1.8,0.523598775598);
#1871 = AXIS2_PLACEMENT_3D('',#1872,#1873,#1874);
#1872 = CARTESIAN_POINT('',(-59.5,27.,10.8));
#1873 = DIRECTION('',(-0.,-0.,-1.));
#1874 = DIRECTION('',(0.,-1.,0.));
#1875 = ADVANCED_FACE('',(#1876),#1894,.F.);
#1876 = FACE_BOUND('',#1877,.F.);
#1877 = EDGE_LOOP('',(#1878,#1879,#1887,#1893));
#1878 = ORIENTED_EDGE('',*,*,#375,.F.);
#1879 = ORIENTED_EDGE('',*,*,#1880,.T.);
#1880 = EDGE_CURVE('',#376,#1881,#1883,.T.);
#1881 = VERTEX_POINT('',#1882);
#1882 = CARTESIAN_POINT('',(-61.3,3.,10.8));
#1883 = LINE('',#1884,#1885);
#1884 = CARTESIAN_POINT('',(-61.3,3.,10.8));
#1885 = VECTOR('',#1886,1.);
#1886 = DIRECTION('',(0.5,3.061616997868E-17,0.866025403784));
#1887 = ORIENTED_EDGE('',*,*,#1888,.T.);
#1888 = EDGE_CURVE('',#1881,#1857,#1889,.T.);
#1889 = LINE('',#1890,#1891);
#1890 = CARTESIAN_POINT('',(-61.3,30.,10.8));
#1891 = VECTOR('',#1892,1.);
#1892 = DIRECTION('',(0.,1.,0.));
#1893 = ORIENTED_EDGE('',*,*,#1865,.F.);
#1894 = PLANE('',#1895);
#1895 = AXIS2_PLACEMENT_3D('',#1896,#1897,#1898);
#1896 = CARTESIAN_POINT('',(-61.3,30.,10.8));
#1897 = DIRECTION('',(-0.866025403784,0.,0.5));
#1898 = DIRECTION('',(0.5,-3.061616997868E-17,0.866025403784));
#1899 = ADVANCED_FACE('',(#1900),#1919,.F.);
#1900 = FACE_BOUND('',#1901,.T.);
#1901 = EDGE_LOOP('',(#1902,#1903,#1904,#1913));
#1902 = ORIENTED_EDGE('',*,*,#383,.T.);
#1903 = ORIENTED_EDGE('',*,*,#1880,.T.);
#1904 = ORIENTED_EDGE('',*,*,#1905,.F.);
#1905 = EDGE_CURVE('',#1906,#1881,#1908,.T.);
#1906 = VERTEX_POINT('',#1907);
#1907 = CARTESIAN_POINT('',(-59.5,1.2,10.8));
#1908 = CIRCLE('',#1909,1.8);
#1909 = AXIS2_PLACEMENT_3D('',#1910,#1911,#1912);
#1910 = CARTESIAN_POINT('',(-59.5,3.,10.8));
#1911 = DIRECTION('',(-0.,-0.,-1.));
#1912 = DIRECTION('',(0.,-1.,0.));
#1913 = ORIENTED_EDGE('',*,*,#1914,.F.);
#1914 = EDGE_CURVE('',#384,#1906,#1915,.T.);
#1915 = LINE('',#1916,#1917);
#1916 = CARTESIAN_POINT('',(-59.5,1.2,10.8));
#1917 = VECTOR('',#1918,1.);
#1918 = DIRECTION('',(6.123233995737E-17,0.5,0.866025403784));
#1919 = CONICAL_SURFACE('',#1920,1.8,0.523598775598);
#1920 = AXIS2_PLACEMENT_3D('',#1921,#1922,#1923);
#1921 = CARTESIAN_POINT('',(-59.5,3.,10.8));
#1922 = DIRECTION('',(-0.,-0.,-1.));
#1923 = DIRECTION('',(0.,-1.,0.));
#1924 = ADVANCED_FACE('',(#1925),#1975,.T.);
#1925 = FACE_BOUND('',#1926,.T.);
#1926 = EDGE_LOOP('',(#1927,#1928,#1929,#1937,#1945,#1953,#1961,#1969));
#1927 = ORIENTED_EDGE('',*,*,#392,.T.);
#1928 = ORIENTED_EDGE('',*,*,#1914,.T.);
#1929 = ORIENTED_EDGE('',*,*,#1930,.F.);
#1930 = EDGE_CURVE('',#1931,#1906,#1933,.T.);
#1931 = VERTEX_POINT('',#1932);
#1932 = CARTESIAN_POINT('',(-49.5,1.2,10.8));
#1933 = LINE('',#1934,#1935);
#1934 = CARTESIAN_POINT('',(-42.5,1.2,10.8));
#1935 = VECTOR('',#1936,1.);
#1936 = DIRECTION('',(-1.,0.,0.));
#1937 = ORIENTED_EDGE('',*,*,#1938,.F.);
#1938 = EDGE_CURVE('',#1939,#1931,#1941,.T.);
#1939 = VERTEX_POINT('',#1940);
#1940 = CARTESIAN_POINT('',(-49.5,1.7,11.666025403784));
#1941 = LINE('',#1942,#1943);
#1942 = CARTESIAN_POINT('',(-49.5,1.7,11.666025403784));
#1943 = VECTOR('',#1944,1.);
#1944 = DIRECTION('',(-0.,-0.5,-0.866025403784));
#1945 = ORIENTED_EDGE('',*,*,#1946,.T.);
#1946 = EDGE_CURVE('',#1939,#1947,#1949,.T.);
#1947 = VERTEX_POINT('',#1948);
#1948 = CARTESIAN_POINT('',(-40.5,1.7,11.666025403784));
#1949 = LINE('',#1950,#1951);
#1950 = CARTESIAN_POINT('',(-49.5,1.7,11.666025403784));
#1951 = VECTOR('',#1952,1.);
#1952 = DIRECTION('',(1.,0.,0.));
#1953 = ORIENTED_EDGE('',*,*,#1954,.T.);
#1954 = EDGE_CURVE('',#1947,#1955,#1957,.T.);
#1955 = VERTEX_POINT('',#1956);
#1956 = CARTESIAN_POINT('',(-40.5,1.2,10.8));
#1957 = LINE('',#1958,#1959);
#1958 = CARTESIAN_POINT('',(-40.5,1.7,11.666025403784));
#1959 = VECTOR('',#1960,1.);
#1960 = DIRECTION('',(-0.,-0.5,-0.866025403784));
#1961 = ORIENTED_EDGE('',*,*,#1962,.F.);
#1962 = EDGE_CURVE('',#1963,#1955,#1965,.T.);
#1963 = VERTEX_POINT('',#1964);
#1964 = CARTESIAN_POINT('',(-16.6,1.2,10.8));
#1965 = LINE('',#1966,#1967);
#1966 = CARTESIAN_POINT('',(-42.5,1.2,10.8));
#1967 = VECTOR('',#1968,1.);
#1968 = DIRECTION('',(-1.,0.,0.));
#1969 = ORIENTED_EDGE('',*,*,#1970,.F.);
#1970 = EDGE_CURVE('',#393,#1963,#1971,.T.);
#1971 = LINE('',#1972,#1973);
#1972 = CARTESIAN_POINT('',(-16.6,1.2,10.8));
#1973 = VECTOR('',#1974,1.);
#1974 = DIRECTION('',(6.123233995737E-17,0.5,0.866025403784));
#1975 = PLANE('',#1976);
#1976 = AXIS2_PLACEMENT_3D('',#1977,#1978,#1979);
#1977 = CARTESIAN_POINT('',(-38.2050516943,1.029986063655,
    10.505527224255));
#1978 = DIRECTION('',(0.,0.866025403784,-0.5));
#1979 = DIRECTION('',(0.,0.5,0.866025403784));
#1980 = ADVANCED_FACE('',(#1981),#1993,.T.);
#1981 = FACE_BOUND('',#1982,.T.);
#1982 = EDGE_LOOP('',(#1983,#1984,#1985,#1992));
#1983 = ORIENTED_EDGE('',*,*,#400,.T.);
#1984 = ORIENTED_EDGE('',*,*,#1970,.T.);
#1985 = ORIENTED_EDGE('',*,*,#1986,.F.);
#1986 = EDGE_CURVE('',#1428,#1963,#1987,.T.);
#1987 = CIRCLE('',#1988,1.8);
#1988 = AXIS2_PLACEMENT_3D('',#1989,#1990,#1991);
#1989 = CARTESIAN_POINT('',(-16.6,-0.6,10.8));
#1990 = DIRECTION('',(-0.,0.,1.));
#1991 = DIRECTION('',(0.,-1.,0.));
#1992 = ORIENTED_EDGE('',*,*,#1435,.F.);
#1993 = CONICAL_SURFACE('',#1994,1.8,0.523598775598);
#1994 = AXIS2_PLACEMENT_3D('',#1995,#1996,#1997);
#1995 = CARTESIAN_POINT('',(-16.6,-0.6,10.8));
#1996 = DIRECTION('',(0.,0.,1.));
#1997 = DIRECTION('',(0.,-1.,0.));
#1998 = ADVANCED_FACE('',(#1999),#2010,.F.);
#1999 = FACE_BOUND('',#2000,.F.);
#2000 = EDGE_LOOP('',(#2001,#2002,#2003,#2009));
#2001 = ORIENTED_EDGE('',*,*,#476,.T.);
#2002 = ORIENTED_EDGE('',*,*,#539,.T.);
#2003 = ORIENTED_EDGE('',*,*,#2004,.F.);
#2004 = EDGE_CURVE('',#442,#540,#2005,.T.);
#2005 = ( BOUNDED_CURVE() B_SPLINE_CURVE(2,(#2006,#2007,#2008),
.UNSPECIFIED.,.F.,.F.) B_SPLINE_CURVE_WITH_KNOTS((3,3),(0.,
4.712388980385),.PIECEWISE_BEZIER_KNOTS.) CURVE() 
GEOMETRIC_REPRESENTATION_ITEM() RATIONAL_B_SPLINE_CURVE((1.,
0.707106781187,1.)) REPRESENTATION_ITEM('') );
#2006 = CARTESIAN_POINT('',(16.,-27.,16.499999999621));
#2007 = CARTESIAN_POINT('',(16.,-27.,18.499999999621));
#2008 = CARTESIAN_POINT('',(14.,-27.,18.499999999621));
#2009 = ORIENTED_EDGE('',*,*,#449,.F.);
#2010 = ( BOUNDED_SURFACE() B_SPLINE_SURFACE(2,6,(
    (#2011,#2012,#2013,#2014,#2015,#2016,#2017)
    ,(#2018,#2019,#2020,#2021,#2022,#2023,#2024)
    ,(#2025,#2026,#2027,#2028,#2029,#2030,#2031
)),.UNSPECIFIED.,.F.,.F.,.F.) B_SPLINE_SURFACE_WITH_KNOTS((3,3),(7,7),(
    0.,4.712388980385),(82.063866776462,86.776255756846),
.PIECEWISE_BEZIER_KNOTS.) GEOMETRIC_REPRESENTATION_ITEM() 
RATIONAL_B_SPLINE_SURFACE((
    (1.,1.,1.,1.,1.,1.,1.)
    ,(0.707106781189,0.707106781189,0.707106781189,0.707106781188
      ,0.707106781188,0.707106781187,0.707106781187)
,(1.,1.,1.,1.,1.,1.,1.))) REPRESENTATION_ITEM('') SURFACE() );
#2011 = CARTESIAN_POINT('',(13.,-30.,16.499999999615));
#2012 = CARTESIAN_POINT('',(13.78539456795,-30.,16.499999999615));
#2013 = CARTESIAN_POINT('',(14.570735425585,-29.75331885412,
    16.499999999615));
#2014 = CARTESIAN_POINT('',(15.259565528542,-29.25956552854,
    16.499999999616));
#2015 = CARTESIAN_POINT('',(15.75331885412,-28.57073542558,
    16.499999999618));
#2016 = CARTESIAN_POINT('',(16.,-27.78539456795,16.49999999962));
#2017 = CARTESIAN_POINT('',(16.,-27.,16.499999999621));
#2018 = CARTESIAN_POINT('',(13.,-30.,18.499999999602));
#2019 = CARTESIAN_POINT('',(13.78539456795,-30.,18.499999999602));
#2020 = CARTESIAN_POINT('',(14.570735425585,-29.75331885412,
    18.499999999603));
#2021 = CARTESIAN_POINT('',(15.259565528543,-29.25956552854,
    18.499999999607));
#2022 = CARTESIAN_POINT('',(15.753318854121,-28.57073542558,
    18.499999999611));
#2023 = CARTESIAN_POINT('',(16.,-27.78539456794,18.499999999616));
#2024 = CARTESIAN_POINT('',(16.,-27.,18.499999999621));
#2025 = CARTESIAN_POINT('',(13.,-28.00000000001,18.499999999615));
#2026 = CARTESIAN_POINT('',(13.26179818932,-28.00000000001,
    18.499999999615));
#2027 = CARTESIAN_POINT('',(13.523578475202,-27.91777295138,
    18.499999999615));
#2028 = CARTESIAN_POINT('',(13.753188509523,-27.75318850952,
    18.499999999616));
#2029 = CARTESIAN_POINT('',(13.91777295138,-27.52357847519,
    18.499999999618));
#2030 = CARTESIAN_POINT('',(14.000000000003,-27.26179818931,
    18.49999999962));
#2031 = CARTESIAN_POINT('',(14.,-27.,18.499999999621));
#2032 = ADVANCED_FACE('',(#2033),#2045,.F.);
#2033 = FACE_BOUND('',#2034,.F.);
#2034 = EDGE_LOOP('',(#2035,#2042,#2043,#2044));
#2035 = ORIENTED_EDGE('',*,*,#2036,.T.);
#2036 = EDGE_CURVE('',#612,#519,#2037,.T.);
#2037 = CIRCLE('',#2038,2.);
#2038 = AXIS2_PLACEMENT_3D('',#2039,#2040,#2041);
#2039 = CARTESIAN_POINT('',(-16.6,2.,16.49999999981));
#2040 = DIRECTION('',(-1.,0.,0.));
#2041 = DIRECTION('',(0.,-1.,0.));
#2042 = ORIENTED_EDGE('',*,*,#526,.T.);
#2043 = ORIENTED_EDGE('',*,*,#492,.F.);
#2044 = ORIENTED_EDGE('',*,*,#619,.F.);
#2045 = ( BOUNDED_SURFACE() B_SPLINE_SURFACE(2,6,(
    (#2046,#2047,#2048,#2049,#2050,#2051,#2052)
    ,(#2053,#2054,#2055,#2056,#2057,#2058,#2059)
    ,(#2060,#2061,#2062,#2063,#2064,#2065,#2066
)),.UNSPECIFIED.,.F.,.F.,.F.) B_SPLINE_SURFACE_WITH_KNOTS((3,3),(7,7),(
    0.,0.942477796077),(24.009,24.951477796077),
.PIECEWISE_BEZIER_KNOTS.) GEOMETRIC_REPRESENTATION_ITEM() 
RATIONAL_B_SPLINE_SURFACE((
    (1.,1.,1.,1.,1.,1.,1.)
    ,(0.707106781189,0.707106781189,0.707106781189,0.707106781188
      ,0.707106781188,0.707106781187,0.707106781187)
,(1.,1.,1.,1.,1.,1.,1.))) REPRESENTATION_ITEM('') SURFACE() );
#2046 = CARTESIAN_POINT('',(-16.6,1.110223024625E-16,16.49999999981));
#2047 = CARTESIAN_POINT('',(-16.44292108641,-2.997602166488E-15,
    16.49999999981));
#2048 = CARTESIAN_POINT('',(-16.28585291488,-4.933622917595E-02,
    16.499999999809));
#2049 = CARTESIAN_POINT('',(-16.14808689429,-0.148086894292,
    16.499999999806));
#2050 = CARTESIAN_POINT('',(-16.04933622917,-0.285852914883,
    16.499999999802));
#2051 = CARTESIAN_POINT('',(-16.,-0.44292108641,16.499999999798));
#2052 = CARTESIAN_POINT('',(-16.,-0.6,16.499999999793));
#2053 = CARTESIAN_POINT('',(-16.6,0.,18.499999999797));
#2054 = CARTESIAN_POINT('',(-16.44292108641,0.,18.499999999797));
#2055 = CARTESIAN_POINT('',(-16.28585291488,-4.933622917596E-02,
    18.499999999797));
#2056 = CARTESIAN_POINT('',(-16.14808689429,-0.148086894292,
    18.499999999796));
#2057 = CARTESIAN_POINT('',(-16.04933622917,-0.285852914883,
    18.499999999795));
#2058 = CARTESIAN_POINT('',(-16.,-0.44292108641,18.499999999794));
#2059 = CARTESIAN_POINT('',(-16.,-0.6,18.499999999793));
#2060 = CARTESIAN_POINT('',(-16.6,1.999999999987,18.49999999981));
#2061 = CARTESIAN_POINT('',(-15.91932470778,1.999999999987,
    18.49999999981));
#2062 = CARTESIAN_POINT('',(-15.2386959645,1.78620967356,18.499999999809
    ));
#2063 = CARTESIAN_POINT('',(-14.64170987527,1.35829012473,
    18.499999999806));
#2064 = CARTESIAN_POINT('',(-14.21379032643,0.761304035505,
    18.499999999802));
#2065 = CARTESIAN_POINT('',(-14.,8.067529222311E-02,18.499999999798));
#2066 = CARTESIAN_POINT('',(-14.,-0.6,18.499999999793));
#2067 = ADVANCED_FACE('',(#2068),#2082,.T.);
#2068 = FACE_BOUND('',#2069,.F.);
#2069 = EDGE_LOOP('',(#2070,#2079,#2080,#2081));
#2070 = ORIENTED_EDGE('',*,*,#2071,.T.);
#2071 = EDGE_CURVE('',#639,#517,#2072,.T.);
#2072 = B_SPLINE_CURVE_WITH_KNOTS('',5,(#2073,#2074,#2075,#2076,#2077,
    #2078),.UNSPECIFIED.,.F.,.F.,(6,6),(0.,1.57093907563),
  .PIECEWISE_BEZIER_KNOTS.);
#2073 = CARTESIAN_POINT('',(-39.46112099651,1.110223024625E-16,
    16.49999999981));
#2074 = CARTESIAN_POINT('',(-39.46535646148,1.694065894509E-16,
    17.128318530525));
#2075 = CARTESIAN_POINT('',(-39.46959192645,0.246030008089,
    17.757223286531));
#2076 = CARTESIAN_POINT('',(-39.47382739142,0.742776713268,
    18.253969991712));
#2077 = CARTESIAN_POINT('',(-39.47806285639,1.371681469272,
    18.499999999806));
#2078 = CARTESIAN_POINT('',(-39.48229832136,1.999999999987,
    18.49999999981));
#2079 = ORIENTED_EDGE('',*,*,#516,.T.);
#2080 = ORIENTED_EDGE('',*,*,#2036,.F.);
#2081 = ORIENTED_EDGE('',*,*,#638,.F.);
#2082 = CYLINDRICAL_SURFACE('',#2083,2.);
#2083 = AXIS2_PLACEMENT_3D('',#2084,#2085,#2086);
#2084 = CARTESIAN_POINT('',(-40.609,2.,16.49999999981));
#2085 = DIRECTION('',(1.,0.,0.));
#2086 = DIRECTION('',(0.,-1.,0.));
#2087 = ADVANCED_FACE('',(#2088),#2119,.F.);
#2088 = FACE_BOUND('',#2089,.F.);
#2089 = EDGE_LOOP('',(#2090,#2101,#2109,#2118));
#2090 = ORIENTED_EDGE('',*,*,#2091,.T.);
#2091 = EDGE_CURVE('',#517,#2092,#2094,.T.);
#2092 = VERTEX_POINT('',#2093);
#2093 = CARTESIAN_POINT('',(-41.19283775427,1.999385702752,
    19.463633824905));
#2094 = B_SPLINE_CURVE_WITH_KNOTS('',5,(#2095,#2096,#2097,#2098,#2099,
    #2100),.UNSPECIFIED.,.F.,.F.,(6,6),(0.,1.02607130426),
  .PIECEWISE_BEZIER_KNOTS.);
#2095 = CARTESIAN_POINT('',(-39.48229832136,1.999999999987,
    18.499999999797));
#2096 = CARTESIAN_POINT('',(-39.89272676951,1.99987714054,
    18.499999999797));
#2097 = CARTESIAN_POINT('',(-40.30318692408,1.999754281093,
    18.605216712167));
#2098 = CARTESIAN_POINT('',(-40.67747849591,1.999631421646,
    18.816074183286));
#2099 = CARTESIAN_POINT('',(-40.98016067384,1.999508562199,
    19.112606802432));
#2100 = CARTESIAN_POINT('',(-41.19283775427,1.999385702752,
    19.463633824905));
#2101 = ORIENTED_EDGE('',*,*,#2102,.T.);
#2102 = EDGE_CURVE('',#2092,#2103,#2105,.T.);
#2103 = VERTEX_POINT('',#2104);
#2104 = CARTESIAN_POINT('',(-41.19283775427,28.000614263205,
    19.463633824906));
#2105 = LINE('',#2106,#2107);
#2106 = CARTESIAN_POINT('',(-41.19283775427,-8.578478874301E-12,
    19.463633824905));
#2107 = VECTOR('',#2108,1.);
#2108 = DIRECTION('',(0.,1.,-2.22044604925E-16));
#2109 = ORIENTED_EDGE('',*,*,#2110,.T.);
#2110 = EDGE_CURVE('',#2103,#588,#2111,.T.);
#2111 = B_SPLINE_CURVE_WITH_KNOTS('',5,(#2112,#2113,#2114,#2115,#2116,
    #2117),.UNSPECIFIED.,.F.,.F.,(6,6),(0.,1.026071304239),
  .PIECEWISE_BEZIER_KNOTS.);
#2112 = CARTESIAN_POINT('',(-41.19283775427,28.000614263206,
    19.463633824905));
#2113 = CARTESIAN_POINT('',(-40.98016067384,28.000491410562,
    19.112606802432));
#2114 = CARTESIAN_POINT('',(-40.67747849591,28.000368557919,
    18.816074183286));
#2115 = CARTESIAN_POINT('',(-40.30318692408,28.000245705275,
    18.605216712166));
#2116 = CARTESIAN_POINT('',(-39.89272676951,28.000122852631,
    18.499999999797));
#2117 = CARTESIAN_POINT('',(-39.48229832136,27.999999999987,
    18.499999999797));
#2118 = ORIENTED_EDGE('',*,*,#595,.F.);
#2119 = CYLINDRICAL_SURFACE('',#2120,2.);
#2120 = AXIS2_PLACEMENT_3D('',#2121,#2122,#2123);
#2121 = CARTESIAN_POINT('',(-39.48229832136,-8.578248754783E-12,
    20.499999999797));
#2122 = DIRECTION('',(0.,1.,-2.22044604925E-16));
#2123 = DIRECTION('',(-0.,-2.22044604925E-16,-1.));
#2124 = ADVANCED_FACE('',(#2125),#2148,.T.);
#2125 = FACE_BOUND('',#2126,.T.);
#2126 = EDGE_LOOP('',(#2127,#2136,#2137,#2147));
#2127 = ORIENTED_EDGE('',*,*,#2128,.F.);
#2128 = EDGE_CURVE('',#994,#580,#2129,.T.);
#2129 = B_SPLINE_CURVE_WITH_KNOTS('',5,(#2130,#2131,#2132,#2133,#2134,
    #2135),.UNSPECIFIED.,.F.,.F.,(6,6),(0.,1.570939100326),
  .PIECEWISE_BEZIER_KNOTS.);
#2130 = CARTESIAN_POINT('',(39.461119165588,30.,16.499999999979));
#2131 = CARTESIAN_POINT('',(39.465354996744,30.,17.1283185307));
#2132 = CARTESIAN_POINT('',(39.4695908279,29.753969991907,
    17.757223286711));
#2133 = CARTESIAN_POINT('',(39.473826659055,29.25722328672,
    18.253969991894));
#2134 = CARTESIAN_POINT('',(39.478062490212,28.628318530708,
    18.499999999984));
#2135 = CARTESIAN_POINT('',(39.482298321368,27.999999999987,
    18.499999999979));
#2136 = ORIENTED_EDGE('',*,*,#993,.T.);
#2137 = ORIENTED_EDGE('',*,*,#2138,.F.);
#2138 = EDGE_CURVE('',#588,#979,#2139,.T.);
#2139 = ( BOUNDED_CURVE() B_SPLINE_CURVE(6,(#2140,#2141,#2142,#2143,
#2144,#2145,#2146),.UNSPECIFIED.,.F.,.F.) B_SPLINE_CURVE_WITH_KNOTS((7,7
),(0.,1.570796326801),.PIECEWISE_BEZIER_KNOTS.) CURVE() 
GEOMETRIC_REPRESENTATION_ITEM() RATIONAL_B_SPLINE_CURVE((1.031393471788,
    1.010025407662,0.997924642725,0.993958444137,0.997924642725,
1.010025407662,1.031393471788)) REPRESENTATION_ITEM('') );
#2140 = CARTESIAN_POINT('',(-39.48229832136,27.999999999987,
    18.499999999979));
#2141 = CARTESIAN_POINT('',(-39.48229832136,28.534673566295,
    18.499999999983));
#2142 = CARTESIAN_POINT('',(-39.48229832136,29.055417145157,
    18.329991298718));
#2143 = CARTESIAN_POINT('',(-39.48229832136,29.5038390264,18.00383902639
    ));
#2144 = CARTESIAN_POINT('',(-39.48229832136,29.829991298731,
    17.555417145148));
#2145 = CARTESIAN_POINT('',(-39.48229832136,30.,17.034673566288));
#2146 = CARTESIAN_POINT('',(-39.48229832136,30.,16.499999999979));
#2147 = ORIENTED_EDGE('',*,*,#587,.F.);
#2148 = CYLINDRICAL_SURFACE('',#2149,2.);
#2149 = AXIS2_PLACEMENT_3D('',#2150,#2151,#2152);
#2150 = CARTESIAN_POINT('',(40.609,28.,16.499999999979));
#2151 = DIRECTION('',(-1.,-0.,-0.));
#2152 = DIRECTION('',(0.,-6.513139566922E-12,1.));
#2153 = ADVANCED_FACE('',(#2154),#2185,.F.);
#2154 = FACE_BOUND('',#2155,.T.);
#2155 = EDGE_LOOP('',(#2156,#2167,#2175,#2184));
#2156 = ORIENTED_EDGE('',*,*,#2157,.T.);
#2157 = EDGE_CURVE('',#572,#2158,#2160,.T.);
#2158 = VERTEX_POINT('',#2159);
#2159 = CARTESIAN_POINT('',(41.192837754278,1.999385702752,
    19.463633824905));
#2160 = B_SPLINE_CURVE_WITH_KNOTS('',5,(#2161,#2162,#2163,#2164,#2165,
    #2166),.UNSPECIFIED.,.F.,.F.,(6,6),(0.,1.02607130426),
  .PIECEWISE_BEZIER_KNOTS.);
#2161 = CARTESIAN_POINT('',(39.482298321368,1.999999999987,
    18.499999999797));
#2162 = CARTESIAN_POINT('',(39.892726769517,1.99987714054,
    18.499999999797));
#2163 = CARTESIAN_POINT('',(40.303186924083,1.999754281093,
    18.605216712167));
#2164 = CARTESIAN_POINT('',(40.677478495919,1.999631421646,
    18.816074183286));
#2165 = CARTESIAN_POINT('',(40.98016067384,1.999508562199,
    19.112606802432));
#2166 = CARTESIAN_POINT('',(41.192837754278,1.999385702752,
    19.463633824905));
#2167 = ORIENTED_EDGE('',*,*,#2168,.T.);
#2168 = EDGE_CURVE('',#2158,#2169,#2171,.T.);
#2169 = VERTEX_POINT('',#2170);
#2170 = CARTESIAN_POINT('',(41.192837754278,28.000614263204,
    19.463633824905));
#2171 = LINE('',#2172,#2173);
#2172 = CARTESIAN_POINT('',(41.192837754278,-8.587490296521E-12,
    19.463633824905));
#2173 = VECTOR('',#2174,1.);
#2174 = DIRECTION('',(2.22044604925E-16,1.,-2.22044604925E-16));
#2175 = ORIENTED_EDGE('',*,*,#2176,.F.);
#2176 = EDGE_CURVE('',#580,#2169,#2177,.T.);
#2177 = B_SPLINE_CURVE_WITH_KNOTS('',5,(#2178,#2179,#2180,#2181,#2182,
    #2183),.UNSPECIFIED.,.F.,.F.,(6,6),(0.,1.026071304239),
  .PIECEWISE_BEZIER_KNOTS.);
#2178 = CARTESIAN_POINT('',(39.482298321368,27.999999999987,
    18.499999999797));
#2179 = CARTESIAN_POINT('',(39.892726769517,28.00012285263,
    18.499999999797));
#2180 = CARTESIAN_POINT('',(40.303186924083,28.000245705274,
    18.605216712167));
#2181 = CARTESIAN_POINT('',(40.677478495919,28.000368557917,
    18.816074183286));
#2182 = CARTESIAN_POINT('',(40.98016067384,28.000491410561,
    19.112606802432));
#2183 = CARTESIAN_POINT('',(41.192837754278,28.000614263204,
    19.463633824905));
#2184 = ORIENTED_EDGE('',*,*,#579,.F.);
#2185 = CYLINDRICAL_SURFACE('',#2186,2.);
#2186 = AXIS2_PLACEMENT_3D('',#2187,#2188,#2189);
#2187 = CARTESIAN_POINT('',(39.482298321368,-8.586880360951E-12,
    20.499999999797));
#2188 = DIRECTION('',(2.22044604925E-16,1.,-2.22044604925E-16));
#2189 = DIRECTION('',(-1.446256805765E-27,-2.22044604925E-16,-1.));
#2190 = ADVANCED_FACE('',(#2191),#2210,.T.);
#2191 = FACE_BOUND('',#2192,.F.);
#2192 = EDGE_LOOP('',(#2193,#2199,#2200,#2209));
#2193 = ORIENTED_EDGE('',*,*,#2194,.T.);
#2194 = EDGE_CURVE('',#1327,#560,#2195,.T.);
#2195 = ( BOUNDED_CURVE() B_SPLINE_CURVE(2,(#2196,#2197,#2198),
.UNSPECIFIED.,.F.,.F.) B_SPLINE_CURVE_WITH_KNOTS((3,3),(0.,
0.942477796077),.PIECEWISE_BEZIER_KNOTS.) CURVE() 
GEOMETRIC_REPRESENTATION_ITEM() RATIONAL_B_SPLINE_CURVE((1.,
0.707106781189,1.)) REPRESENTATION_ITEM('') );
#2196 = CARTESIAN_POINT('',(16.6,-3.552713678801E-15,16.49999999981));
#2197 = CARTESIAN_POINT('',(16.6,-3.552713678801E-15,18.499999999797));
#2198 = CARTESIAN_POINT('',(16.6,1.999999999987,18.49999999981));
#2199 = ORIENTED_EDGE('',*,*,#571,.T.);
#2200 = ORIENTED_EDGE('',*,*,#2201,.F.);
#2201 = EDGE_CURVE('',#1335,#572,#2202,.T.);
#2202 = B_SPLINE_CURVE_WITH_KNOTS('',5,(#2203,#2204,#2205,#2206,#2207,
    #2208),.UNSPECIFIED.,.F.,.F.,(6,6),(0.,1.57093907563),
  .PIECEWISE_BEZIER_KNOTS.);
#2203 = CARTESIAN_POINT('',(39.461120996512,-8.437694987151E-15,
    16.49999999981));
#2204 = CARTESIAN_POINT('',(39.465356461483,-8.809142651445E-15,
    17.128318530525));
#2205 = CARTESIAN_POINT('',(39.469591926455,0.246030008089,
    17.757223286531));
#2206 = CARTESIAN_POINT('',(39.473827391425,0.742776713268,
    18.253969991712));
#2207 = CARTESIAN_POINT('',(39.478062856397,1.371681469272,
    18.499999999806));
#2208 = CARTESIAN_POINT('',(39.482298321368,1.999999999987,
    18.49999999981));
#2209 = ORIENTED_EDGE('',*,*,#1334,.F.);
#2210 = CYLINDRICAL_SURFACE('',#2211,2.);
#2211 = AXIS2_PLACEMENT_3D('',#2212,#2213,#2214);
#2212 = CARTESIAN_POINT('',(16.6,2.,16.49999999981));
#2213 = DIRECTION('',(1.,-2.22044604925E-16,2.22044604925E-16));
#2214 = DIRECTION('',(-2.22044604925E-16,-1.,-2.465190328816E-32));
#2215 = ADVANCED_FACE('',(#2216),#2228,.F.);
#2216 = FACE_BOUND('',#2217,.F.);
#2217 = EDGE_LOOP('',(#2218,#2225,#2226,#2227));
#2218 = ORIENTED_EDGE('',*,*,#2219,.T.);
#2219 = EDGE_CURVE('',#1374,#552,#2220,.T.);
#2220 = CIRCLE('',#2221,2.);
#2221 = AXIS2_PLACEMENT_3D('',#2222,#2223,#2224);
#2222 = CARTESIAN_POINT('',(14.,-0.6,16.499999999621));
#2223 = DIRECTION('',(-2.22044604925E-16,-1.,-2.465190328816E-32));
#2224 = DIRECTION('',(1.,-2.22044604925E-16,2.22044604925E-16));
#2225 = ORIENTED_EDGE('',*,*,#559,.T.);
#2226 = ORIENTED_EDGE('',*,*,#2194,.F.);
#2227 = ORIENTED_EDGE('',*,*,#1383,.F.);
#2228 = ( BOUNDED_SURFACE() B_SPLINE_SURFACE(2,6,(
    (#2229,#2230,#2231,#2232,#2233,#2234,#2235)
    ,(#2236,#2237,#2238,#2239,#2240,#2241,#2242)
    ,(#2243,#2244,#2245,#2246,#2247,#2248,#2249
)),.UNSPECIFIED.,.F.,.F.,.F.) B_SPLINE_SURFACE_WITH_KNOTS((3,3),(7,7),(
    0.,0.942477796077),(113.17625575684,114.11873355292),
.PIECEWISE_BEZIER_KNOTS.) GEOMETRIC_REPRESENTATION_ITEM() 
RATIONAL_B_SPLINE_SURFACE((
    (1.,1.,1.,1.,1.,1.,1.)
    ,(0.707106781187,0.707106781187,0.707106781188,0.707106781188
      ,0.707106781189,0.707106781189,0.707106781189)
,(1.,1.,1.,1.,1.,1.,1.))) REPRESENTATION_ITEM('') SURFACE() );
#2229 = CARTESIAN_POINT('',(16.,-0.6,16.499999999793));
#2230 = CARTESIAN_POINT('',(16.,-0.44292108641,16.499999999798));
#2231 = CARTESIAN_POINT('',(16.049336229176,-0.285852914883,
    16.499999999802));
#2232 = CARTESIAN_POINT('',(16.148086894292,-0.148086894292,
    16.499999999806));
#2233 = CARTESIAN_POINT('',(16.285852914883,-4.933622917596E-02,
    16.499999999809));
#2234 = CARTESIAN_POINT('',(16.44292108641,-3.996802888651E-15,
    16.49999999981));
#2235 = CARTESIAN_POINT('',(16.6,-3.552713678801E-15,16.49999999981));
#2236 = CARTESIAN_POINT('',(16.,-0.6,18.499999999793));
#2237 = CARTESIAN_POINT('',(16.,-0.44292108641,18.499999999794));
#2238 = CARTESIAN_POINT('',(16.049336229176,-0.285852914883,
    18.499999999795));
#2239 = CARTESIAN_POINT('',(16.148086894291,-0.148086894292,
    18.499999999796));
#2240 = CARTESIAN_POINT('',(16.285852914883,-4.933622917597E-02,
    18.499999999797));
#2241 = CARTESIAN_POINT('',(16.44292108641,-3.330669073875E-16,
    18.499999999797));
#2242 = CARTESIAN_POINT('',(16.6,-3.552713678801E-15,18.499999999797));
#2243 = CARTESIAN_POINT('',(14.,-0.6,18.499999999793));
#2244 = CARTESIAN_POINT('',(14.000000000003,8.06752922231E-02,
    18.499999999798));
#2245 = CARTESIAN_POINT('',(14.213790326436,0.761304035505,
    18.499999999802));
#2246 = CARTESIAN_POINT('',(14.641709875272,1.35829012473,
    18.499999999806));
#2247 = CARTESIAN_POINT('',(15.2386959645,1.78620967356,18.499999999809)
  );
#2248 = CARTESIAN_POINT('',(15.91932470778,1.999999999987,18.49999999981
    ));
#2249 = CARTESIAN_POINT('',(16.6,1.999999999987,18.49999999981));
#2250 = ADVANCED_FACE('',(#2251),#2257,.T.);
#2251 = FACE_BOUND('',#2252,.F.);
#2252 = EDGE_LOOP('',(#2253,#2254,#2255,#2256));
#2253 = ORIENTED_EDGE('',*,*,#2004,.T.);
#2254 = ORIENTED_EDGE('',*,*,#551,.T.);
#2255 = ORIENTED_EDGE('',*,*,#2219,.F.);
#2256 = ORIENTED_EDGE('',*,*,#1402,.F.);
#2257 = CYLINDRICAL_SURFACE('',#2258,2.);
#2258 = AXIS2_PLACEMENT_3D('',#2259,#2260,#2261);
#2259 = CARTESIAN_POINT('',(14.,-26.99999999998,16.499999999621));
#2260 = DIRECTION('',(2.22044604925E-16,1.,2.465190328816E-32));
#2261 = DIRECTION('',(1.,-2.22044604925E-16,2.22044604925E-16));
#2262 = ADVANCED_FACE('',(#2263),#2279,.T.);
#2263 = FACE_BOUND('',#2264,.T.);
#2264 = EDGE_LOOP('',(#2265,#2266,#2267,#2278));
#2265 = ORIENTED_EDGE('',*,*,#2071,.T.);
#2266 = ORIENTED_EDGE('',*,*,#2091,.T.);
#2267 = ORIENTED_EDGE('',*,*,#2268,.T.);
#2268 = EDGE_CURVE('',#2092,#647,#2269,.T.);
#2269 = B_SPLINE_CURVE_WITH_KNOTS('',7,(#2270,#2271,#2272,#2273,#2274,
    #2275,#2276,#2277),.UNSPECIFIED.,.F.,.F.,(8,8),(0.,51.710159881956),
  .PIECEWISE_BEZIER_KNOTS.);
#2270 = CARTESIAN_POINT('',(-41.19283775427,1.999385702752,
    19.463633824905));
#2271 = CARTESIAN_POINT('',(-41.2008524592,1.603114014977,
    19.476862227323));
#2272 = CARTESIAN_POINT('',(-41.28934132191,1.170225125794,
    19.444447566185));
#2273 = CARTESIAN_POINT('',(-41.47869056935,0.730270488413,
    19.351223532173));
#2274 = CARTESIAN_POINT('',(-41.79871638089,0.350510135798,
    19.172776991979));
#2275 = CARTESIAN_POINT('',(-42.16936002509,0.123885217721,
    18.949267965271));
#2276 = CARTESIAN_POINT('',(-42.5329038982,1.509459832015E-02,
    18.719145968396));
#2277 = CARTESIAN_POINT('',(-42.86416167885,1.263308076188E-14,18.5));
#2278 = ORIENTED_EDGE('',*,*,#646,.T.);
#2279 = B_SPLINE_SURFACE_WITH_KNOTS('',8,8,(
    (#2280,#2281,#2282,#2283,#2284,#2285,#2286,#2287,#2288)
    ,(#2289,#2290,#2291,#2292,#2293,#2294,#2295,#2296,#2297)
    ,(#2298,#2299,#2300,#2301,#2302,#2303,#2304,#2305,#2306)
    ,(#2307,#2308,#2309,#2310,#2311,#2312,#2313,#2314,#2315)
    ,(#2316,#2317,#2318,#2319,#2320,#2321,#2322,#2323,#2324)
    ,(#2325,#2326,#2327,#2328,#2329,#2330,#2331,#2332,#2333)
    ,(#2334,#2335,#2336,#2337,#2338,#2339,#2340,#2341,#2342)
    ,(#2343,#2344,#2345,#2346,#2347,#2348,#2349,#2350,#2351)
    ,(#2352,#2353,#2354,#2355,#2356,#2357,#2358,#2359,#2360
  )),.UNSPECIFIED.,.F.,.F.,.F.,(9,9),(9,9),(-1.925256434635,
    2.374547719212),(-1.699902581993,1.644035681309),
  .PIECEWISE_BEZIER_KNOTS.);
#2280 = CARTESIAN_POINT('',(-43.12283922454,1.063617228627E-02,
    18.440897825755));
#2281 = CARTESIAN_POINT('',(-42.80490771101,-0.1189266066,
    18.879144609803));
#2282 = CARTESIAN_POINT('',(-42.44351115099,0.254909357952,
    19.372284916798));
#2283 = CARTESIAN_POINT('',(-42.04730381657,2.224898948276E-02,
    19.732119237297));
#2284 = CARTESIAN_POINT('',(-42.06434318738,0.817862547041,
    19.914444578158));
#2285 = CARTESIAN_POINT('',(-41.59416046713,0.785687136193,
    20.254165718079));
#2286 = CARTESIAN_POINT('',(-41.50907885251,1.398517100269,
    20.31766001265));
#2287 = CARTESIAN_POINT('',(-41.4804603282,1.857898505021,
    20.291968719218));
#2288 = CARTESIAN_POINT('',(-41.49330161955,2.416268223687,
    20.162254896859));
#2289 = CARTESIAN_POINT('',(-42.67570969329,0.103207036678,
    18.145587027111));
#2290 = CARTESIAN_POINT('',(-42.42206662292,-0.144390825236,
    18.506616880587));
#2291 = CARTESIAN_POINT('',(-42.19624226972,0.498581645698,
    18.839305532433));
#2292 = CARTESIAN_POINT('',(-41.7479874501,7.288662421797E-03,
    19.246254317812));
#2293 = CARTESIAN_POINT('',(-41.86150663006,1.025532388631,
    19.310751475409));
#2294 = CARTESIAN_POINT('',(-41.38594720805,0.937427665164,
    19.659714303937));
#2295 = CARTESIAN_POINT('',(-41.30998706079,1.650001849663,19.6792553733
    ));
#2296 = CARTESIAN_POINT('',(-41.32999100725,2.131493370894,
    19.618787075806));
#2297 = CARTESIAN_POINT('',(-41.35001847168,2.696413748971,
    19.478310126334));
#2298 = CARTESIAN_POINT('',(-42.12861489719,0.204270870429,
    17.967870010159));
#2299 = CARTESIAN_POINT('',(-41.89262943088,-0.267855914388,
    18.305202852465));
#2300 = CARTESIAN_POINT('',(-42.48789087396,-1.801564225134,
    17.595304692806));
#2301 = CARTESIAN_POINT('',(-41.17955579845,5.40300876721,
    19.306418032708));
#2302 = CARTESIAN_POINT('',(-41.39860980238,-4.723425664001,
    18.68137839206));
#2303 = CARTESIAN_POINT('',(-41.38261281154,4.126469691372,
    19.027314129182));
#2304 = CARTESIAN_POINT('',(-40.84485453568,0.898136170686,
    19.32080402649));
#2305 = CARTESIAN_POINT('',(-41.09346463554,2.1622983601,19.078949271665
    ));
#2306 = CARTESIAN_POINT('',(-41.09634426486,2.739929010332,
    18.933628351079));
#2307 = CARTESIAN_POINT('',(-41.66371963664,0.318045887485,
    17.702200119652));
#2308 = CARTESIAN_POINT('',(-41.43533467135,0.230260492605,
    18.027519376539));
#2309 = CARTESIAN_POINT('',(-40.09797625071,0.785566657817,
    19.651054270853));
#2310 = CARTESIAN_POINT('',(-42.88605065864,-5.832575621057,
    16.052101201108));
#2311 = CARTESIAN_POINT('',(-39.92872253448,8.279216279151,
    20.108352361075));
#2312 = CARTESIAN_POINT('',(-40.54129738339,-3.708028642773,
    18.411486839957));
#2313 = CARTESIAN_POINT('',(-41.14151214187,2.691617365121,
    18.674124797651));
#2314 = CARTESIAN_POINT('',(-40.71713703087,2.110985449255,
    18.928699353792));
#2315 = CARTESIAN_POINT('',(-40.68782833953,2.679689325448,
    18.775364830075));
#2316 = CARTESIAN_POINT('',(-41.45200354342,-8.389551721536E-02,
    17.126875113845));
#2317 = CARTESIAN_POINT('',(-41.25789001701,-0.534336030791,
    17.405436744253));
#2318 = CARTESIAN_POINT('',(-42.118141983,-0.188823747158,
    16.378734961374));
#2319 = CARTESIAN_POINT('',(-38.93032578196,4.492845630652,
    20.329387024667));
#2320 = CARTESIAN_POINT('',(-41.73163606578,-5.743828488704,
    16.196516852812));
#2321 = CARTESIAN_POINT('',(-40.48216599553,5.051265246436,
    18.839239946345));
#2322 = CARTESIAN_POINT('',(-39.62513131336,0.429140679319,
    18.685202332935));
#2323 = CARTESIAN_POINT('',(-39.96245053281,1.788758203952,
    18.146205967841));
#2324 = CARTESIAN_POINT('',(-39.99411766627,2.367817740514,
    18.077802080913));
#2325 = CARTESIAN_POINT('',(-40.97570228043,0.188875310369,
    16.81171844365));
#2326 = CARTESIAN_POINT('',(-40.73320396883,0.15553657805,
    17.121059628216));
#2327 = CARTESIAN_POINT('',(-39.96660238473,-4.761846872763E-02,
    18.009334795303));
#2328 = CARTESIAN_POINT('',(-41.37716332597,-1.639720015516,
    16.165724759506));
#2329 = CARTESIAN_POINT('',(-39.16205502229,4.113834147563,
    19.345155372932));
#2330 = CARTESIAN_POINT('',(-39.83006798638,-1.342392993762,
    17.530472345605));
#2331 = CARTESIAN_POINT('',(-39.99250760846,1.782119499403,
    18.184986093639));
#2332 = CARTESIAN_POINT('',(-39.60427132632,1.750913229439,
    18.570345309439));
#2333 = CARTESIAN_POINT('',(-39.49744020454,2.269528822617,
    18.510916139228));
#2334 = CARTESIAN_POINT('',(-40.61189326559,2.208769430051E-02,
    16.421227211592));
#2335 = CARTESIAN_POINT('',(-40.36176415431,-0.199186734734,
    16.771924340471));
#2336 = CARTESIAN_POINT('',(-40.2383294525,-8.647268138697E-02,
    16.971645567343));
#2337 = CARTESIAN_POINT('',(-39.39328792138,0.909562703246,
    17.881060331178));
#2338 = CARTESIAN_POINT('',(-39.75138462874,-0.731020492243,
    17.501811294007));
#2339 = CARTESIAN_POINT('',(-39.30308826993,1.34363981089,
    18.213653801629));
#2340 = CARTESIAN_POINT('',(-39.0304737463,0.821345965517,
    18.400154910024));
#2341 = CARTESIAN_POINT('',(-38.92635889125,1.40891841175,
    18.547972750323));
#2342 = CARTESIAN_POINT('',(-38.85737880746,1.94349677826,18.56166619768
    ));
#2343 = CARTESIAN_POINT('',(-40.20230080576,0.120363919161,
    16.032112424767));
#2344 = CARTESIAN_POINT('',(-39.93528129024,-7.713840047918E-02,
    16.414741764578));
#2345 = CARTESIAN_POINT('',(-39.64179915119,-7.188012510771E-02,
    16.840036288553));
#2346 = CARTESIAN_POINT('',(-39.35264318492,3.784478743348E-02,
    17.062757266676));
#2347 = CARTESIAN_POINT('',(-38.987979834,0.154266347011,17.771845164403
    ));
#2348 = CARTESIAN_POINT('',(-38.83635424876,0.49701221616,
    17.903655381259));
#2349 = CARTESIAN_POINT('',(-38.56779261166,0.759762168418,
    18.36038277031));
#2350 = CARTESIAN_POINT('',(-38.3949059813,1.168764662989,
    18.572890524136));
#2351 = CARTESIAN_POINT('',(-38.28893700872,1.674576177655,
    18.643162087374));
#2352 = CARTESIAN_POINT('',(-39.78496293465,0.192845147384,
    15.652943280536));
#2353 = CARTESIAN_POINT('',(-39.50329863357,-3.155700089883E-02,
    16.070827230955));
#2354 = CARTESIAN_POINT('',(-39.20713178342,-6.043580956091E-02,
    16.500951925774));
#2355 = CARTESIAN_POINT('',(-38.91783497969,-5.042337940631E-02,
    16.820813141663));
#2356 = CARTESIAN_POINT('',(-38.54842723703,5.173627034537E-02,
    17.501156821051));
#2357 = CARTESIAN_POINT('',(-38.36073440034,0.370803563811,
    17.75824560543));
#2358 = CARTESIAN_POINT('',(-38.08689419874,0.622031341778,
    18.225089402256));
#2359 = CARTESIAN_POINT('',(-37.8935686218,1.003758396207,
    18.492318053272));
#2360 = CARTESIAN_POINT('',(-37.75589709111,1.465361801985,
    18.636918164095));
#2361 = ADVANCED_FACE('',(#2362),#2742,.F.);
#2362 = FACE_BOUND('',#2363,.F.);
#2363 = EDGE_LOOP('',(#2364,#2365,#2448,#2449,#2450,#2507,#2619,#2686,
    #2741));
#2364 = ORIENTED_EDGE('',*,*,#970,.F.);
#2365 = ORIENTED_EDGE('',*,*,#2366,.T.);
#2366 = EDGE_CURVE('',#971,#647,#2367,.T.);
#2367 = ( BOUNDED_CURVE() B_SPLINE_CURVE(14,(#2368,#2369,#2370,#2371,
    #2372,#2373,#2374,#2375,#2376,#2377,#2378,#2379,#2380,#2381,#2382,
    #2383,#2384,#2385,#2386,#2387,#2388,#2389,#2390,#2391,#2392,#2393,
    #2394,#2395,#2396,#2397,#2398,#2399,#2400,#2401,#2402,#2403,#2404,
    #2405,#2406,#2407,#2408,#2409,#2410,#2411,#2412,#2413,#2414,#2415,
    #2416,#2417,#2418,#2419,#2420,#2421,#2422,#2423,#2424,#2425,#2426,
    #2427,#2428,#2429,#2430,#2431,#2432,#2433,#2434,#2435,#2436,#2437,
    #2438,#2439,#2440,#2441,#2442,#2443,#2444,#2445,#2446,#2447),
.UNSPECIFIED.,.F.,.F.) B_SPLINE_CURVE_WITH_KNOTS((15,13,13,13,13,13,15),
  (1.221599137154,14.149102011711,20.612853448989,27.076604886268,
    33.540356323546,40.004107760825,52.931610635382),.UNSPECIFIED.) 
CURVE() GEOMETRIC_REPRESENTATION_ITEM() RATIONAL_B_SPLINE_CURVE((1.,1.,
    0.999999999998,1.000000000006,0.999999999987,1.000000000022,
    0.999999999969,1.000000000034,0.999999999969,1.000000000023,
    0.999999999986,1.000000000007,0.999999999998,1.000000000001,1.,
    1.000000000001,0.999999999997,1.000000000006,0.999999999992,
    1.000000000009,0.999999999992,1.000000000005,0.999999999997,
    1.000000000001,1.,1.,1.,0.999999999999,1.000000000004,0.999999999989
    ,1.000000000024,0.99999999996,1.000000000052,0.999999999944,
    1.00000000005,0.999999999964,1.000000000021,0.99999999999,
    1.000000000003,0.999999999999,1.000000000001,0.999999999998,
    1.000000000005,0.999999999989,1.000000000018,0.999999999977,
    1.000000000025,0.999999999978,1.000000000016,0.999999999991,
    1.000000000004,0.999999999999,1.,1.,0.999999999999,1.000000000003,
    0.999999999993,1.000000000012,0.999999999984,1.000000000016,
    0.999999999986,1.00000000001,0.999999999994,1.000000000002,
    0.999999999999,1.,1.,1.,1.000000000001,0.999999999998,1.000000000003
    ,0.999999999995,1.000000000006,0.999999999994,1.000000000005,
    0.999999999997,1.000000000001,0.999999999999,1.,1.)) 
REPRESENTATION_ITEM('') );
#2368 = CARTESIAN_POINT('',(-42.86416167673,30.,18.5));
#2369 = CARTESIAN_POINT('',(-43.30604351031,29.947520067869,
    19.261912659351));
#2370 = CARTESIAN_POINT('',(-43.74662357935,29.881527268765,
    20.024467682763));
#2371 = CARTESIAN_POINT('',(-44.18555301147,29.800781015349,
    20.787420170871));
#2372 = CARTESIAN_POINT('',(-44.62282787307,29.703571612763,
    21.551318845307));
#2373 = CARTESIAN_POINT('',(-45.05779022798,29.588225833843,
    22.315520419964));
#2374 = CARTESIAN_POINT('',(-45.4899394439,29.452663776629,
    23.079815652153));
#2375 = CARTESIAN_POINT('',(-45.91898179772,29.294180590783,
    23.844580018555));
#2376 = CARTESIAN_POINT('',(-46.34430870934,29.10951459944,
    24.609790854665));
#2377 = CARTESIAN_POINT('',(-46.76474637976,28.894840660397,
    25.374575250877));
#2378 = CARTESIAN_POINT('',(-47.17885972424,28.645389227552,
    26.137875793962));
#2379 = CARTESIAN_POINT('',(-47.58521881418,28.35473235825,
    26.899051203428));
#2380 = CARTESIAN_POINT('',(-47.98174408276,28.0141927863,
    27.656472839208));
#2381 = CARTESIAN_POINT('',(-48.3644348341,27.613116021405,
    28.404142747395));
#2382 = CARTESIAN_POINT('',(-48.91181005561,26.904481714958,
    29.497055409098));
#2383 = CARTESIAN_POINT('',(-49.08979928035,26.650485035557,
    29.856542006746));
#2384 = CARTESIAN_POINT('',(-49.26290676378,26.377090321759,
    30.2102465582));
#2385 = CARTESIAN_POINT('',(-49.43030546472,26.083574806007,
    30.5561183031));
#2386 = CARTESIAN_POINT('',(-49.59152696996,25.768419289907,
    30.892638353886));
#2387 = CARTESIAN_POINT('',(-49.7460196646,25.430477822461,
    31.217823510201));
#2388 = CARTESIAN_POINT('',(-49.89304047349,25.069522848957,
    31.528935761944));
#2389 = CARTESIAN_POINT('',(-50.03189877506,24.6859943508,
    31.823086834508));
#2390 = CARTESIAN_POINT('',(-50.16212666259,24.280782204467,
    32.097894121512));
#2391 = CARTESIAN_POINT('',(-50.28335833959,23.855478775458,
    32.351613906051));
#2392 = CARTESIAN_POINT('',(-50.39513060957,23.412669105125,
    32.582954753425));
#2393 = CARTESIAN_POINT('',(-50.49703371432,22.955394512902,
    32.791263206294));
#2394 = CARTESIAN_POINT('',(-50.58921471327,22.485847494702,
    32.977180288436));
#2395 = CARTESIAN_POINT('',(-50.75424875254,21.527246524366,
    33.305611049581));
#2396 = CARTESIAN_POINT('',(-50.82710875401,21.038200370232,
    33.448134699653));
#2397 = CARTESIAN_POINT('',(-50.89048272873,20.541650091946,
    33.56985332709));
#2398 = CARTESIAN_POINT('',(-50.94449974075,20.040676933104,
    33.671735808977));
#2399 = CARTESIAN_POINT('',(-50.99001508026,19.536052229903,
    33.756161025594));
#2400 = CARTESIAN_POINT('',(-51.02738330097,19.029271478302,
    33.824425410486));
#2401 = CARTESIAN_POINT('',(-51.05734818032,18.522578554442,
    33.878408039278));
#2402 = CARTESIAN_POINT('',(-51.08088227093,18.016216061401,
    33.920291150453));
#2403 = CARTESIAN_POINT('',(-51.09862784069,17.50954391487,
    33.951518355339));
#2404 = CARTESIAN_POINT('',(-51.11125557192,17.004192978807,
    33.973494100423));
#2405 = CARTESIAN_POINT('',(-51.11974562551,16.501360442118,
    33.988143040645));
#2406 = CARTESIAN_POINT('',(-51.12462363834,15.997533254128,
    33.996476685476));
#2407 = CARTESIAN_POINT('',(-51.12671254574,15.497071263392,
    34.000018534257));
#2408 = CARTESIAN_POINT('',(-51.12669062809,14.497315544003,
    33.999981361417));
#2409 = CARTESIAN_POINT('',(-51.12457838442,13.997880055997,
    33.996400184431));
#2410 = CARTESIAN_POINT('',(-51.11963307832,13.493230189385,
    33.987949099604));
#2411 = CARTESIAN_POINT('',(-51.11128913508,12.989074640895,
    33.973551708123));
#2412 = CARTESIAN_POINT('',(-51.09802005104,12.480165167533,
    33.950465048803));
#2413 = CARTESIAN_POINT('',(-51.08121008346,11.989734819743,
    33.920819521642));
#2414 = CARTESIAN_POINT('',(-51.05656401466,11.458302627274,
    33.877085725396));
#2415 = CARTESIAN_POINT('',(-51.02735794852,10.975307214484,
    33.824305938292));
#2416 = CARTESIAN_POINT('',(-50.98930762029,10.452380221195,
    33.75490122399));
#2417 = CARTESIAN_POINT('',(-50.94413469769,9.956361827439,
    33.671040819459));
#2418 = CARTESIAN_POINT('',(-50.88977710416,9.451841006865,
    33.568519777613));
#2419 = CARTESIAN_POINT('',(-50.82638868203,8.956350850113,
    33.446746212253));
#2420 = CARTESIAN_POINT('',(-50.75343142692,8.467335115724,
    33.30401025737));
#2421 = CARTESIAN_POINT('',(-50.58820590382,7.508973095421,
    32.97514728739));
#2422 = CARTESIAN_POINT('',(-50.4959175008,7.0395168464,32.788979251257)
  );
#2423 = CARTESIAN_POINT('',(-50.39391225416,6.582399674158,
    32.580449601658));
#2424 = CARTESIAN_POINT('',(-50.28209524018,6.139900999176,
    32.348973194248));
#2425 = CARTESIAN_POINT('',(-50.1607554639,5.714780743975,32.09499466891
    ));
#2426 = CARTESIAN_POINT('',(-50.03038841871,5.309679488384,
    31.819896795021));
#2427 = CARTESIAN_POINT('',(-49.89148509363,4.926450227568,
    31.525658628224));
#2428 = CARTESIAN_POINT('',(-49.74449757138,4.565948922755,
    31.214609884215));
#2429 = CARTESIAN_POINT('',(-49.58994628612,4.228257364859,
    30.889305976659));
#2430 = CARTESIAN_POINT('',(-49.42851524434,3.913024215738,
    30.552389143762));
#2431 = CARTESIAN_POINT('',(-49.26098907158,3.619588420048,
    30.206305043586));
#2432 = CARTESIAN_POINT('',(-49.08801961385,3.346793520366,
    29.852911084359));
#2433 = CARTESIAN_POINT('',(-48.90997001311,3.092911737433,
    29.493342619264));
#2434 = CARTESIAN_POINT('',(-48.3624720015,2.384795558786,
    28.400302569416));
#2435 = CARTESIAN_POINT('',(-47.97958399038,1.983898281032,
    27.652334897245));
#2436 = CARTESIAN_POINT('',(-47.58376572652,1.644357380565,
    26.89636090967));
#2437 = CARTESIAN_POINT('',(-47.17675935771,1.353177065887,
    26.133980767713));
#2438 = CARTESIAN_POINT('',(-46.76321825502,1.104501113715,
    25.371810742874));
#2439 = CARTESIAN_POINT('',(-46.34337861541,0.89019444222,
    24.608130260293));
#2440 = CARTESIAN_POINT('',(-45.91787111048,0.705301853223,
    23.842589230917));
#2441 = CARTESIAN_POINT('',(-45.48922130328,0.547291091007,
    23.078600108121));
#2442 = CARTESIAN_POINT('',(-45.05828242455,0.412147514105,
    22.31643092574));
#2443 = CARTESIAN_POINT('',(-44.62364327121,0.296380086316,
    21.552683330743));
#2444 = CARTESIAN_POINT('',(-44.18561190402,0.199324082334,
    20.787555737538));
#2445 = CARTESIAN_POINT('',(-43.74678100125,0.11847395001,20.02473068362
    ));
#2446 = CARTESIAN_POINT('',(-43.30609690304,5.248627239233E-02,
    19.262004708382));
#2447 = CARTESIAN_POINT('',(-42.86416167885,0.,18.5));
#2448 = ORIENTED_EDGE('',*,*,#661,.T.);
#2449 = ORIENTED_EDGE('',*,*,#703,.F.);
#2450 = ORIENTED_EDGE('',*,*,#2451,.F.);
#2451 = EDGE_CURVE('',#2452,#704,#2454,.T.);
#2452 = VERTEX_POINT('',#2453);
#2453 = CARTESIAN_POINT('',(-57.86849537588,12.677612873258,
    33.947186816956));
#2454 = B_SPLINE_CURVE_WITH_KNOTS('',11,(#2455,#2456,#2457,#2458,#2459,
    #2460,#2461,#2462,#2463,#2464,#2465,#2466,#2467,#2468,#2469,#2470,
    #2471,#2472,#2473,#2474,#2475,#2476,#2477,#2478,#2479,#2480,#2481,
    #2482,#2483,#2484,#2485,#2486,#2487,#2488,#2489,#2490,#2491,#2492,
    #2493,#2494,#2495,#2496,#2497,#2498,#2499,#2500,#2501,#2502,#2503,
    #2504,#2505,#2506),.UNSPECIFIED.,.F.,.F.,(12,10,10,10,10,12),(
    20.946846872058,26.548333439881,32.149820007704,37.751306575528,
    43.352793143351,45.554819342469),.UNSPECIFIED.);
#2455 = CARTESIAN_POINT('',(-57.86849537821,12.677612873786,
    33.947186807238));
#2456 = CARTESIAN_POINT('',(-57.8716811735,12.161953377479,
    33.919791266329));
#2457 = CARTESIAN_POINT('',(-57.87593872771,11.645956075152,
    33.882704236042));
#2458 = CARTESIAN_POINT('',(-57.88142264874,11.129842289056,
    33.83419108322));
#2459 = CARTESIAN_POINT('',(-57.88828987333,10.61392116196,
    33.772358713142));
#2460 = CARTESIAN_POINT('',(-57.89668209329,10.098891022259,
    33.695223246844));
#2461 = CARTESIAN_POINT('',(-57.90673282226,9.585583817069,
    33.600671985165));
#2462 = CARTESIAN_POINT('',(-57.91856170306,9.074996376669,
    33.486438904851));
#2463 = CARTESIAN_POINT('',(-57.93225839478,8.568593680524,
    33.350197967544));
#2464 = CARTESIAN_POINT('',(-57.94787587118,8.068490091635,
    33.189810666882));
#2465 = CARTESIAN_POINT('',(-57.96544820287,7.57721471206,
    33.003643492121));
#2466 = CARTESIAN_POINT('',(-58.00459358092,6.617478464919,
    32.57775120702));
#2467 = CARTESIAN_POINT('',(-58.02616289266,6.14907111344,
    32.338070100976));
#2468 = CARTESIAN_POINT('',(-58.04979055211,5.694605276343,
    32.070438346545));
#2469 = CARTESIAN_POINT('',(-58.07543688284,5.257955762657,
    31.775635113062));
#2470 = CARTESIAN_POINT('',(-58.10331504239,4.84005251034,
    31.452515158019));
#2471 = CARTESIAN_POINT('',(-58.13338890739,4.445122090268,
    31.10459149392));
#2472 = CARTESIAN_POINT('',(-58.16577290945,4.074532811376,
    30.734521968906));
#2473 = CARTESIAN_POINT('',(-58.20065078145,3.726883202572,
    30.343576704921));
#2474 = CARTESIAN_POINT('',(-58.23781065129,3.403957982944,
    29.936431274553));
#2475 = CARTESIAN_POINT('',(-58.27725313931,3.103795469499,
    29.514591601381));
#2476 = CARTESIAN_POINT('',(-58.36039508602,2.54747153767,
    28.646430534281));
#2477 = CARTESIAN_POINT('',(-58.4040918752,2.291302414004,
    28.200135767143));
#2478 = CARTESIAN_POINT('',(-58.44982105117,2.055822109112,
    27.743447921981));
#2479 = CARTESIAN_POINT('',(-58.49729721577,1.840521575115,
    27.279529317407));
#2480 = CARTESIAN_POINT('',(-58.54650342783,1.64205729224,
    26.807831636268));
#2481 = CARTESIAN_POINT('',(-58.59739419523,1.461079815806,
    26.329279111703));
#2482 = CARTESIAN_POINT('',(-58.64891248681,1.296308127022,
    25.851997357116));
#2483 = CARTESIAN_POINT('',(-58.70218146933,1.144339327247,
    25.365729154679));
#2484 = CARTESIAN_POINT('',(-58.75622479039,1.006065669717,
    24.878623228482));
#2485 = CARTESIAN_POINT('',(-58.81125630243,0.879645795906,
    24.388228679926));
#2486 = CARTESIAN_POINT('',(-58.92293394533,0.64920335861,
    23.403152415474));
#2487 = CARTESIAN_POINT('',(-58.97958948021,0.545126108504,
    22.908384017929));
#2488 = CARTESIAN_POINT('',(-59.03695718831,0.451359176149,
    22.411833743638));
#2489 = CARTESIAN_POINT('',(-59.09494747338,0.367131954447,
    21.913859200741));
#2490 = CARTESIAN_POINT('',(-59.15348568334,0.291736879966,
    21.414727216964));
#2491 = CARTESIAN_POINT('',(-59.21251211001,0.224529432984,
    20.914613839599));
#2492 = CARTESIAN_POINT('',(-59.2719819894,0.164928137428,
    20.413604335516));
#2493 = CARTESIAN_POINT('',(-59.33186550146,0.112414560941,
    19.911693191166));
#2494 = CARTESIAN_POINT('',(-59.39214777024,6.653331482346E-02,
    19.408784112562));
#2495 = CARTESIAN_POINT('',(-59.45282886382,2.689205407482E-02,
    18.904690025306));
#2496 = CARTESIAN_POINT('',(-59.53794110401,-2.009850508629E-02,
    18.200391251802));
#2497 = CARTESIAN_POINT('',(-59.5619584137,-3.335848754218E-02,
    18.001649429039));
#2498 = CARTESIAN_POINT('',(-59.58597572338,-4.661846999807E-02,
    17.802907606275));
#2499 = CARTESIAN_POINT('',(-59.60999303307,-5.987845245396E-02,
    17.604165783511));
#2500 = CARTESIAN_POINT('',(-59.63401034275,-7.313843490985E-02,
    17.405423960747));
#2501 = CARTESIAN_POINT('',(-59.65802765244,-8.639841736574E-02,
    17.206682137984));
#2502 = CARTESIAN_POINT('',(-59.68204496213,-9.965839982163E-02,
    17.00794031522));
#2503 = CARTESIAN_POINT('',(-59.70606227181,-0.112918382278,
    16.809198492456));
#2504 = CARTESIAN_POINT('',(-59.7300795815,-0.126178364733,
    16.610456669693));
#2505 = CARTESIAN_POINT('',(-59.75409689119,-0.139438347189,
    16.411714846929));
#2506 = CARTESIAN_POINT('',(-59.77811420087,-0.152698329645,
    16.212973024165));
#2507 = ORIENTED_EDGE('',*,*,#2508,.T.);
#2508 = EDGE_CURVE('',#2452,#2509,#2511,.T.);
#2509 = VERTEX_POINT('',#2510);
#2510 = CARTESIAN_POINT('',(-51.75,15.,34.));
#2511 = B_SPLINE_CURVE_WITH_KNOTS('',8,(#2512,#2513,#2514,#2515,#2516,
    #2517,#2518,#2519,#2520,#2521,#2522,#2523,#2524,#2525,#2526,#2527,
    #2528,#2529,#2530,#2531,#2532,#2533,#2534,#2535,#2536,#2537,#2538,
    #2539,#2540,#2541,#2542,#2543,#2544,#2545,#2546,#2547,#2548,#2549,
    #2550,#2551,#2552,#2553,#2554,#2555,#2556,#2557,#2558,#2559,#2560,
    #2561,#2562,#2563,#2564,#2565,#2566,#2567,#2568,#2569,#2570,#2571,
    #2572,#2573,#2574,#2575,#2576,#2577,#2578,#2579,#2580,#2581,#2582,
    #2583,#2584,#2585,#2586,#2587,#2588,#2589,#2590,#2591,#2592,#2593,
    #2594,#2595,#2596,#2597,#2598,#2599,#2600,#2601,#2602,#2603,#2604,
    #2605,#2606,#2607,#2608,#2609,#2610,#2611,#2612,#2613,#2614,#2615,
    #2616,#2617,#2618),.UNSPECIFIED.,.F.,.F.,(9,7,7,7,7,7,7,7,7,7,7,7,7,
    7,7,9),(0.,2.441561946807E-02,5.78918523895E-02,9.290226778156E-02,
    0.186105638509,0.26435465207,0.327107779857,0.376577168125,
    0.513477010096,0.652035374732,0.704086887603,0.770121438695,
    0.850892964213,0.919520745758,0.957111502242,1.),.UNSPECIFIED.);
#2512 = CARTESIAN_POINT('',(-58.73213511523,15.353178480704,
    33.999115658596));
#2513 = CARTESIAN_POINT('',(-58.73607895839,15.314294473064,
    33.999316877138));
#2514 = CARTESIAN_POINT('',(-58.73953122632,15.275314323724,
    33.999490815477));
#2515 = CARTESIAN_POINT('',(-58.74248843102,15.23625176173,
    33.999637894005));
#2516 = CARTESIAN_POINT('',(-58.74494769517,15.19712070101,
    33.999758591925));
#2517 = CARTESIAN_POINT('',(-58.74690675209,15.157935240378,
    33.999853447248));
#2518 = CARTESIAN_POINT('',(-58.7483639458,15.118709663532,
    33.999923056797));
#2519 = CARTESIAN_POINT('',(-58.74931823097,15.079458439054,
    33.999968076202));
#2520 = CARTESIAN_POINT('',(-58.75038745904,14.986363829303,
    34.000018210017));
#2521 = CARTESIAN_POINT('',(-58.75005953964,14.932510216922,
    34.000002861031));
#2522 = CARTESIAN_POINT('',(-58.74878434355,14.878673318422,
    33.999943785732));
#2523 = CARTESIAN_POINT('',(-58.7465631039,14.824890537073,
    33.999838484062));
#2524 = CARTESIAN_POINT('',(-58.74339927832,14.771198776874,
    33.999684450573));
#2525 = CARTESIAN_POINT('',(-58.73929848599,14.71763445021,
    33.999480496617));
#2526 = CARTESIAN_POINT('',(-58.73426846146,14.664233460554,
    33.999226287266));
#2527 = CARTESIAN_POINT('',(-58.72209693236,14.555390651346,
    33.998599866092));
#2528 = CARTESIAN_POINT('',(-58.71481407516,14.499474302021,
    33.998220161182));
#2529 = CARTESIAN_POINT('',(-58.70645133963,14.443336835166,
    33.997778155795));
#2530 = CARTESIAN_POINT('',(-58.69699198996,14.387023530603,
    33.997271203951));
#2531 = CARTESIAN_POINT('',(-58.68642023892,14.33057071162,
    33.996696781609));
#2532 = CARTESIAN_POINT('',(-58.67471981828,14.274006231548,
    33.996052432138));
#2533 = CARTESIAN_POINT('',(-58.66187254919,14.217349960335,
    33.995335711793));
#2534 = CARTESIAN_POINT('',(-58.61054502797,14.009574718544,
    33.992436830617));
#2535 = CARTESIAN_POINT('',(-58.56595309179,13.862022974796,
    33.989855544686));
#2536 = CARTESIAN_POINT('',(-58.51454561685,13.718616724264,
    33.986808057082));
#2537 = CARTESIAN_POINT('',(-58.45685210638,13.579840659782,
    33.983319387718));
#2538 = CARTESIAN_POINT('',(-58.39342377408,13.446038759203,
    33.979427994091));
#2539 = CARTESIAN_POINT('',(-58.32480024943,13.317440303234,
    33.975181792842));
#2540 = CARTESIAN_POINT('',(-58.25148626829,13.194179634502,
    33.970634005508));
#2541 = CARTESIAN_POINT('',(-58.1088328901,12.977351762599,
    33.961813031258));
#2542 = CARTESIAN_POINT('',(-58.04074269083,12.882193224187,
    33.957612815544));
#2543 = CARTESIAN_POINT('',(-57.96992937774,12.790853774853,
    33.95327003367));
#2544 = CARTESIAN_POINT('',(-57.89663711167,12.703331834247,
    33.94881744316));
#2545 = CARTESIAN_POINT('',(-57.82109082668,12.619607756119,
    33.944287948426));
#2546 = CARTESIAN_POINT('',(-57.74349446914,12.53964707499,
    33.939713842465));
#2547 = CARTESIAN_POINT('',(-57.66402923678,12.463403752822,
    33.935126048547));
#2548 = CARTESIAN_POINT('',(-57.51775020555,12.332616397428,
    33.926886218057));
#2549 = CARTESIAN_POINT('',(-57.45155131955,12.276768672095,
    33.923229038687));
#2550 = CARTESIAN_POINT('',(-57.38433797438,12.223253438402,
    33.919596896081));
#2551 = CARTESIAN_POINT('',(-57.31618738889,12.172043721134,
    33.916004309112));
#2552 = CARTESIAN_POINT('',(-57.24717118323,12.123112515304,
    33.912465167422));
#2553 = CARTESIAN_POINT('',(-57.17735537582,12.076432920319,
    33.908992655603));
#2554 = CARTESIAN_POINT('',(-57.10680038027,12.031978274142,
    33.905599177378));
#2555 = CARTESIAN_POINT('',(-56.97940175477,11.956411154036,
    33.899692547834));
#2556 = CARTESIAN_POINT('',(-56.9228180985,11.924466888957,
    33.897145143463));
#2557 = CARTESIAN_POINT('',(-56.86583728165,11.893876902989,
    33.894659772823));
#2558 = CARTESIAN_POINT('',(-56.80848526075,11.864629185493,
    33.892241842033));
#2559 = CARTESIAN_POINT('',(-56.75078670075,11.836712304425,
    33.889896457174));
#2560 = CARTESIAN_POINT('',(-56.69276497509,11.810115406329,
    33.887628424288));
#2561 = CARTESIAN_POINT('',(-56.63444216562,11.784828216341,
    33.885442249377));
#2562 = CARTESIAN_POINT('',(-56.41366290052,11.694459766585,
    33.87753036531));
#2563 = CARTESIAN_POINT('',(-56.24936125689,11.638042754529,
    33.872378391074));
#2564 = CARTESIAN_POINT('',(-56.08335269698,11.591370975178,
    33.867973942771));
#2565 = CARTESIAN_POINT('',(-55.91602662508,11.554285178574,
    33.864388649765));
#2566 = CARTESIAN_POINT('',(-55.74774653485,11.526668465565,
    33.861676305699));
#2567 = CARTESIAN_POINT('',(-55.57885198054,11.508438856309,
    33.859872120156));
#2568 = CARTESIAN_POINT('',(-55.40965926923,11.499551853354,
    33.858992959999));
#2569 = CARTESIAN_POINT('',(-55.06921266358,11.500479731963,
    33.859084753439));
#2570 = CARTESIAN_POINT('',(-54.89799880119,11.510522389923,
    33.86007823949));
#2571 = CARTESIAN_POINT('',(-54.72712159395,11.530138168181,
    33.862017975436));
#2572 = CARTESIAN_POINT('',(-54.5569095555,11.559376999321,
    33.864884961741));
#2573 = CARTESIAN_POINT('',(-54.3877167176,11.598327951577,
    33.868640928341));
#2574 = CARTESIAN_POINT('',(-54.21992336708,11.647116488161,
    33.873228080624));
#2575 = CARTESIAN_POINT('',(-54.05393820823,11.705912587846,
    33.878569925435));
#2576 = CARTESIAN_POINT('',(-53.82869198721,11.800884556047,
    33.88682838804));
#2577 = CARTESIAN_POINT('',(-53.76750265968,11.828263307782,
    33.889176830944));
#2578 = CARTESIAN_POINT('',(-53.70665855904,11.857097583115,
    33.891613476933));
#2579 = CARTESIAN_POINT('',(-53.64618593852,11.887399663294,
    33.894132930628));
#2580 = CARTESIAN_POINT('',(-53.58611271343,11.919182509707,
    33.896729430195));
#2581 = CARTESIAN_POINT('',(-53.52646846122,11.952459763881,
    33.899396847346));
#2582 = CARTESIAN_POINT('',(-53.46728442142,11.987245747484,
    33.902128687337));
#2583 = CARTESIAN_POINT('',(-53.33413593008,12.069619363016,
    33.908456831156));
#2584 = CARTESIAN_POINT('',(-53.26047395521,12.118134429273,
    33.912088133198));
#2585 = CARTESIAN_POINT('',(-53.18767362005,12.169132103139,
    33.91579813012));
#2586 = CARTESIAN_POINT('',(-53.11580835575,12.22264399092,
    33.919571894042));
#2587 = CARTESIAN_POINT('',(-53.04495894484,12.278701619413,
    33.923393546801));
#2588 = CARTESIAN_POINT('',(-52.97521349042,12.337336192117,
    33.927246372575));
#2589 = CARTESIAN_POINT('',(-52.90666738534,12.398578345457,
    33.931112930511));
#2590 = CARTESIAN_POINT('',(-52.75717226639,12.540593508082,
    33.939699342134));
#2591 = CARTESIAN_POINT('',(-52.67687654093,12.622668339136,
    33.944416582351));
#2592 = CARTESIAN_POINT('',(-52.59871953308,12.708739472622,
    33.949094374922));
#2593 = CARTESIAN_POINT('',(-52.5229146933,12.79885185356,33.95369783636
    ));
#2594 = CARTESIAN_POINT('',(-52.44970266237,12.893033613899,
    33.958190754111));
#2595 = CARTESIAN_POINT('',(-52.37934843918,12.991291388896,
    33.962536627893));
#2596 = CARTESIAN_POINT('',(-52.31213854862,13.093605633487,
    33.96669971104));
#2597 = CARTESIAN_POINT('',(-52.194204036,13.290261321465,
    33.973999072767));
#2598 = CARTESIAN_POINT('',(-52.14252345038,13.383482930611,
    33.97719546026));
#2599 = CARTESIAN_POINT('',(-52.09352818142,13.479550597536,
    33.980214262409));
#2600 = CARTESIAN_POINT('',(-52.0474228181,13.57839722511,
    33.983035375949));
#2601 = CARTESIAN_POINT('',(-52.00442092635,13.679925212329,
    33.985640484317));
#2602 = CARTESIAN_POINT('',(-51.96473953469,13.784001765523,
    33.988013978646));
#2603 = CARTESIAN_POINT('',(-51.92859198893,13.890453096069,
    33.990143861691));
#2604 = CARTESIAN_POINT('',(-51.87842510974,14.05854539397,
    33.993051729547));
#2605 = CARTESIAN_POINT('',(-51.86195670407,14.118125780644,33.993995906
    ));
#2606 = CARTESIAN_POINT('',(-51.84675165164,14.177804585681,
    33.994857485581));
#2607 = CARTESIAN_POINT('',(-51.83278951065,14.237594876861,
    33.995638870444));
#2608 = CARTESIAN_POINT('',(-51.8200527366,14.297517252352,
    33.996342479023));
#2609 = CARTESIAN_POINT('',(-51.80852771413,14.357600224352,
    33.996970681714));
#2610 = CARTESIAN_POINT('',(-51.79820578889,14.417880602732,
    33.997525736552));
#2611 = CARTESIAN_POINT('',(-51.77867730009,14.547456822212,
    33.998561922677));
#2612 = CARTESIAN_POINT('',(-51.77078997593,14.610482220911,
    33.99897089779));
#2613 = CARTESIAN_POINT('',(-51.76390658252,14.674093570726,
    33.999322583874));
#2614 = CARTESIAN_POINT('',(-51.75793130209,14.742000104631,
    33.999622349494));
#2615 = CARTESIAN_POINT('',(-51.75323245474,14.813788294541,
    33.999849175519));
#2616 = CARTESIAN_POINT('',(-51.75075127684,14.886321768823,
    33.999965137111));
#2617 = CARTESIAN_POINT('',(-51.74999999937,14.951993135567,
    34.000000000058));
#2618 = CARTESIAN_POINT('',(-51.75,15.,34.));
#2619 = ORIENTED_EDGE('',*,*,#2620,.T.);
#2620 = EDGE_CURVE('',#2509,#2621,#2623,.T.);
#2621 = VERTEX_POINT('',#2622);
#2622 = CARTESIAN_POINT('',(-57.86849540892,17.32238708705,
    33.947186809319));
#2623 = B_SPLINE_CURVE_WITH_KNOTS('',6,(#2624,#2625,#2626,#2627,#2628,
    #2629,#2630,#2631,#2632,#2633,#2634,#2635,#2636,#2637,#2638,#2639,
    #2640,#2641,#2642,#2643,#2644,#2645,#2646,#2647,#2648,#2649,#2650,
    #2651,#2652,#2653,#2654,#2655,#2656,#2657,#2658,#2659,#2660,#2661,
    #2662,#2663,#2664,#2665,#2666,#2667,#2668,#2669,#2670,#2671,#2672,
    #2673,#2674,#2675,#2676,#2677,#2678,#2679,#2680,#2681,#2682,#2683,
    #2684,#2685),.UNSPECIFIED.,.F.,.F.,(7,5,5,5,5,5,5,5,5,5,5,5,7),(0.,
    0.103137651205,0.167274579317,0.25040072272,0.317192437832,
    0.369879620982,0.513403053963,0.655045017383,0.707620623245,
    0.774160862307,0.85657617089,0.921407786827,1.),.UNSPECIFIED.);
#2624 = CARTESIAN_POINT('',(-51.75,15.,34.));
#2625 = CARTESIAN_POINT('',(-51.75,15.221040648512,34.));
#2626 = CARTESIAN_POINT('',(-51.76675232185,15.442199030168,
    33.999223946126));
#2627 = CARTESIAN_POINT('',(-51.80028567201,15.660049667327,
    33.9975148239));
#2628 = CARTESIAN_POINT('',(-51.84952126612,15.871935967307,
    33.99479396259));
#2629 = CARTESIAN_POINT('',(-51.91291509295,16.075816864398,
    33.99110352063));
#2630 = CARTESIAN_POINT('',(-52.03570150709,16.391083661184,
    33.983737538749));
#2631 = CARTESIAN_POINT('',(-52.08756977342,16.508361526723,
    33.980582458101));
#2632 = CARTESIAN_POINT('',(-52.14382609337,16.621754988786,
    33.977122501891));
#2633 = CARTESIAN_POINT('',(-52.20406807249,16.73108786291,
    33.973392708559));
#2634 = CARTESIAN_POINT('',(-52.26791538006,16.836266684975,
    33.969433036796));
#2635 = CARTESIAN_POINT('',(-52.42202264788,17.068149894239,
    33.95990692477));
#2636 = CARTESIAN_POINT('',(-52.51449521925,17.191992182288,
    33.954212428255));
#2637 = CARTESIAN_POINT('',(-52.61173080531,17.308737279845,
    33.948289174444));
#2638 = CARTESIAN_POINT('',(-52.71309007147,17.418433014528,
    33.942229512366));
#2639 = CARTESIAN_POINT('',(-52.81802995715,17.52119346298,
    33.936122810253));
#2640 = CARTESIAN_POINT('',(-53.01296879608,17.694286780075,
    33.925168026425));
#2641 = CARTESIAN_POINT('',(-53.10184441144,17.767017535735,
    33.920308877057));
#2642 = CARTESIAN_POINT('',(-53.19251689096,17.835437222057,
    33.915513049902));
#2643 = CARTESIAN_POINT('',(-53.28478279815,17.899621401184,
    33.910819825455));
#2644 = CARTESIAN_POINT('',(-53.37846446145,17.959644945855,
    33.90626520167));
#2645 = CARTESIAN_POINT('',(-53.54830567509,18.059704675476,
    33.89842298425));
#2646 = CARTESIAN_POINT('',(-53.62398615082,18.101284007562,
    33.895071003859));
#2647 = CARTESIAN_POINT('',(-53.70037574673,18.140353884136,
    33.891841118569));
#2648 = CARTESIAN_POINT('',(-53.77740475186,18.176946625583,
    33.888747787214));
#2649 = CARTESIAN_POINT('',(-53.8550094048,18.21109184111,
    33.885804072222));
#2650 = CARTESIAN_POINT('',(-54.14594281137,18.329236340681,
    33.875442105934));
#2651 = CARTESIAN_POINT('',(-54.36255996861,18.397679564116,
    33.869060562969));
#2652 = CARTESIAN_POINT('',(-54.58187111347,18.448724268447,
    33.864109217878));
#2653 = CARTESIAN_POINT('',(-54.80289104078,18.482689711207,
    33.860749769697));
#2654 = CARTESIAN_POINT('',(-55.02473402075,18.499784003064,
    33.859058662692));
#2655 = CARTESIAN_POINT('',(-55.46559453835,18.500209920067,
    33.859016527234));
#2656 = CARTESIAN_POINT('',(-55.68454836031,18.483981157226,
    33.860622009448));
#2657 = CARTESIAN_POINT('',(-55.9027266596,18.451322751193,
    33.863853589624));
#2658 = CARTESIAN_POINT('',(-56.11927998288,18.402040762567,
    33.868639812344));
#2659 = CARTESIAN_POINT('',(-56.33326680266,18.335833780747,
    33.874828562746));
#2660 = CARTESIAN_POINT('',(-56.62171233377,18.221097176799,
    33.884936973864));
#2661 = CARTESIAN_POINT('',(-56.69929177789,18.187632250602,
    33.887836247637));
#2662 = CARTESIAN_POINT('',(-56.77631031145,18.151735881875,
    33.890887018289));
#2663 = CARTESIAN_POINT('',(-56.85270538331,18.113379080782,
    33.894076516458));
#2664 = CARTESIAN_POINT('',(-56.92840868929,18.072530120175,
    33.897390586071));
#2665 = CARTESIAN_POINT('',(-57.09818783768,17.974257940118,
    33.905145993486));
#2666 = CARTESIAN_POINT('',(-57.19180026911,17.915315728699,
    33.909652837844));
#2667 = CARTESIAN_POINT('',(-57.28403548155,17.852256467963,
    33.914302969457));
#2668 = CARTESIAN_POINT('',(-57.3747207206,17.785006527423,
    33.919061233926));
#2669 = CARTESIAN_POINT('',(-57.46365841535,17.713491094848,
    33.923889215109));
#2670 = CARTESIAN_POINT('',(-57.65834247323,17.543681701824,
    33.934761240218));
#2671 = CARTESIAN_POINT('',(-57.76302602334,17.443078800086,
    33.940819933596));
#2672 = CARTESIAN_POINT('',(-57.86426415359,17.335677783358,
    33.946845082775));
#2673 = CARTESIAN_POINT('',(-57.96153865637,17.221363096877,
    33.952750298807));
#2674 = CARTESIAN_POINT('',(-58.05423925882,17.100078422485,
    33.958445916997));
#2675 = CARTESIAN_POINT('',(-58.21045973403,16.870984656411,
    33.968092579499));
#2676 = CARTESIAN_POINT('',(-58.27597913887,16.76583057732,
    33.972156218862));
#2677 = CARTESIAN_POINT('',(-58.33789634237,16.656415407,33.975993956962
    ));
#2678 = CARTESIAN_POINT('',(-58.39582388922,16.542823613156,
    33.979563963941));
#2679 = CARTESIAN_POINT('',(-58.44934918802,16.425222698865,
    33.982829118961));
#2680 = CARTESIAN_POINT('',(-58.55710492707,16.156796857058,
    33.989315962089));
#2681 = CARTESIAN_POINT('',(-58.60908606321,16.004188768533,
    33.992382048359));
#2682 = CARTESIAN_POINT('',(-58.65322978166,15.846620425203,
    33.994907680336));
#2683 = CARTESIAN_POINT('',(-58.6888114616,15.684863979376,
    33.996862876443));
#2684 = CARTESIAN_POINT('',(-58.71522129517,15.519938943184,
    33.99825269978));
#2685 = CARTESIAN_POINT('',(-58.73213511523,15.353178480704,
    33.999115658596));
#2686 = ORIENTED_EDGE('',*,*,#2687,.F.);
#2687 = EDGE_CURVE('',#859,#2621,#2688,.T.);
#2688 = B_SPLINE_CURVE_WITH_KNOTS('',11,(#2689,#2690,#2691,#2692,#2693,
    #2694,#2695,#2696,#2697,#2698,#2699,#2700,#2701,#2702,#2703,#2704,
    #2705,#2706,#2707,#2708,#2709,#2710,#2711,#2712,#2713,#2714,#2715,
    #2716,#2717,#2718,#2719,#2720,#2721,#2722,#2723,#2724,#2725,#2726,
    #2727,#2728,#2729,#2730,#2731,#2732,#2733,#2734,#2735,#2736,#2737,
    #2738,#2739,#2740),.UNSPECIFIED.,.F.,.F.,(12,10,10,10,10,12),(
    -8.261136076178,-6.058182356489,-0.456185586482,5.145811183525,
    10.747807953532,16.349804723538),.UNSPECIFIED.);
#2689 = CARTESIAN_POINT('',(-59.77811912917,30.152699129132,
    16.212933607527));
#2690 = CARTESIAN_POINT('',(-59.75410180257,30.139439312472,
    16.411675439308));
#2691 = CARTESIAN_POINT('',(-59.73008447597,30.126179495811,
    16.610417271089));
#2692 = CARTESIAN_POINT('',(-59.70606714936,30.11291967915,
    16.80915910287));
#2693 = CARTESIAN_POINT('',(-59.68204982276,30.099659862489,
    17.007900934651));
#2694 = CARTESIAN_POINT('',(-59.65803249616,30.086400045828,
    17.206642766432));
#2695 = CARTESIAN_POINT('',(-59.63401516956,30.073140229167,
    17.405384598214));
#2696 = CARTESIAN_POINT('',(-59.60999784295,30.059880412506,
    17.604126429995));
#2697 = CARTESIAN_POINT('',(-59.58598051635,30.046620595844,
    17.802868261776));
#2698 = CARTESIAN_POINT('',(-59.56196318975,30.033360779183,
    18.001610093557));
#2699 = CARTESIAN_POINT('',(-59.53794586314,30.020100962521,
    18.200351925338));
#2700 = CARTESIAN_POINT('',(-59.45285372373,29.973122121513,
    18.904483902064));
#2701 = CARTESIAN_POINT('',(-59.3921861232,29.933518076946,
    19.408459371057));
#2702 = CARTESIAN_POINT('',(-59.33191211551,29.887664644349,
    19.911294230852));
#2703 = CARTESIAN_POINT('',(-59.27203322525,29.835156694216,
    20.41316535243));
#2704 = CARTESIAN_POINT('',(-59.21256593817,29.775541934627,
    20.914155266071));
#2705 = CARTESIAN_POINT('',(-59.15354152052,29.708314511669,
    21.414255016849));
#2706 = CARTESIAN_POINT('',(-59.09500583499,29.63290860809,
    21.913367019483));
#2707 = CARTESIAN_POINT('',(-59.03701916091,29.548692044167,
    22.411307913997));
#2708 = CARTESIAN_POINT('',(-58.97965601007,29.454959876309,
    22.907811420539));
#2709 = CARTESIAN_POINT('',(-58.92300494622,29.350927997564,
    23.402531194921));
#2710 = CARTESIAN_POINT('',(-58.81133185793,29.120525476055,
    24.387556172389));
#2711 = CARTESIAN_POINT('',(-58.75630643734,28.994146431763,
    24.877886136143));
#2712 = CARTESIAN_POINT('',(-58.70222388604,28.855737692134,
    25.365360767259));
#2713 = CARTESIAN_POINT('',(-58.6491122973,28.704367594562,
    25.850125740222));
#2714 = CARTESIAN_POINT('',(-58.59723405009,28.53839843499,
    26.330778255179));
#2715 = CARTESIAN_POINT('',(-58.54674984254,28.358773978828,
    26.805519631864));
#2716 = CARTESIAN_POINT('',(-58.4972447473,28.15935679585,
    27.280002910643));
#2717 = CARTESIAN_POINT('',(-58.44991558663,27.944556958182,
    27.742543450885));
#2718 = CARTESIAN_POINT('',(-58.4041505945,27.709011568154,
    28.199544538777));
#2719 = CARTESIAN_POINT('',(-58.36046231766,27.452927348949,
    28.645742335246));
#2720 = CARTESIAN_POINT('',(-58.27731498122,26.896669149486,
    29.513932170706));
#2721 = CARTESIAN_POINT('',(-58.23786862365,26.596569158015,
    29.935793639608));
#2722 = CARTESIAN_POINT('',(-58.20066559478,26.273227068491,
    30.34341480934));
#2723 = CARTESIAN_POINT('',(-58.1658419654,25.9262621751,30.73372585759)
  );
#2724 = CARTESIAN_POINT('',(-58.13341617379,25.555187800348,
    31.104289157268));
#2725 = CARTESIAN_POINT('',(-58.10332607022,25.160174951458,
    31.4523865533));
#2726 = CARTESIAN_POINT('',(-58.07548230331,24.742723843843,
    31.775101006801));
#2727 = CARTESIAN_POINT('',(-58.04979468206,24.305485103515,
    32.070407618929));
#2728 = CARTESIAN_POINT('',(-58.02618627502,23.851382117137,
    32.337796801281));
#2729 = CARTESIAN_POINT('',(-58.0046112214,23.382911229934,
    32.577555106911));
#2730 = CARTESIAN_POINT('',(-57.96546187567,22.423163383434,
    33.003498859275));
#2731 = CARTESIAN_POINT('',(-57.94788617935,21.931832735766,
    33.189711733372));
#2732 = CARTESIAN_POINT('',(-57.93226668439,21.431729679705,
    33.350102335113));
#2733 = CARTESIAN_POINT('',(-57.91856834019,20.925297985246,
    33.486377205217));
#2734 = CARTESIAN_POINT('',(-57.90673555098,20.414575521144,
    33.600658282385));
#2735 = CARTESIAN_POINT('',(-57.89668159855,19.901136447023,
    33.695225785004));
#2736 = CARTESIAN_POINT('',(-57.88829039947,19.386114461981,
    33.772345977844));
#2737 = CARTESIAN_POINT('',(-57.88142524091,18.870280619309,
    33.834171415508));
#2738 = CARTESIAN_POINT('',(-57.87593913671,18.354149216602,
    33.882701252815));
#2739 = CARTESIAN_POINT('',(-57.8716814478,17.838085270725,
    33.919789213727));
#2740 = CARTESIAN_POINT('',(-57.86849540892,17.32238708705,
    33.947186809319));
#2741 = ORIENTED_EDGE('',*,*,#858,.T.);
#2742 = SURFACE_OF_LINEAR_EXTRUSION('',#2743,#2749);
#2743 = ( BOUNDED_CURVE() B_SPLINE_CURVE(3,(#2744,#2745,#2746,#2747,
#2748),.UNSPECIFIED.,.F.,.F.) B_SPLINE_CURVE_WITH_KNOTS((4,1,4),(0.,1.,
2.),.QUASI_UNIFORM_KNOTS.) CURVE() GEOMETRIC_REPRESENTATION_ITEM() 
RATIONAL_B_SPLINE_CURVE((1.,1.,0.981828416519,1.,1.)) 
REPRESENTATION_ITEM('') );
#2744 = CARTESIAN_POINT('',(0.,0.,18.5));
#2745 = CARTESIAN_POINT('',(0.,1.,33.018171583481));
#2746 = CARTESIAN_POINT('',(0.,15.,35.));
#2747 = CARTESIAN_POINT('',(0.,29.,33.018171583481));
#2748 = CARTESIAN_POINT('',(0.,30.,18.5));
#2749 = VECTOR('',#2750,1.);
#2750 = DIRECTION('',(1.,0.,0.));
#2751 = ADVANCED_FACE('',(#2752),#2898,.T.);
#2752 = FACE_BOUND('',#2753,.T.);
#2753 = EDGE_LOOP('',(#2754,#2755,#2812,#2828,#2841,#2896,#2897));
#2754 = ORIENTED_EDGE('',*,*,#684,.T.);
#2755 = ORIENTED_EDGE('',*,*,#2756,.F.);
#2756 = EDGE_CURVE('',#2757,#687,#2759,.T.);
#2757 = VERTEX_POINT('',#2758);
#2758 = CARTESIAN_POINT('',(-60.84383770213,12.835487280602,
    31.335257740872));
#2759 = B_SPLINE_CURVE_WITH_KNOTS('',11,(#2760,#2761,#2762,#2763,#2764,
    #2765,#2766,#2767,#2768,#2769,#2770,#2771,#2772,#2773,#2774,#2775,
    #2776,#2777,#2778,#2779,#2780,#2781,#2782,#2783,#2784,#2785,#2786,
    #2787,#2788,#2789,#2790,#2791,#2792,#2793,#2794,#2795,#2796,#2797,
    #2798,#2799,#2800,#2801,#2802,#2803,#2804,#2805,#2806,#2807,#2808,
    #2809,#2810,#2811),.UNSPECIFIED.,.F.,.F.,(12,10,10,10,10,12),(
    20.946846872058,26.548333439881,32.149820007704,37.751306575528,
    43.352793143351,45.554819342469),.UNSPECIFIED.);
#2760 = CARTESIAN_POINT('',(-60.84383770338,12.835487281122,
    31.335257731154));
#2761 = CARTESIAN_POINT('',(-60.84703329989,12.369728639286,
    31.310491856665));
#2762 = CARTESIAN_POINT('',(-60.85131102371,11.911125198545,
    31.277339494919));
#2763 = CARTESIAN_POINT('',(-60.85681718505,11.461704772941,
    31.234666741851));
#2764 = CARTESIAN_POINT('',(-60.86372791168,11.020441259181,
    31.181108607077));
#2765 = CARTESIAN_POINT('',(-60.87218566726,10.589146582461,
    31.115560997354));
#2766 = CARTESIAN_POINT('',(-60.8823331234,10.169410678564,
    31.036918207154));
#2767 = CARTESIAN_POINT('',(-60.89431378947,9.761802432162,
    30.94406803943));
#2768 = CARTESIAN_POINT('',(-60.90824000328,9.367558068908,
    30.836139875489));
#2769 = CARTESIAN_POINT('',(-60.92418061947,8.988770675467,
    30.712600092322));
#2770 = CARTESIAN_POINT('',(-60.94219299336,8.625655296821,
    30.573004185835));
#2771 = CARTESIAN_POINT('',(-60.98244031549,7.931941572735,
    30.261087419762));
#2772 = CARTESIAN_POINT('',(-61.00467583985,7.601297672582,
    30.088762095023));
#2773 = CARTESIAN_POINT('',(-61.02905450655,7.287473709399,
    29.899827416537));
#2774 = CARTESIAN_POINT('',(-61.05555926597,6.9905623283,29.694415517499
    ));
#2775 = CARTESIAN_POINT('',(-61.08430826266,6.70920713244,
    29.471610780059));
#2776 = CARTESIAN_POINT('',(-61.11517913719,6.44341297127,
    29.232361486255));
#2777 = CARTESIAN_POINT('',(-61.14825707667,6.191644948499,
    28.97600744023));
#2778 = CARTESIAN_POINT('',(-61.1836689627,5.952162700873,
    28.701565305466));
#2779 = CARTESIAN_POINT('',(-61.22112948226,5.726147097691,
    28.411246260991));
#2780 = CARTESIAN_POINT('',(-61.26076496001,5.511715190685,
    28.104071288987));
#2781 = CARTESIAN_POINT('',(-61.34401362161,5.106497469995,
    27.458894121078));
#2782 = CARTESIAN_POINT('',(-61.38763109848,4.915663022804,
    27.120858653941));
#2783 = CARTESIAN_POINT('',(-61.43317878567,4.736004015404,
    26.767864056256));
#2784 = CARTESIAN_POINT('',(-61.48041689666,4.568137233212,
    26.401768672556));
#2785 = CARTESIAN_POINT('',(-61.52920274636,4.410207174432,
    26.023678314455));
#2786 = CARTESIAN_POINT('',(-61.58007295376,4.262809931001,
    25.62943418129));
#2787 = CARTESIAN_POINT('',(-61.63087031515,4.127878959334,
    25.235754606651));
#2788 = CARTESIAN_POINT('',(-61.68407470297,4.000128321759,
    24.823420574511));
#2789 = CARTESIAN_POINT('',(-61.73770600664,3.883217844718,
    24.407777945193));
#2790 = CARTESIAN_POINT('',(-61.79242334922,3.774887482604,
    23.983718513469));
#2791 = CARTESIAN_POINT('',(-61.90355441845,3.575349585139,
    23.122452672761));
#2792 = CARTESIAN_POINT('',(-61.95998529862,3.484092459864,
    22.685113323885));
#2793 = CARTESIAN_POINT('',(-62.01721405376,3.400897293553,
    22.241590443744));
#2794 = CARTESIAN_POINT('',(-62.07518612514,3.325339151928,
    21.792306862091));
#2795 = CARTESIAN_POINT('',(-62.13385986611,3.25701803093,
    21.337585341208));
#2796 = CARTESIAN_POINT('',(-62.19320654175,3.195558856728,
    20.877648575872));
#2797 = CARTESIAN_POINT('',(-62.25321032928,3.140611485695,
    20.41261919338));
#2798 = CARTESIAN_POINT('',(-62.3138683177,3.09185070444,19.94251975354)
  );
#2799 = CARTESIAN_POINT('',(-62.37519050802,3.048976229776,
    19.467272748663));
#2800 = CARTESIAN_POINT('',(-62.43719981316,3.011712708747,
    18.986700603583));
#2801 = CARTESIAN_POINT('',(-62.52459301985,2.967268187132,
    18.309403209172));
#2802 = CARTESIAN_POINT('',(-62.54944583589,2.954629086657,
    18.116793872674));
#2803 = CARTESIAN_POINT('',(-62.57449050613,2.941892417185,
    17.92269766614));
#2804 = CARTESIAN_POINT('',(-62.59972703055,2.929058178716,
    17.727114589569));
#2805 = CARTESIAN_POINT('',(-62.62515540916,2.91612637125,
    17.530044642963));
#2806 = CARTESIAN_POINT('',(-62.65077564195,2.903096994787,
    17.33148782632));
#2807 = CARTESIAN_POINT('',(-62.67658772893,2.889970049327,
    17.131444139641));
#2808 = CARTESIAN_POINT('',(-62.7025916701,2.87674553487,16.929913582926
    ));
#2809 = CARTESIAN_POINT('',(-62.72878746545,2.863423451416,
    16.726896156175));
#2810 = CARTESIAN_POINT('',(-62.75517511499,2.850003798965,
    16.522391859388));
#2811 = CARTESIAN_POINT('',(-62.78175461872,2.836486577517,
    16.316400692564));
#2812 = ORIENTED_EDGE('',*,*,#2813,.F.);
#2813 = EDGE_CURVE('',#2814,#2757,#2816,.T.);
#2814 = VERTEX_POINT('',#2815);
#2815 = CARTESIAN_POINT('',(-60.82035791824,15.338884225317,
    31.517226077418));
#2816 = ( BOUNDED_CURVE() B_SPLINE_CURVE(10,(#2817,#2818,#2819,#2820,
    #2821,#2822,#2823,#2824,#2825,#2826,#2827),.UNSPECIFIED.,.F.,.F.) 
B_SPLINE_CURVE_WITH_KNOTS((11,11),(18.29745903061,20.946846872058),
.PIECEWISE_BEZIER_KNOTS.) CURVE() GEOMETRIC_REPRESENTATION_ITEM() 
RATIONAL_B_SPLINE_CURVE((1.,1.,1.,1.,0.999999999999,1.000000000001,
0.999999999999,1.,1.,1.,1.)) REPRESENTATION_ITEM('') );
#2817 = CARTESIAN_POINT('',(-60.82035791822,15.338884225318,
    31.517226077557));
#2818 = CARTESIAN_POINT('',(-60.81905477553,15.083924292589,
    31.527325434049));
#2819 = CARTESIAN_POINT('',(-60.81882859121,14.827591576538,
    31.529078362651));
#2820 = CARTESIAN_POINT('',(-60.8197263615,14.567090466127,
    31.522120642438));
#2821 = CARTESIAN_POINT('',(-60.82170309907,14.315872017175,
    31.506800925356));
#2822 = CARTESIAN_POINT('',(-60.82495264067,14.061965682021,
    31.481616976359));
#2823 = CARTESIAN_POINT('',(-60.82881352538,13.813887307977,
    31.451695117958));
#2824 = CARTESIAN_POINT('',(-60.83347717413,13.566173096408,
    31.415551837879));
#2825 = CARTESIAN_POINT('',(-60.83803379357,13.320968663328,
    31.380238035006));
#2826 = CARTESIAN_POINT('',(-60.84217510348,13.077810954876,
    31.348142881157));
#2827 = CARTESIAN_POINT('',(-60.84383770213,12.835487280602,
    31.335257740872));
#2828 = ORIENTED_EDGE('',*,*,#2829,.F.);
#2829 = EDGE_CURVE('',#2830,#2814,#2832,.T.);
#2830 = VERTEX_POINT('',#2831);
#2831 = CARTESIAN_POINT('',(-60.8438409143,17.164985644022,
    31.335232846494));
#2832 = ( BOUNDED_CURVE() B_SPLINE_CURVE(7,(#2833,#2834,#2835,#2836,
    #2837,#2838,#2839,#2840),.UNSPECIFIED.,.F.,.F.) 
B_SPLINE_CURVE_WITH_KNOTS((8,8),(16.349804723539,18.29745903061),
.PIECEWISE_BEZIER_KNOTS.) CURVE() GEOMETRIC_REPRESENTATION_ITEM() 
RATIONAL_B_SPLINE_CURVE((1.,1.,1.,1.,1.,1.,1.,1.)) REPRESENTATION_ITEM(
  '') );
#2833 = CARTESIAN_POINT('',(-60.8438409131,17.164985644518,
    31.335232855783));
#2834 = CARTESIAN_POINT('',(-60.84209514685,16.91062242581,
    31.348762545093));
#2835 = CARTESIAN_POINT('',(-60.83749294975,16.655203886943,
    31.384429574838));
#2836 = CARTESIAN_POINT('',(-60.83272259672,16.396827288668,
    31.421399813165));
#2837 = CARTESIAN_POINT('',(-60.82805606118,16.135900531764,
    31.457565465881));
#2838 = CARTESIAN_POINT('',(-60.8243428603,15.872398821087,
    31.486342774512));
#2839 = CARTESIAN_POINT('',(-60.82172646696,15.606640854842,
    31.506619824152));
#2840 = CARTESIAN_POINT('',(-60.82035791824,15.338884225317,
    31.517226077418));
#2841 = ORIENTED_EDGE('',*,*,#2842,.F.);
#2842 = EDGE_CURVE('',#840,#2830,#2843,.T.);
#2843 = B_SPLINE_CURVE_WITH_KNOTS('',11,(#2844,#2845,#2846,#2847,#2848,
    #2849,#2850,#2851,#2852,#2853,#2854,#2855,#2856,#2857,#2858,#2859,
    #2860,#2861,#2862,#2863,#2864,#2865,#2866,#2867,#2868,#2869,#2870,
    #2871,#2872,#2873,#2874,#2875,#2876,#2877,#2878,#2879,#2880,#2881,
    #2882,#2883,#2884,#2885,#2886,#2887,#2888,#2889,#2890,#2891,#2892,
    #2893,#2894,#2895),.UNSPECIFIED.,.F.,.F.,(12,10,10,10,10,12),(
    -8.261136076178,-6.058182356489,-0.456185586482,5.145811183525,
    10.747807953532,16.349804723538),.UNSPECIFIED.);
#2844 = CARTESIAN_POINT('',(-62.78175452617,27.163524320965,
    16.316401409764));
#2845 = CARTESIAN_POINT('',(-62.75517996076,27.150008474059,
    16.522354304681));
#2846 = CARTESIAN_POINT('',(-62.72879626369,27.136589702958,
    16.726827969853));
#2847 = CARTESIAN_POINT('',(-62.70260343496,27.123268007659,
    16.929822405281));
#2848 = CARTESIAN_POINT('',(-62.67660147457,27.110043388164,
    17.131337610963));
#2849 = CARTESIAN_POINT('',(-62.65079038253,27.096915844473,
    17.331373586901));
#2850 = CARTESIAN_POINT('',(-62.62517015882,27.083885376585,
    17.529930333094));
#2851 = CARTESIAN_POINT('',(-62.59974080346,27.070951984501,
    17.727007849542));
#2852 = CARTESIAN_POINT('',(-62.57450231644,27.05811566822,
    17.922606136245));
#2853 = CARTESIAN_POINT('',(-62.54945469776,27.045376427742,
    18.116725193204));
#2854 = CARTESIAN_POINT('',(-62.52459794743,27.032734263068,
    18.309365020417));
#2855 = CARTESIAN_POINT('',(-62.43720800999,26.988287665462,
    18.98663707815));
#2856 = CARTESIAN_POINT('',(-62.37519558886,26.951026777929,
    19.467233372204));
#2857 = CARTESIAN_POINT('',(-62.31386434413,26.908148100424,
    19.942550548471));
#2858 = CARTESIAN_POINT('',(-62.25319622247,26.859375650127,
    20.412728521606));
#2859 = CARTESIAN_POINT('',(-62.19318529404,26.804413515066,
    20.877813245111));
#2860 = CARTESIAN_POINT('',(-62.13383747352,26.742943497611,
    21.337758884391));
#2861 = CARTESIAN_POINT('',(-62.07517023773,26.674622756427,
    21.792429989129));
#2862 = CARTESIAN_POINT('',(-62.01721234763,26.599081450354,
    22.241603666514));
#2863 = CARTESIAN_POINT('',(-61.96000356574,26.515920380312,
    22.684971753591));
#2864 = CARTESIAN_POINT('',(-61.90359437747,26.424708632872,
    23.122142990355));
#2865 = CARTESIAN_POINT('',(-61.792497042,26.225253812476,
    23.983147394304));
#2866 = CARTESIAN_POINT('',(-61.73779807092,26.116973766066,
    24.40706444716));
#2867 = CARTESIAN_POINT('',(-61.68411617429,25.99999968973,
    24.823099171393));
#2868 = CARTESIAN_POINT('',(-61.63101325768,25.87239237971,
    25.234646802451));
#2869 = CARTESIAN_POINT('',(-61.58005548035,25.737330151911,
    25.629569599573));
#2870 = CARTESIAN_POINT('',(-61.52926764336,25.589833065997,
    26.023175363254));
#2871 = CARTESIAN_POINT('',(-61.48046230578,25.432056050238,
    26.401416751383));
#2872 = CARTESIAN_POINT('',(-61.43325713131,25.264278749107,
    26.767256877816));
#2873 = CARTESIAN_POINT('',(-61.38768950795,25.084567815265,
    27.120405980436));
#2874 = CARTESIAN_POINT('',(-61.3440792726,24.893791005821,
    27.458385325821));
#2875 = CARTESIAN_POINT('',(-61.26082923356,24.488628971492,
    28.10357316899));
#2876 = CARTESIAN_POINT('',(-61.2212048695,24.274334437101,
    28.410662009744));
#2877 = CARTESIAN_POINT('',(-61.18365070384,24.047690943553,
    28.701706811983));
#2878 = CARTESIAN_POINT('',(-61.14833264097,23.808923770283,
    28.975421816212));
#2879 = CARTESIAN_POINT('',(-61.11522713054,23.556955551834,
    29.231989538595));
#2880 = CARTESIAN_POINT('',(-61.08431006963,23.290838165779,
    29.471596775273));
#2881 = CARTESIAN_POINT('',(-61.0556027008,23.009875619799,
    29.694078898074));
#2882 = CARTESIAN_POINT('',(-61.02908165284,22.712896902912,
    29.899617032447));
#2883 = CARTESIAN_POINT('',(-61.00468361489,22.398785584201,
    30.088701838567));
#2884 = CARTESIAN_POINT('',(-60.98245693164,22.068305351355,
    30.260958644594));
#2885 = CARTESIAN_POINT('',(-60.94220842624,21.374650026093,
    30.572884580984));
#2886 = CARTESIAN_POINT('',(-60.92419011816,21.011501610135,
    30.712526477504));
#2887 = CARTESIAN_POINT('',(-60.90824583791,20.632513847815,
    30.836094657072));
#2888 = CARTESIAN_POINT('',(-60.89432228537,20.238559514478,
    30.944002196251));
#2889 = CARTESIAN_POINT('',(-60.88233801011,19.830837711551,
    31.036880335092));
#2890 = CARTESIAN_POINT('',(-60.87218370101,19.410721467382,
    31.11557623578));
#2891 = CARTESIAN_POINT('',(-60.86372721958,18.979572763852,
    31.181113970829));
#2892 = CARTESIAN_POINT('',(-60.85682106722,18.538579772584,
    31.234636655121));
#2893 = CARTESIAN_POINT('',(-60.85130997349,18.088671083304,
    31.277347634157));
#2894 = CARTESIAN_POINT('',(-60.84703629524,17.630561708046,
    31.310468642693));
#2895 = CARTESIAN_POINT('',(-60.8438409143,17.164985644022,
    31.335232846494));
#2896 = ORIENTED_EDGE('',*,*,#839,.F.);
#2897 = ORIENTED_EDGE('',*,*,#824,.F.);
#2898 = PLANE('',#2899);
#2899 = AXIS2_PLACEMENT_3D('',#2900,#2901,#2902);
#2900 = CARTESIAN_POINT('',(-60.5,5.329070540405E-15,34.0000001));
#2901 = DIRECTION('',(-0.991777867656,2.841534334768E-17,0.127971329712)
  );
#2902 = DIRECTION('',(-0.127971329712,-2.20218924797E-16,-0.991777867656
    ));
#2903 = ADVANCED_FACE('',(#2904),#2915,.T.);
#2904 = FACE_BOUND('',#2905,.T.);
#2905 = EDGE_LOOP('',(#2906,#2912,#2913,#2914));
#2906 = ORIENTED_EDGE('',*,*,#2907,.T.);
#2907 = EDGE_CURVE('',#2452,#2757,#2908,.T.);
#2908 = ( BOUNDED_CURVE() B_SPLINE_CURVE(2,(#2909,#2910,#2911),
.UNSPECIFIED.,.F.,.F.) B_SPLINE_CURVE_WITH_KNOTS((3,3),(0.,
2.649387841448),.PIECEWISE_BEZIER_KNOTS.) CURVE() 
GEOMETRIC_REPRESENTATION_ITEM() RATIONAL_B_SPLINE_CURVE((1.,
0.750929797996,1.)) REPRESENTATION_ITEM('') );
#2909 = CARTESIAN_POINT('',(-57.86849537588,12.677612873258,
    33.947186816956));
#2910 = CARTESIAN_POINT('',(-60.506691986,12.695501777862,
    33.948137205166));
#2911 = CARTESIAN_POINT('',(-60.84383770213,12.835487280602,
    31.335257740872));
#2912 = ORIENTED_EDGE('',*,*,#2756,.T.);
#2913 = ORIENTED_EDGE('',*,*,#766,.F.);
#2914 = ORIENTED_EDGE('',*,*,#2451,.F.);
#2915 = ( BOUNDED_SURFACE() B_SPLINE_SURFACE(2,11,(
    (#2916,#2917,#2918,#2919,#2920,#2921,#2922,#2923,#2924,#2925,#2926
      ,#2927,#2928,#2929,#2930,#2931,#2932,#2933,#2934,#2935,#2936,#2937
      ,#2938,#2939,#2940,#2941,#2942,#2943,#2944,#2945,#2946,#2947,#2948
      ,#2949,#2950,#2951,#2952,#2953,#2954,#2955,#2956,#2957,#2958,#2959
      ,#2960,#2961,#2962,#2963,#2964,#2965,#2966,#2967)
    ,(#2968,#2969,#2970,#2971,#2972,#2973,#2974,#2975,#2976,#2977,#2978
      ,#2979,#2980,#2981,#2982,#2983,#2984,#2985,#2986,#2987,#2988,#2989
      ,#2990,#2991,#2992,#2993,#2994,#2995,#2996,#2997,#2998,#2999,#3000
      ,#3001,#3002,#3003,#3004,#3005,#3006,#3007,#3008,#3009,#3010,#3011
      ,#3012,#3013,#3014,#3015,#3016,#3017,#3018,#3019)
    ,(#3020,#3021,#3022,#3023,#3024,#3025,#3026,#3027,#3028,#3029,#3030
      ,#3031,#3032,#3033,#3034,#3035,#3036,#3037,#3038,#3039,#3040,#3041
      ,#3042,#3043,#3044,#3045,#3046,#3047,#3048,#3049,#3050,#3051,#3052
      ,#3053,#3054,#3055,#3056,#3057,#3058,#3059,#3060,#3061,#3062,#3063
      ,#3064,#3065,#3066,#3067,#3068,#3069,#3070,#3071
)),.UNSPECIFIED.,.F.,.F.,.F.) B_SPLINE_SURFACE_WITH_KNOTS((3,3),(12,10,
    10,10,10,12),(0.,22.405946271293),(20.946846872058,26.548333439881,
    32.149820007704,37.751306575528,43.352793143351,45.554819342469),
.UNSPECIFIED.) GEOMETRIC_REPRESENTATION_ITEM() RATIONAL_B_SPLINE_SURFACE
((
    (1.,1.,1.,1.,1.,1.,1.,1.,1.,1.,1.,1.,1.,1.,1.,1.,1.,1.,1.,1.,1.,1.
      ,1.,1.,1.,1.,1.,1.,1.,1.,1.,1.,1.,1.,1.,1.,1.,1.,1.,1.,1.,1.,1.,1.
      ,1.,1.,1.,1.,1.,1.,1.,1.)
    ,(0.750929798115,0.750891374356,0.750833274326,0.750747876772
      ,0.750625560151,0.750453730423,0.750217039761,0.749896402061
      ,0.749468508345,0.748908513112,0.748196401133,0.746448105535
      ,0.74541213876,0.744203122395,0.742826911167,0.741289590019
      ,0.739636240359,0.737916984939,0.736170557686,0.73444099119
      ,0.732750657268,0.729486094317,0.727911954926,0.726412427489
      ,0.725002065942,0.723671654914,0.722429968193,0.72127690273
      ,0.720189716187,0.719177474691,0.718228717881,0.716451073258
      ,0.715622011536,0.714847560037,0.714122912953,0.713443609034
      ,0.712805531584,0.712204908466,0.7116383121,0.711102659463
      ,0.710595212088,0.709924237911,0.709772767386,0.709659164492
      ,0.70958342923,0.709545561598,0.709545561598,0.70958342923
      ,0.709659164492,0.709772767386,0.709924237911,0.710113576067)
    ,(1.,1.,1.,1.,1.,1.,1.,1.,1.,1.,1.,1.,1.,1.,1.,1.,1.,1.,1.,1.,1.,1.
      ,1.,1.,1.,1.,1.,1.,1.,1.,1.,1.,1.,1.,1.,1.,1.,1.,1.,1.,1.,1.,1.,1.
,1.,1.,1.,1.,1.,1.,1.,1.))) REPRESENTATION_ITEM('') SURFACE() );
#2916 = CARTESIAN_POINT('',(-57.86849537821,12.677612873786,
    33.947186807238));
#2917 = CARTESIAN_POINT('',(-57.8716811735,12.161953377479,
    33.919791266329));
#2918 = CARTESIAN_POINT('',(-57.87593872771,11.645956075152,
    33.882704236042));
#2919 = CARTESIAN_POINT('',(-57.88142264874,11.129842289056,
    33.83419108322));
#2920 = CARTESIAN_POINT('',(-57.88828987333,10.61392116196,
    33.772358713142));
#2921 = CARTESIAN_POINT('',(-57.89668209329,10.098891022259,
    33.695223246844));
#2922 = CARTESIAN_POINT('',(-57.90673282226,9.585583817069,
    33.600671985165));
#2923 = CARTESIAN_POINT('',(-57.91856170306,9.074996376669,
    33.486438904851));
#2924 = CARTESIAN_POINT('',(-57.93225839478,8.568593680524,
    33.350197967544));
#2925 = CARTESIAN_POINT('',(-57.94787587118,8.068490091635,
    33.189810666882));
#2926 = CARTESIAN_POINT('',(-57.96544820287,7.57721471206,
    33.003643492121));
#2927 = CARTESIAN_POINT('',(-58.00459358092,6.617478464919,
    32.57775120702));
#2928 = CARTESIAN_POINT('',(-58.02616289266,6.14907111344,
    32.338070100976));
#2929 = CARTESIAN_POINT('',(-58.04979055211,5.694605276343,
    32.070438346545));
#2930 = CARTESIAN_POINT('',(-58.07543688284,5.257955762657,
    31.775635113062));
#2931 = CARTESIAN_POINT('',(-58.10331504239,4.84005251034,
    31.452515158019));
#2932 = CARTESIAN_POINT('',(-58.13338890739,4.445122090268,
    31.10459149392));
#2933 = CARTESIAN_POINT('',(-58.16577290945,4.074532811376,
    30.734521968906));
#2934 = CARTESIAN_POINT('',(-58.20065078145,3.726883202572,
    30.343576704921));
#2935 = CARTESIAN_POINT('',(-58.23781065129,3.403957982944,
    29.936431274553));
#2936 = CARTESIAN_POINT('',(-58.27725313931,3.103795469499,
    29.514591601381));
#2937 = CARTESIAN_POINT('',(-58.36039508602,2.54747153767,
    28.646430534281));
#2938 = CARTESIAN_POINT('',(-58.4040918752,2.291302414004,
    28.200135767143));
#2939 = CARTESIAN_POINT('',(-58.44982105117,2.055822109112,
    27.743447921981));
#2940 = CARTESIAN_POINT('',(-58.49729721577,1.840521575115,
    27.279529317407));
#2941 = CARTESIAN_POINT('',(-58.54650342783,1.64205729224,
    26.807831636268));
#2942 = CARTESIAN_POINT('',(-58.59739419523,1.461079815806,
    26.329279111703));
#2943 = CARTESIAN_POINT('',(-58.64891248681,1.296308127022,
    25.851997357116));
#2944 = CARTESIAN_POINT('',(-58.70218146933,1.144339327247,
    25.365729154679));
#2945 = CARTESIAN_POINT('',(-58.75622479039,1.006065669717,
    24.878623228482));
#2946 = CARTESIAN_POINT('',(-58.81125630243,0.879645795906,
    24.388228679926));
#2947 = CARTESIAN_POINT('',(-58.92293394533,0.64920335861,
    23.403152415474));
#2948 = CARTESIAN_POINT('',(-58.97958948021,0.545126108504,
    22.908384017929));
#2949 = CARTESIAN_POINT('',(-59.03695718831,0.451359176149,
    22.411833743638));
#2950 = CARTESIAN_POINT('',(-59.09494747338,0.367131954447,
    21.913859200741));
#2951 = CARTESIAN_POINT('',(-59.15348568334,0.291736879966,
    21.414727216964));
#2952 = CARTESIAN_POINT('',(-59.21251211001,0.224529432984,
    20.914613839599));
#2953 = CARTESIAN_POINT('',(-59.2719819894,0.164928137428,
    20.413604335516));
#2954 = CARTESIAN_POINT('',(-59.33186550146,0.112414560941,
    19.911693191166));
#2955 = CARTESIAN_POINT('',(-59.39214777024,6.653331482346E-02,
    19.408784112562));
#2956 = CARTESIAN_POINT('',(-59.45282886382,2.689205407482E-02,
    18.904690025306));
#2957 = CARTESIAN_POINT('',(-59.53794110401,-2.009850508629E-02,
    18.200391251802));
#2958 = CARTESIAN_POINT('',(-59.5619584137,-3.335848754218E-02,
    18.001649429039));
#2959 = CARTESIAN_POINT('',(-59.58597572338,-4.661846999807E-02,
    17.802907606275));
#2960 = CARTESIAN_POINT('',(-59.60999303307,-5.987845245396E-02,
    17.604165783511));
#2961 = CARTESIAN_POINT('',(-59.63401034275,-7.313843490985E-02,
    17.405423960747));
#2962 = CARTESIAN_POINT('',(-59.65802765244,-8.639841736574E-02,
    17.206682137984));
#2963 = CARTESIAN_POINT('',(-59.68204496213,-9.965839982163E-02,
    17.00794031522));
#2964 = CARTESIAN_POINT('',(-59.70606227181,-0.112918382278,
    16.809198492456));
#2965 = CARTESIAN_POINT('',(-59.7300795815,-0.126178364733,
    16.610456669693));
#2966 = CARTESIAN_POINT('',(-59.75409689119,-0.139438347189,
    16.411714846929));
#2967 = CARTESIAN_POINT('',(-59.77811420087,-0.152698329645,
    16.212973024165));
#2968 = CARTESIAN_POINT('',(-60.50669198738,12.695501778433,
    33.948137194505));
#2969 = CARTESIAN_POINT('',(-60.51014905302,12.185456173351,
    33.921344934089));
#2970 = CARTESIAN_POINT('',(-60.51481765337,11.675883086343,
    33.885163279107));
#2971 = CARTESIAN_POINT('',(-60.52090535035,11.167188108341,
    33.837983624563));
#2972 = CARTESIAN_POINT('',(-60.52863947822,10.659501264147,
    33.778044129824));
#2973 = CARTESIAN_POINT('',(-60.53825113686,10.153610153375,
    33.703553770645));
#2974 = CARTESIAN_POINT('',(-60.5499839869,9.650380468074,
    33.612624177133));
#2975 = CARTESIAN_POINT('',(-60.5640961583,9.150690104398,
    33.503254841874));
#2976 = CARTESIAN_POINT('',(-60.58084544051,8.655881784898,
    33.373447896617));
#2977 = CARTESIAN_POINT('',(-60.60046270826,8.167934497719,
    33.22141406201));
#2978 = CARTESIAN_POINT('',(-60.62312655008,7.688944761126,
    33.045769276825));
#2979 = CARTESIAN_POINT('',(-60.67484230635,6.752118809916,
    32.644972140524));
#2980 = CARTESIAN_POINT('',(-60.70392684431,6.293968895158,
    32.41956695718));
#2981 = CARTESIAN_POINT('',(-60.73635935526,5.848707570289,
    32.168214981477));
#2982 = CARTESIAN_POINT('',(-60.77207406092,5.419687034114,
    31.891425995165));
#2983 = CARTESIAN_POINT('',(-60.81124217067,5.007493355224,
    31.587873125564));
#2984 = CARTESIAN_POINT('',(-60.85350366673,4.61605621713,
    31.260346510464));
#2985 = CARTESIAN_POINT('',(-60.89861022851,4.246734657701,
    30.910770634654));
#2986 = CARTESIAN_POINT('',(-60.94646168416,3.898371405243,
    30.539921830115));
#2987 = CARTESIAN_POINT('',(-60.99651692083,3.573055526389,
    30.151993721455));
#2988 = CARTESIAN_POINT('',(-61.04861842457,3.269102219325,
    29.748207042067));
#2989 = CARTESIAN_POINT('',(-61.15655311792,2.701792440946,
    28.911713116018));
#2990 = CARTESIAN_POINT('',(-61.21238302393,2.438697581697,
    28.479031317213));
#2991 = CARTESIAN_POINT('',(-61.26972519831,2.195797640801,
    28.034629437794));
#2992 = CARTESIAN_POINT('',(-61.32816594398,1.972894180771,
    27.581713630383));
#2993 = CARTESIAN_POINT('',(-61.38776185672,1.766720595962,
    27.119845277633));
#2994 = CARTESIAN_POINT('',(-61.44838059507,1.578162337395,
    26.650050025885));
#2995 = CARTESIAN_POINT('',(-61.50895337022,1.406036777725,
    26.180610988908));
#2996 = CARTESIAN_POINT('',(-61.57080227339,1.246832570763,
    25.701281959193));
#2997 = CARTESIAN_POINT('',(-61.63284568917,1.101626650639,
    25.22044545664));
#2998 = CARTESIAN_POINT('',(-61.69539920051,0.968517927485,
    24.735655713277));
#2999 = CARTESIAN_POINT('',(-61.82136343972,0.724933186288,
    23.759432797934));
#3000 = CARTESIAN_POINT('',(-61.88476645543,0.614494138976,
    23.268059395286));
#3001 = CARTESIAN_POINT('',(-61.94844747958,0.514712008597,
    22.774531427093));
#3002 = CARTESIAN_POINT('',(-62.01235410213,0.424797736788,
    22.27925507119));
#3003 = CARTESIAN_POINT('',(-62.07644632206,0.344022350055,
    21.78254033551));
#3004 = CARTESIAN_POINT('',(-62.14069649604,0.271718567531,
    21.284601455848));
#3005 = CARTESIAN_POINT('',(-62.20508926948,0.207282208385,
    20.785557430274));
#3006 = CARTESIAN_POINT('',(-62.26962149291,0.150173420037,
    20.285432667207));
#3007 = CARTESIAN_POINT('',(-62.33430212619,9.991774622651E-02,
    19.784157727765));
#3008 = CARTESIAN_POINT('',(-62.39915213272,5.61070533621E-02,
    19.281570145554));
#3009 = CARTESIAN_POINT('',(-62.48980151827,3.563258087586E-03,
    18.579037363354));
#3010 = CARTESIAN_POINT('',(-62.51541235009,-1.128174384871E-02,
    18.380553404257));
#3011 = CARTESIAN_POINT('',(-62.54103276979,-2.613230328239E-02,
    18.181995139068));
#3012 = CARTESIAN_POINT('',(-62.5666586802,-4.09860453377E-02,
    17.983394320881));
#3013 = CARTESIAN_POINT('',(-62.59228598021,-5.584059285234E-02,
    17.784782733361));
#3014 = CARTESIAN_POINT('',(-62.61791056693,-7.069356764486E-02,
    17.586192173802));
#3015 = CARTESIAN_POINT('',(-62.64352833791,-8.55425917836E-02,
    17.387654436156));
#3016 = CARTESIAN_POINT('',(-62.66913519335,-0.100385288855,
    17.189201294072));
#3017 = CARTESIAN_POINT('',(-62.69472703821,-0.115219285234,
    16.990864483947));
#3018 = CARTESIAN_POINT('',(-62.72029978446,-0.130042211341,
    16.792675688018));
#3019 = CARTESIAN_POINT('',(-62.74584935324,-0.144851702914,
    16.594666517514));
#3020 = CARTESIAN_POINT('',(-60.84383770338,12.835487281122,
    31.335257731154));
#3021 = CARTESIAN_POINT('',(-60.84703329989,12.369728639286,
    31.310491856665));
#3022 = CARTESIAN_POINT('',(-60.85131102371,11.911125198545,
    31.277339494919));
#3023 = CARTESIAN_POINT('',(-60.85681718505,11.461704772941,
    31.234666741851));
#3024 = CARTESIAN_POINT('',(-60.86372791168,11.020441259181,
    31.181108607077));
#3025 = CARTESIAN_POINT('',(-60.87218566726,10.589146582461,
    31.115560997354));
#3026 = CARTESIAN_POINT('',(-60.8823331234,10.169410678564,
    31.036918207154));
#3027 = CARTESIAN_POINT('',(-60.89431378947,9.761802432162,
    30.94406803943));
#3028 = CARTESIAN_POINT('',(-60.90824000328,9.367558068908,
    30.836139875489));
#3029 = CARTESIAN_POINT('',(-60.92418061947,8.988770675467,
    30.712600092322));
#3030 = CARTESIAN_POINT('',(-60.94219299336,8.625655296821,
    30.573004185835));
#3031 = CARTESIAN_POINT('',(-60.98244031549,7.931941572735,
    30.261087419762));
#3032 = CARTESIAN_POINT('',(-61.00467583985,7.601297672582,
    30.088762095023));
#3033 = CARTESIAN_POINT('',(-61.02905450655,7.287473709399,
    29.899827416537));
#3034 = CARTESIAN_POINT('',(-61.05555926597,6.9905623283,29.694415517499
    ));
#3035 = CARTESIAN_POINT('',(-61.08430826266,6.70920713244,
    29.471610780059));
#3036 = CARTESIAN_POINT('',(-61.11517913719,6.44341297127,
    29.232361486255));
#3037 = CARTESIAN_POINT('',(-61.14825707667,6.191644948499,
    28.97600744023));
#3038 = CARTESIAN_POINT('',(-61.1836689627,5.952162700873,
    28.701565305466));
#3039 = CARTESIAN_POINT('',(-61.22112948226,5.726147097691,
    28.411246260991));
#3040 = CARTESIAN_POINT('',(-61.26076496001,5.511715190685,
    28.104071288987));
#3041 = CARTESIAN_POINT('',(-61.34401362161,5.106497469995,
    27.458894121078));
#3042 = CARTESIAN_POINT('',(-61.38763109848,4.915663022804,
    27.120858653941));
#3043 = CARTESIAN_POINT('',(-61.43317878567,4.736004015404,
    26.767864056256));
#3044 = CARTESIAN_POINT('',(-61.48041689666,4.568137233212,
    26.401768672556));
#3045 = CARTESIAN_POINT('',(-61.52920274636,4.410207174432,
    26.023678314455));
#3046 = CARTESIAN_POINT('',(-61.58007295376,4.262809931001,
    25.62943418129));
#3047 = CARTESIAN_POINT('',(-61.63087031515,4.127878959334,
    25.235754606651));
#3048 = CARTESIAN_POINT('',(-61.68407470297,4.000128321759,
    24.823420574511));
#3049 = CARTESIAN_POINT('',(-61.73770600664,3.883217844718,
    24.407777945193));
#3050 = CARTESIAN_POINT('',(-61.79242334922,3.774887482604,
    23.983718513469));
#3051 = CARTESIAN_POINT('',(-61.90355441845,3.575349585139,
    23.122452672761));
#3052 = CARTESIAN_POINT('',(-61.95998529862,3.484092459864,
    22.685113323885));
#3053 = CARTESIAN_POINT('',(-62.01721405376,3.400897293553,
    22.241590443744));
#3054 = CARTESIAN_POINT('',(-62.07518612514,3.325339151928,
    21.792306862091));
#3055 = CARTESIAN_POINT('',(-62.13385986611,3.25701803093,
    21.337585341208));
#3056 = CARTESIAN_POINT('',(-62.19320654175,3.195558856728,
    20.877648575872));
#3057 = CARTESIAN_POINT('',(-62.25321032928,3.140611485695,
    20.41261919338));
#3058 = CARTESIAN_POINT('',(-62.3138683177,3.09185070444,19.94251975354)
  );
#3059 = CARTESIAN_POINT('',(-62.37519050802,3.048976229776,
    19.467272748663));
#3060 = CARTESIAN_POINT('',(-62.43719981316,3.011712708747,
    18.986700603583));
#3061 = CARTESIAN_POINT('',(-62.52459301985,2.967268187132,
    18.309403209172));
#3062 = CARTESIAN_POINT('',(-62.54944583589,2.954629086657,
    18.116793872674));
#3063 = CARTESIAN_POINT('',(-62.57449050613,2.941892417185,
    17.92269766614));
#3064 = CARTESIAN_POINT('',(-62.59972703055,2.929058178716,
    17.727114589569));
#3065 = CARTESIAN_POINT('',(-62.62515540916,2.91612637125,
    17.530044642963));
#3066 = CARTESIAN_POINT('',(-62.65077564195,2.903096994787,
    17.33148782632));
#3067 = CARTESIAN_POINT('',(-62.67658772893,2.889970049327,
    17.131444139641));
#3068 = CARTESIAN_POINT('',(-62.7025916701,2.87674553487,16.929913582926
    ));
#3069 = CARTESIAN_POINT('',(-62.72878746545,2.863423451416,
    16.726896156175));
#3070 = CARTESIAN_POINT('',(-62.75517511499,2.850003798965,
    16.522391859388));
#3071 = CARTESIAN_POINT('',(-62.78175461872,2.836486577517,
    16.316400692564));
#3072 = ADVANCED_FACE('',(#3073),#3084,.T.);
#3073 = FACE_BOUND('',#3074,.T.);
#3074 = EDGE_LOOP('',(#3075,#3076,#3077,#3083));
#3075 = ORIENTED_EDGE('',*,*,#921,.T.);
#3076 = ORIENTED_EDGE('',*,*,#2842,.T.);
#3077 = ORIENTED_EDGE('',*,*,#3078,.F.);
#3078 = EDGE_CURVE('',#2621,#2830,#3079,.T.);
#3079 = ( BOUNDED_CURVE() B_SPLINE_CURVE(2,(#3080,#3081,#3082),
.UNSPECIFIED.,.F.,.F.) B_SPLINE_CURVE_WITH_KNOTS((3,3),(0.,
22.407987080028),.PIECEWISE_BEZIER_KNOTS.) CURVE() 
GEOMETRIC_REPRESENTATION_ITEM() RATIONAL_B_SPLINE_CURVE((1.,
0.750929801524,1.)) REPRESENTATION_ITEM('') );
#3080 = CARTESIAN_POINT('',(-57.86849540892,17.32238708705,
    33.947186809319));
#3081 = CARTESIAN_POINT('',(-60.50669235449,17.304551773187,
    33.948134349434));
#3082 = CARTESIAN_POINT('',(-60.8438409143,17.164985644022,
    31.335232846494));
#3083 = ORIENTED_EDGE('',*,*,#2687,.F.);
#3084 = ( BOUNDED_SURFACE() B_SPLINE_SURFACE(2,11,(
    (#3085,#3086,#3087,#3088,#3089,#3090,#3091,#3092,#3093,#3094,#3095
      ,#3096,#3097,#3098,#3099,#3100,#3101,#3102,#3103,#3104,#3105,#3106
      ,#3107,#3108,#3109,#3110,#3111,#3112,#3113,#3114,#3115,#3116,#3117
      ,#3118,#3119,#3120,#3121,#3122,#3123,#3124,#3125,#3126,#3127,#3128
      ,#3129,#3130,#3131,#3132,#3133,#3134,#3135,#3136)
    ,(#3137,#3138,#3139,#3140,#3141,#3142,#3143,#3144,#3145,#3146,#3147
      ,#3148,#3149,#3150,#3151,#3152,#3153,#3154,#3155,#3156,#3157,#3158
      ,#3159,#3160,#3161,#3162,#3163,#3164,#3165,#3166,#3167,#3168,#3169
      ,#3170,#3171,#3172,#3173,#3174,#3175,#3176,#3177,#3178,#3179,#3180
      ,#3181,#3182,#3183,#3184,#3185,#3186,#3187,#3188)
    ,(#3189,#3190,#3191,#3192,#3193,#3194,#3195,#3196,#3197,#3198,#3199
      ,#3200,#3201,#3202,#3203,#3204,#3205,#3206,#3207,#3208,#3209,#3210
      ,#3211,#3212,#3213,#3214,#3215,#3216,#3217,#3218,#3219,#3220,#3221
      ,#3222,#3223,#3224,#3225,#3226,#3227,#3228,#3229,#3230,#3231,#3232
      ,#3233,#3234,#3235,#3236,#3237,#3238,#3239,#3240
)),.UNSPECIFIED.,.F.,.F.,.F.) B_SPLINE_SURFACE_WITH_KNOTS((3,3),(12,10,
    10,10,10,12),(0.,22.407987080028),(-8.261136076178,-6.058182356489,
    -0.456185586482,5.145811183525,10.747807953532,16.349804723538),
.UNSPECIFIED.) GEOMETRIC_REPRESENTATION_ITEM() RATIONAL_B_SPLINE_SURFACE
((
    (1.,1.,1.,1.,1.,1.,1.,1.,1.,1.,1.,1.,1.,1.,1.,1.,1.,1.,1.,1.,1.,1.
      ,1.,1.,1.,1.,1.,1.,1.,1.,1.,1.,1.,1.,1.,1.,1.,1.,1.,1.,1.,1.,1.,1.
      ,1.,1.,1.,1.,1.,1.,1.,1.)
    ,(0.710113537542,0.709924201209,0.709772732143,0.709659130343
      ,0.70958339581,0.709545528543,0.709545528543,0.70958339581
      ,0.709659130343,0.709772732143,0.709924201209,0.710595009992
      ,0.71110227512,0.711637794033,0.71220432306,0.71280492864
      ,0.713443002252,0.714122275284,0.714846833976,0.715621134287
      ,0.716450016828,0.718227426663,0.719175928418,0.720189123813
      ,0.721272132263,0.722433779273,0.723665715574,0.72500306087
      ,0.726409897872,0.727909959909,0.729483650511,0.73274803512
      ,0.734438263562,0.736169858621,0.737913237287,0.739634917966
      ,0.741288965721,0.742824312804,0.744203131067,0.745410824101
      ,0.746447257273,0.748195850151,0.748908236017,0.749468070191
      ,0.74989625905,0.750217138466,0.750453708713,0.750625442421
      ,0.750747885789,0.750833273192,0.750891375397,0.750929801524)
    ,(1.,1.,1.,1.,1.,1.,1.,1.,1.,1.,1.,1.,1.,1.,1.,1.,1.,1.,1.,1.,1.,1.
      ,1.,1.,1.,1.,1.,1.,1.,1.,1.,1.,1.,1.,1.,1.,1.,1.,1.,1.,1.,1.,1.,1.
,1.,1.,1.,1.,1.,1.,1.,1.))) REPRESENTATION_ITEM('') SURFACE() );
#3085 = CARTESIAN_POINT('',(-59.77811912917,30.152699129132,
    16.212933607527));
#3086 = CARTESIAN_POINT('',(-59.75410180257,30.139439312472,
    16.411675439308));
#3087 = CARTESIAN_POINT('',(-59.73008447597,30.126179495811,
    16.610417271089));
#3088 = CARTESIAN_POINT('',(-59.70606714936,30.11291967915,
    16.80915910287));
#3089 = CARTESIAN_POINT('',(-59.68204982276,30.099659862489,
    17.007900934651));
#3090 = CARTESIAN_POINT('',(-59.65803249616,30.086400045828,
    17.206642766432));
#3091 = CARTESIAN_POINT('',(-59.63401516956,30.073140229167,
    17.405384598214));
#3092 = CARTESIAN_POINT('',(-59.60999784295,30.059880412506,
    17.604126429995));
#3093 = CARTESIAN_POINT('',(-59.58598051635,30.046620595844,
    17.802868261776));
#3094 = CARTESIAN_POINT('',(-59.56196318975,30.033360779183,
    18.001610093557));
#3095 = CARTESIAN_POINT('',(-59.53794586314,30.020100962521,
    18.200351925338));
#3096 = CARTESIAN_POINT('',(-59.45285372373,29.973122121513,
    18.904483902064));
#3097 = CARTESIAN_POINT('',(-59.3921861232,29.933518076946,
    19.408459371057));
#3098 = CARTESIAN_POINT('',(-59.33191211551,29.887664644349,
    19.911294230852));
#3099 = CARTESIAN_POINT('',(-59.27203322525,29.835156694216,
    20.41316535243));
#3100 = CARTESIAN_POINT('',(-59.21256593817,29.775541934627,
    20.914155266071));
#3101 = CARTESIAN_POINT('',(-59.15354152052,29.708314511669,
    21.414255016849));
#3102 = CARTESIAN_POINT('',(-59.09500583499,29.63290860809,
    21.913367019483));
#3103 = CARTESIAN_POINT('',(-59.03701916091,29.548692044167,
    22.411307913997));
#3104 = CARTESIAN_POINT('',(-58.97965601007,29.454959876309,
    22.907811420539));
#3105 = CARTESIAN_POINT('',(-58.92300494622,29.350927997564,
    23.402531194921));
#3106 = CARTESIAN_POINT('',(-58.81133185793,29.120525476055,
    24.387556172389));
#3107 = CARTESIAN_POINT('',(-58.75630643734,28.994146431763,
    24.877886136143));
#3108 = CARTESIAN_POINT('',(-58.70222388604,28.855737692134,
    25.365360767259));
#3109 = CARTESIAN_POINT('',(-58.6491122973,28.704367594562,
    25.850125740222));
#3110 = CARTESIAN_POINT('',(-58.59723405009,28.53839843499,
    26.330778255179));
#3111 = CARTESIAN_POINT('',(-58.54674984254,28.358773978828,
    26.805519631864));
#3112 = CARTESIAN_POINT('',(-58.4972447473,28.15935679585,
    27.280002910643));
#3113 = CARTESIAN_POINT('',(-58.44991558663,27.944556958182,
    27.742543450885));
#3114 = CARTESIAN_POINT('',(-58.4041505945,27.709011568154,
    28.199544538777));
#3115 = CARTESIAN_POINT('',(-58.36046231766,27.452927348949,
    28.645742335246));
#3116 = CARTESIAN_POINT('',(-58.27731498122,26.896669149486,
    29.513932170706));
#3117 = CARTESIAN_POINT('',(-58.23786862365,26.596569158015,
    29.935793639608));
#3118 = CARTESIAN_POINT('',(-58.20066559478,26.273227068491,
    30.34341480934));
#3119 = CARTESIAN_POINT('',(-58.1658419654,25.9262621751,30.73372585759)
  );
#3120 = CARTESIAN_POINT('',(-58.13341617379,25.555187800348,
    31.104289157268));
#3121 = CARTESIAN_POINT('',(-58.10332607022,25.160174951458,
    31.4523865533));
#3122 = CARTESIAN_POINT('',(-58.07548230331,24.742723843843,
    31.775101006801));
#3123 = CARTESIAN_POINT('',(-58.04979468206,24.305485103515,
    32.070407618929));
#3124 = CARTESIAN_POINT('',(-58.02618627502,23.851382117137,
    32.337796801281));
#3125 = CARTESIAN_POINT('',(-58.0046112214,23.382911229934,
    32.577555106911));
#3126 = CARTESIAN_POINT('',(-57.96546187567,22.423163383434,
    33.003498859275));
#3127 = CARTESIAN_POINT('',(-57.94788617935,21.931832735766,
    33.189711733372));
#3128 = CARTESIAN_POINT('',(-57.93226668439,21.431729679705,
    33.350102335113));
#3129 = CARTESIAN_POINT('',(-57.91856834019,20.925297985246,
    33.486377205217));
#3130 = CARTESIAN_POINT('',(-57.90673555098,20.414575521144,
    33.600658282385));
#3131 = CARTESIAN_POINT('',(-57.89668159855,19.901136447023,
    33.695225785004));
#3132 = CARTESIAN_POINT('',(-57.88829039947,19.386114461981,
    33.772345977844));
#3133 = CARTESIAN_POINT('',(-57.88142524091,18.870280619309,
    33.834171415508));
#3134 = CARTESIAN_POINT('',(-57.87593913671,18.354149216602,
    33.882701252815));
#3135 = CARTESIAN_POINT('',(-57.8716814478,17.838085270725,
    33.919789213727));
#3136 = CARTESIAN_POINT('',(-57.86849540892,17.32238708705,
    33.947186809319));
#3137 = CARTESIAN_POINT('',(-62.74585439246,30.144852712884,
    16.594627463517));
#3138 = CARTESIAN_POINT('',(-62.72030486571,30.130043419256,
    16.792636308339));
#3139 = CARTESIAN_POINT('',(-62.69473215288,30.115220686266,
    16.990824845232));
#3140 = CARTESIAN_POINT('',(-62.66914033279,30.100386878122,
    17.189161463355));
#3141 = CARTESIAN_POINT('',(-62.64353349344,30.085544364345,
    17.387614480838));
#3142 = CARTESIAN_POINT('',(-62.61791572979,30.070695518509,
    17.586152161629));
#3143 = CARTESIAN_POINT('',(-62.59229114162,30.055842716974,
    17.784742732404));
#3144 = CARTESIAN_POINT('',(-62.56666383135,30.040988337622,
    17.983354399512));
#3145 = CARTESIAN_POINT('',(-62.54103790181,30.026134758584,
    18.181955365942));
#3146 = CARTESIAN_POINT('',(-62.51541745409,30.011284356978,
    18.380513848288));
#3147 = CARTESIAN_POINT('',(-62.48980658532,29.996439507631,
    18.57899809369));
#3148 = CARTESIAN_POINT('',(-62.39917848874,29.94390866798,
    19.281365886392));
#3149 = CARTESIAN_POINT('',(-62.33434339082,29.900139671983,
    19.783837926876));
#3150 = CARTESIAN_POINT('',(-62.26967191683,29.849914681056,
    20.285041881818));
#3151 = CARTESIAN_POINT('',(-62.20514453677,29.792811117661,
    20.785129108708));
#3152 = CARTESIAN_POINT('',(-62.14075411311,29.728358169574,
    21.284154923535));
#3153 = CARTESIAN_POINT('',(-62.07650564849,29.656030370399,
    21.78208055559));
#3154 = CARTESIAN_POINT('',(-62.01241603331,29.575241354328,
    22.27877510453));
#3155 = CARTESIAN_POINT('',(-61.94851379091,29.485337811991,
    22.774017514228));
#3156 = CARTESIAN_POINT('',(-61.88483881863,29.385593678714,
    23.267498580466));
#3157 = CARTESIAN_POINT('',(-61.82144212178,29.275204590204,
    23.758823011929));
#3158 = CARTESIAN_POINT('',(-61.69548500151,29.031662423509,
    24.734990755461));
#3159 = CARTESIAN_POINT('',(-61.6329399316,28.898596351803,
    25.219715077741));
#3160 = CARTESIAN_POINT('',(-61.57084972289,28.753252198339,
    25.700914225535));
#3161 = CARTESIAN_POINT('',(-61.50918767061,28.594655700582,
    26.178795160775));
#3162 = CARTESIAN_POINT('',(-61.44819842519,28.421320400912,
    26.651461842476));
#3163 = CARTESIAN_POINT('',(-61.38804506432,28.234115887101,
    27.117650418553));
#3164 = CARTESIAN_POINT('',(-61.32811078366,28.026991234695,
    27.582141122885));
#3165 = CARTESIAN_POINT('',(-61.26983844917,27.804594775161,
    28.033751743568));
#3166 = CARTESIAN_POINT('',(-61.21245703714,27.561625035021,
    28.478457714823));
#3167 = CARTESIAN_POINT('',(-61.15663892649,27.298615818373,
    28.911048099594));
#3168 = CARTESIAN_POINT('',(-61.0487002033,26.731370098106,
    29.74757325693));
#3169 = CARTESIAN_POINT('',(-60.9965967694,26.427485119058,
    30.151374895059));
#3170 = CARTESIAN_POINT('',(-60.9464791538,26.101722687285,
    30.539786440351));
#3171 = CARTESIAN_POINT('',(-60.89870756297,25.754061995888,
    30.91001629257));
#3172 = CARTESIAN_POINT('',(-60.85354217672,25.384264148133,
    31.260048058063));
#3173 = CARTESIAN_POINT('',(-60.81125718598,24.992720971143,
    31.587756756898));
#3174 = CARTESIAN_POINT('',(-60.77213820705,24.580981028615,
    31.890928862622));
#3175 = CARTESIAN_POINT('',(-60.73636560361,24.151410714699,
    32.168166556753));
#3176 = CARTESIAN_POINT('',(-60.70395814723,23.706451944858,
    32.419324359493));
#3177 = CARTESIAN_POINT('',(-60.67486590699,23.248258887096,
    32.644789235541));
#3178 = CARTESIAN_POINT('',(-60.6231443252,22.311426914011,
    33.045631519664));
#3179 = CARTESIAN_POINT('',(-60.60047482906,21.832384249979,
    33.221320125733));
#3180 = CARTESIAN_POINT('',(-60.58085665571,21.344413879188,
    33.373360978804));
#3181 = CARTESIAN_POINT('',(-60.56410407577,20.849612335805,
    33.50319348147));
#3182 = CARTESIAN_POINT('',(-60.54998618083,20.349789451785,
    33.612607174204));
#3183 = CARTESIAN_POINT('',(-60.5382505548,19.846399333286,
    33.703558281633));
#3184 = CARTESIAN_POINT('',(-60.52864075993,19.340531623101,
    33.778034196534));
#3185 = CARTESIAN_POINT('',(-60.52090810588,18.832953257945,
    33.837962269169));
#3186 = CARTESIAN_POINT('',(-60.51481783104,18.324187257042,
    33.885161902195));
#3187 = CARTESIAN_POINT('',(-60.51014962807,17.814610953725,
    33.921340477471));
#3188 = CARTESIAN_POINT('',(-60.50669235449,17.304551773187,
    33.948134349434));
#3189 = CARTESIAN_POINT('',(-62.78175452617,27.163524320965,
    16.316401409764));
#3190 = CARTESIAN_POINT('',(-62.75517996076,27.150008474059,
    16.522354304681));
#3191 = CARTESIAN_POINT('',(-62.72879626369,27.136589702958,
    16.726827969853));
#3192 = CARTESIAN_POINT('',(-62.70260343496,27.123268007659,
    16.929822405281));
#3193 = CARTESIAN_POINT('',(-62.67660147457,27.110043388164,
    17.131337610963));
#3194 = CARTESIAN_POINT('',(-62.65079038253,27.096915844473,
    17.331373586901));
#3195 = CARTESIAN_POINT('',(-62.62517015882,27.083885376585,
    17.529930333094));
#3196 = CARTESIAN_POINT('',(-62.59974080346,27.070951984501,
    17.727007849542));
#3197 = CARTESIAN_POINT('',(-62.57450231644,27.05811566822,
    17.922606136245));
#3198 = CARTESIAN_POINT('',(-62.54945469776,27.045376427742,
    18.116725193204));
#3199 = CARTESIAN_POINT('',(-62.52459794743,27.032734263068,
    18.309365020417));
#3200 = CARTESIAN_POINT('',(-62.43720800999,26.988287665462,
    18.98663707815));
#3201 = CARTESIAN_POINT('',(-62.37519558886,26.951026777929,
    19.467233372204));
#3202 = CARTESIAN_POINT('',(-62.31386434413,26.908148100424,
    19.942550548471));
#3203 = CARTESIAN_POINT('',(-62.25319622247,26.859375650127,
    20.412728521606));
#3204 = CARTESIAN_POINT('',(-62.19318529404,26.804413515066,
    20.877813245111));
#3205 = CARTESIAN_POINT('',(-62.13383747352,26.742943497611,
    21.337758884391));
#3206 = CARTESIAN_POINT('',(-62.07517023773,26.674622756427,
    21.792429989129));
#3207 = CARTESIAN_POINT('',(-62.01721234763,26.599081450354,
    22.241603666514));
#3208 = CARTESIAN_POINT('',(-61.96000356574,26.515920380312,
    22.684971753591));
#3209 = CARTESIAN_POINT('',(-61.90359437747,26.424708632872,
    23.122142990355));
#3210 = CARTESIAN_POINT('',(-61.792497042,26.225253812476,
    23.983147394304));
#3211 = CARTESIAN_POINT('',(-61.73779807092,26.116973766066,
    24.40706444716));
#3212 = CARTESIAN_POINT('',(-61.68411617429,25.99999968973,
    24.823099171393));
#3213 = CARTESIAN_POINT('',(-61.63101325768,25.87239237971,
    25.234646802451));
#3214 = CARTESIAN_POINT('',(-61.58005548035,25.737330151911,
    25.629569599573));
#3215 = CARTESIAN_POINT('',(-61.52926764336,25.589833065997,
    26.023175363254));
#3216 = CARTESIAN_POINT('',(-61.48046230578,25.432056050238,
    26.401416751383));
#3217 = CARTESIAN_POINT('',(-61.43325713131,25.264278749107,
    26.767256877816));
#3218 = CARTESIAN_POINT('',(-61.38768950795,25.084567815265,
    27.120405980436));
#3219 = CARTESIAN_POINT('',(-61.3440792726,24.893791005821,
    27.458385325821));
#3220 = CARTESIAN_POINT('',(-61.26082923356,24.488628971492,
    28.10357316899));
#3221 = CARTESIAN_POINT('',(-61.2212048695,24.274334437101,
    28.410662009744));
#3222 = CARTESIAN_POINT('',(-61.18365070384,24.047690943553,
    28.701706811983));
#3223 = CARTESIAN_POINT('',(-61.14833264097,23.808923770283,
    28.975421816212));
#3224 = CARTESIAN_POINT('',(-61.11522713054,23.556955551834,
    29.231989538595));
#3225 = CARTESIAN_POINT('',(-61.08431006963,23.290838165779,
    29.471596775273));
#3226 = CARTESIAN_POINT('',(-61.0556027008,23.009875619799,
    29.694078898074));
#3227 = CARTESIAN_POINT('',(-61.02908165284,22.712896902912,
    29.899617032447));
#3228 = CARTESIAN_POINT('',(-61.00468361489,22.398785584201,
    30.088701838567));
#3229 = CARTESIAN_POINT('',(-60.98245693164,22.068305351355,
    30.260958644594));
#3230 = CARTESIAN_POINT('',(-60.94220842624,21.374650026093,
    30.572884580984));
#3231 = CARTESIAN_POINT('',(-60.92419011816,21.011501610135,
    30.712526477504));
#3232 = CARTESIAN_POINT('',(-60.90824583791,20.632513847815,
    30.836094657072));
#3233 = CARTESIAN_POINT('',(-60.89432228537,20.238559514478,
    30.944002196251));
#3234 = CARTESIAN_POINT('',(-60.88233801011,19.830837711551,
    31.036880335092));
#3235 = CARTESIAN_POINT('',(-60.87218370101,19.410721467382,
    31.11557623578));
#3236 = CARTESIAN_POINT('',(-60.86372721958,18.979572763852,
    31.181113970829));
#3237 = CARTESIAN_POINT('',(-60.85682106722,18.538579772584,
    31.234636655121));
#3238 = CARTESIAN_POINT('',(-60.85130997349,18.088671083304,
    31.277347634157));
#3239 = CARTESIAN_POINT('',(-60.84703629524,17.630561708046,
    31.310468642693));
#3240 = CARTESIAN_POINT('',(-60.8438409143,17.164985644022,
    31.335232846494));
#3241 = ADVANCED_FACE('',(#3242),#3258,.T.);
#3242 = FACE_BOUND('',#3243,.T.);
#3243 = EDGE_LOOP('',(#3244,#3245,#3246,#3257));
#3244 = ORIENTED_EDGE('',*,*,#2138,.T.);
#3245 = ORIENTED_EDGE('',*,*,#978,.T.);
#3246 = ORIENTED_EDGE('',*,*,#3247,.T.);
#3247 = EDGE_CURVE('',#971,#2103,#3248,.T.);
#3248 = B_SPLINE_CURVE_WITH_KNOTS('',7,(#3249,#3250,#3251,#3252,#3253,
    #3254,#3255,#3256),.UNSPECIFIED.,.F.,.F.,(8,8),(0.,51.710159928115),
  .PIECEWISE_BEZIER_KNOTS.);
#3249 = CARTESIAN_POINT('',(-42.86416167673,30.,18.5));
#3250 = CARTESIAN_POINT('',(-42.53290418047,29.98490536787,
    18.719146459258));
#3251 = CARTESIAN_POINT('',(-42.16936050857,29.876114713402,
    18.949268805645));
#3252 = CARTESIAN_POINT('',(-41.79871696098,29.649489764191,
    19.172777999465));
#3253 = CARTESIAN_POINT('',(-41.47869110863,29.269729401228,
    19.351224450321));
#3254 = CARTESIAN_POINT('',(-41.28934171747,28.82977478285,
    19.444448228036));
#3255 = CARTESIAN_POINT('',(-41.20085266509,28.396885921295,
    19.476862567162));
#3256 = CARTESIAN_POINT('',(-41.19283775427,28.000614263205,
    19.463633824906));
#3257 = ORIENTED_EDGE('',*,*,#2110,.T.);
#3258 = B_SPLINE_SURFACE_WITH_KNOTS('',8,8,(
    (#3259,#3260,#3261,#3262,#3263,#3264,#3265,#3266,#3267)
    ,(#3268,#3269,#3270,#3271,#3272,#3273,#3274,#3275,#3276)
    ,(#3277,#3278,#3279,#3280,#3281,#3282,#3283,#3284,#3285)
    ,(#3286,#3287,#3288,#3289,#3290,#3291,#3292,#3293,#3294)
    ,(#3295,#3296,#3297,#3298,#3299,#3300,#3301,#3302,#3303)
    ,(#3304,#3305,#3306,#3307,#3308,#3309,#3310,#3311,#3312)
    ,(#3313,#3314,#3315,#3316,#3317,#3318,#3319,#3320,#3321)
    ,(#3322,#3323,#3324,#3325,#3326,#3327,#3328,#3329,#3330)
    ,(#3331,#3332,#3333,#3334,#3335,#3336,#3337,#3338,#3339
  )),.UNSPECIFIED.,.F.,.F.,.F.,(9,9),(9,9),(-1.950645289636,
    2.338706307755),(-1.628243988318,1.641817167255),
  .PIECEWISE_BEZIER_KNOTS.);
#3259 = CARTESIAN_POINT('',(-41.59059320263,27.746807558233,
    20.259097183449));
#3260 = CARTESIAN_POINT('',(-41.56360311383,28.417315926196,
    20.419892045351));
#3261 = CARTESIAN_POINT('',(-41.63016266656,28.921678634262,
    20.414325293636));
#3262 = CARTESIAN_POINT('',(-41.73531594002,29.357283136307,
    20.340173321192));
#3263 = CARTESIAN_POINT('',(-42.16695203398,29.214170516326,
    19.686178803217));
#3264 = CARTESIAN_POINT('',(-41.98175547164,30.16502485557,
    20.128134775568));
#3265 = CARTESIAN_POINT('',(-42.5991480591,29.692300235922,
    19.144175098773));
#3266 = CARTESIAN_POINT('',(-42.6966772882,30.141665330016,
    19.083935692862));
#3267 = CARTESIAN_POINT('',(-43.13490011759,29.986797273257,
    18.41848584594));
#3268 = CARTESIAN_POINT('',(-41.36207266249,27.427330757637,
    19.582348796177));
#3269 = CARTESIAN_POINT('',(-41.33075360421,28.105510591289,
    19.750824170649));
#3270 = CARTESIAN_POINT('',(-41.37998414967,28.640531564915,
    19.775854548979));
#3271 = CARTESIAN_POINT('',(-41.50040048106,29.049010460495,
    19.674950079814));
#3272 = CARTESIAN_POINT('',(-41.92250079147,28.922903545738,
    19.037155974785));
#3273 = CARTESIAN_POINT('',(-41.63345003595,30.057956863322,
    19.6645026629));
#3274 = CARTESIAN_POINT('',(-42.37966278605,29.356737820221,
    18.451062411013));
#3275 = CARTESIAN_POINT('',(-42.29082058323,30.136660385535,
    18.721971848335));
#3276 = CARTESIAN_POINT('',(-42.78515558043,29.882283420076,
    17.956852595953));
#3277 = CARTESIAN_POINT('',(-41.11092609106,27.147934373616,
    18.945778717185));
#3278 = CARTESIAN_POINT('',(-41.08146337362,27.82287639433,
    19.111030830692));
#3279 = CARTESIAN_POINT('',(-40.35827084001,29.727122005926,
    20.506644766465));
#3280 = CARTESIAN_POINT('',(-43.62354585709,24.559475553754,
    14.823672425594));
#3281 = CARTESIAN_POINT('',(-37.45718486917,36.117328401164,
    25.882758651677));
#3282 = CARTESIAN_POINT('',(-45.0269414521,23.314083776743,
    12.555996878961));
#3283 = CARTESIAN_POINT('',(-40.48570809388,31.991277194908,
    20.732125936689));
#3284 = CARTESIAN_POINT('',(-41.77323721279,30.329833629958,
    18.558531507687));
#3285 = CARTESIAN_POINT('',(-42.41234474068,29.818658265442,
    17.536312979001));
#3286 = CARTESIAN_POINT('',(-40.65779980485,27.226718156343,
    18.66776518704));
#3287 = CARTESIAN_POINT('',(-40.67112783815,27.825443666001,
    18.756714786078));
#3288 = CARTESIAN_POINT('',(-42.10476196233,25.90628382978,
    16.325695076305));
#3289 = CARTESIAN_POINT('',(-36.67310026604,36.159415172769,
    26.077222503646));
#3290 = CARTESIAN_POINT('',(-46.59644920729,19.184930740103,
    8.578106583803));
#3291 = CARTESIAN_POINT('',(-37.10237161847,36.645128143648,
    25.542962937796));
#3292 = CARTESIAN_POINT('',(-41.5582768006,29.363440755337,
    17.743973885705));
#3293 = CARTESIAN_POINT('',(-41.71290906417,29.711906726414,
    17.582741417908));
#3294 = CARTESIAN_POINT('',(-42.09172276233,29.66243370404,
    17.023107950694));
#3295 = CARTESIAN_POINT('',(-40.28112181565,27.170243768548,
    18.254331653348));
#3296 = CARTESIAN_POINT('',(-40.21044101538,27.91832240323,
    18.492817485565));
#3297 = CARTESIAN_POINT('',(-38.76794158677,31.098848438776,
    21.16577409092));
#3298 = CARTESIAN_POINT('',(-44.08586874495,22.28852792303,
    11.83728992763));
#3299 = CARTESIAN_POINT('',(-35.88710613105,37.453744157962,
    26.504999790625));
#3300 = CARTESIAN_POINT('',(-43.20364294888,25.095747878909,
    13.626478230243));
#3301 = CARTESIAN_POINT('',(-40.838453131,29.916666384501,
    17.941503229163));
#3302 = CARTESIAN_POINT('',(-40.79355509051,30.617936165261,
    18.133077586788));
#3303 = CARTESIAN_POINT('',(-41.4239935757,30.121998456699,
    17.126049074445));
#3304 = CARTESIAN_POINT('',(-39.57528768847,27.697188652486,
    18.424755500444));
#3305 = CARTESIAN_POINT('',(-39.64381863403,28.197917400286,
    18.415619188519));
#3306 = CARTESIAN_POINT('',(-40.55064856062,27.210646768067,
    16.916961421898));
#3307 = CARTESIAN_POINT('',(-37.95899076343,32.432453088641,
    21.633432333544));
#3308 = CARTESIAN_POINT('',(-42.35681909509,25.251616410994,
    13.93659471488));
#3309 = CARTESIAN_POINT('',(-39.16918314171,31.532244623567,
    19.71105447686));
#3310 = CARTESIAN_POINT('',(-40.26070390053,30.214830922516,
    17.882689603404));
#3311 = CARTESIAN_POINT('',(-40.84148161708,29.807622421876,
    16.964851858377));
#3312 = CARTESIAN_POINT('',(-41.20482040216,29.785680979827,
    16.43266834937));
#3313 = CARTESIAN_POINT('',(-38.89913957282,28.171521903662,
    18.542648912758));
#3314 = CARTESIAN_POINT('',(-38.97342596505,28.662170573094,
    18.523410179011));
#3315 = CARTESIAN_POINT('',(-38.97974886109,29.27355256389,
    18.624977525035));
#3316 = CARTESIAN_POINT('',(-39.91096183791,28.242891001832,
    17.083205056906));
#3317 = CARTESIAN_POINT('',(-38.84387527231,30.760976814028,
    19.092746407628));
#3318 = CARTESIAN_POINT('',(-40.1863684281,28.998392850434,
    16.818948842885));
#3319 = CARTESIAN_POINT('',(-39.97454936543,29.998383078494,
    17.309207784264));
#3320 = CARTESIAN_POINT('',(-40.18788244959,30.242490067182,
    17.043262065752));
#3321 = CARTESIAN_POINT('',(-40.68226542931,29.987871701786,
    16.278038804808));
#3322 = CARTESIAN_POINT('',(-38.24380333654,28.609044205358,
    18.623656268705));
#3323 = CARTESIAN_POINT('',(-38.35637257612,29.031790443262,
    18.536459256245));
#3324 = CARTESIAN_POINT('',(-38.54402773802,29.321344731523,
    18.315893229037));
#3325 = CARTESIAN_POINT('',(-38.84413252211,29.410790555317,
    17.895208568418));
#3326 = CARTESIAN_POINT('',(-38.95721422926,29.834452422935,
    17.808634970779));
#3327 = CARTESIAN_POINT('',(-39.38389655738,29.697191821107,
    17.161338113775));
#3328 = CARTESIAN_POINT('',(-39.4927408373,30.128519316668,
    17.082462924668));
#3329 = CARTESIAN_POINT('',(-39.85106188344,30.11490538014,
    16.558631551164));
#3330 = CARTESIAN_POINT('',(-40.33881918419,29.87199319278,
    15.805171538811));
#3331 = CARTESIAN_POINT('',(-37.56670002045,29.085185532578,
    18.743332632845));
#3332 = CARTESIAN_POINT('',(-37.71101887051,29.451627783558,
    18.599778358362));
#3333 = CARTESIAN_POINT('',(-37.93039181698,29.684838552882,
    18.322846317063));
#3334 = CARTESIAN_POINT('',(-38.23767018339,29.762195644294,
    17.889923831056));
#3335 = CARTESIAN_POINT('',(-38.46824150094,29.975796203949,
    17.593367827772));
#3336 = CARTESIAN_POINT('',(-38.83888869173,29.940087913201,
    17.04737446913));
#3337 = CARTESIAN_POINT('',(-39.09662060465,30.106002135136,
    16.703057534266));
#3338 = CARTESIAN_POINT('',(-39.47464993947,30.057548304703,
    16.144325672969));
#3339 = CARTESIAN_POINT('',(-39.98130162203,29.781061916065,
    15.357269804766));
#3340 = ADVANCED_FACE('',(#3341),#3357,.T.);
#3341 = FACE_BOUND('',#3342,.T.);
#3342 = EDGE_LOOP('',(#3343,#3344,#3355,#3356));
#3343 = ORIENTED_EDGE('',*,*,#2176,.T.);
#3344 = ORIENTED_EDGE('',*,*,#3345,.T.);
#3345 = EDGE_CURVE('',#2169,#1002,#3346,.T.);
#3346 = B_SPLINE_CURVE_WITH_KNOTS('',7,(#3347,#3348,#3349,#3350,#3351,
    #3352,#3353,#3354),.UNSPECIFIED.,.F.,.F.,(8,8),(0.,51.710159928115),
  .PIECEWISE_BEZIER_KNOTS.);
#3347 = CARTESIAN_POINT('',(41.192837754277,28.000614263205,
    19.463633824905));
#3348 = CARTESIAN_POINT('',(41.200852665099,28.396885921295,
    19.476862567162));
#3349 = CARTESIAN_POINT('',(41.289341717473,28.829774782849,
    19.444448228035));
#3350 = CARTESIAN_POINT('',(41.478691108635,29.269729401229,
    19.351224450321));
#3351 = CARTESIAN_POINT('',(41.79871696098,29.649489764189,
    19.172777999464));
#3352 = CARTESIAN_POINT('',(42.169360508573,29.876114713403,
    18.949268805645));
#3353 = CARTESIAN_POINT('',(42.532904180478,29.984905367869,
    18.719146459258));
#3354 = CARTESIAN_POINT('',(42.864161676738,30.,18.5));
#3355 = ORIENTED_EDGE('',*,*,#1001,.T.);
#3356 = ORIENTED_EDGE('',*,*,#2128,.T.);
#3357 = B_SPLINE_SURFACE_WITH_KNOTS('',8,8,(
    (#3358,#3359,#3360,#3361,#3362,#3363,#3364,#3365,#3366)
    ,(#3367,#3368,#3369,#3370,#3371,#3372,#3373,#3374,#3375)
    ,(#3376,#3377,#3378,#3379,#3380,#3381,#3382,#3383,#3384)
    ,(#3385,#3386,#3387,#3388,#3389,#3390,#3391,#3392,#3393)
    ,(#3394,#3395,#3396,#3397,#3398,#3399,#3400,#3401,#3402)
    ,(#3403,#3404,#3405,#3406,#3407,#3408,#3409,#3410,#3411)
    ,(#3412,#3413,#3414,#3415,#3416,#3417,#3418,#3419,#3420)
    ,(#3421,#3422,#3423,#3424,#3425,#3426,#3427,#3428,#3429)
    ,(#3430,#3431,#3432,#3433,#3434,#3435,#3436,#3437,#3438
  )),.UNSPECIFIED.,.F.,.F.,.F.,(9,9),(9,9),(-2.354606217446,
    1.953075659856),(-1.626935200608,1.647145949386),
  .PIECEWISE_BEZIER_KNOTS.);
#3358 = CARTESIAN_POINT('',(37.541233788125,29.103442163222,
    18.743658677827));
#3359 = CARTESIAN_POINT('',(37.688644352415,29.465952360419,
    18.595929393449));
#3360 = CARTESIAN_POINT('',(37.911041834022,29.695341705123,
    18.314934991894));
#3361 = CARTESIAN_POINT('',(38.221237284373,29.769124681752,
    17.878188024816));
#3362 = CARTESIAN_POINT('',(38.452874139283,29.982279179673,
    17.580964449525));
#3363 = CARTESIAN_POINT('',(38.828182178052,29.939979795421,
    17.028114716511));
#3364 = CARTESIAN_POINT('',(39.084116086706,30.110566346933,
    16.688249191177));
#3365 = CARTESIAN_POINT('',(39.467146506343,30.054802503653,
    16.121959672076));
#3366 = CARTESIAN_POINT('',(39.979391169221,29.769945777847,
    15.326285164219));
#3367 = CARTESIAN_POINT('',(38.219784249628,28.626661793442,
    18.625824878519));
#3368 = CARTESIAN_POINT('',(38.335134594712,29.046027140505,
    18.535004579253));
#3369 = CARTESIAN_POINT('',(38.526062242756,29.331315994326,
    18.309932651228));
#3370 = CARTESIAN_POINT('',(38.826214853136,29.422299946918,
    17.890537427483));
#3371 = CARTESIAN_POINT('',(38.945138204021,29.83700623412,
    17.794782920718));
#3372 = CARTESIAN_POINT('',(39.37076113279,29.70331917413,
    17.150802453498));
#3373 = CARTESIAN_POINT('',(39.479236934271,30.136797673442,
    17.073852333882));
#3374 = CARTESIAN_POINT('',(39.843034840793,30.115022168097,
    16.541612549071));
#3375 = CARTESIAN_POINT('',(40.336449591783,29.863625063341,
    15.779419245164));
#3376 = CARTESIAN_POINT('',(38.878596780039,28.184901269102,
    18.543057941185));
#3377 = CARTESIAN_POINT('',(38.955263475412,28.672882396266,
    18.520910374068));
#3378 = CARTESIAN_POINT('',(38.958826408688,29.290742662367,
    18.628716452475));
#3379 = CARTESIAN_POINT('',(39.905219205507,28.234515228722,
    17.06115321593));
#3380 = CARTESIAN_POINT('',(38.814819553597,30.796037359846,
    19.113835488882));
#3381 = CARTESIAN_POINT('',(40.188922402206,28.978136740334,
    16.784560495903));
#3382 = CARTESIAN_POINT('',(39.955213375553,30.019115798472,
    17.315520110069));
#3383 = CARTESIAN_POINT('',(40.179509724283,30.245152105852,
    17.031272548858));
#3384 = CARTESIAN_POINT('',(40.679887306064,29.981450298931,
    16.256716882568));
#3385 = CARTESIAN_POINT('',(39.548404252035,27.723737299503,
    18.440828681752));
#3386 = CARTESIAN_POINT('',(39.619419630987,28.221598359797,
    18.428580075947));
#3387 = CARTESIAN_POINT('',(40.549458765348,27.194742863386,
    16.890081053411));
#3388 = CARTESIAN_POINT('',(37.913180698773,32.497475419062,
    21.687236912655));
#3389 = CARTESIAN_POINT('',(42.39621836614,25.166166368098,
    13.839720443779));
#3390 = CARTESIAN_POINT('',(39.118161559454,31.610132961696,
    19.777212182945));
#3391 = CARTESIAN_POINT('',(40.261503646281,30.20127577704,
    17.857224703802));
#3392 = CARTESIAN_POINT('',(40.834013000585,29.810616808292,
    16.955677055154));
#3393 = CARTESIAN_POINT('',(41.202703957411,29.780731704641,
    16.415302105846));
#3394 = CARTESIAN_POINT('',(40.278110501989,27.156398168843,
    18.23245169892));
#3395 = CARTESIAN_POINT('',(40.209207451569,27.902893115022,
    18.469119512915));
#3396 = CARTESIAN_POINT('',(38.737723981718,31.136228801279,
    21.194670573723));
#3397 = CARTESIAN_POINT('',(44.12969482546,22.1961701199,11.736161267213
    ));
#3398 = CARTESIAN_POINT('',(35.785149110655,37.622140930667,
    26.664505516694));
#3399 = CARTESIAN_POINT('',(43.273628396458,24.959488322377,
    13.48094356605));
#3400 = CARTESIAN_POINT('',(40.806628615961,29.963529685451,17.978944942
    ));
#3401 = CARTESIAN_POINT('',(40.787337045006,30.620625279437,
    18.126080754036));
#3402 = CARTESIAN_POINT('',(41.422791511417,30.117348022941,
    17.111463080976));
#3403 = CARTESIAN_POINT('',(40.643091787246,27.235532617416,
    18.671053489469));
#3404 = CARTESIAN_POINT('',(40.655404466954,27.837601318557,
    18.763106263974));
#3405 = CARTESIAN_POINT('',(42.112995387136,25.877630830497,
    16.291011412658));
#3406 = CARTESIAN_POINT('',(36.618331378593,36.243913695088,
    26.155538505052));
#3407 = CARTESIAN_POINT('',(46.681857440949,19.022143539354,
    8.408680767078));
#3408 = CARTESIAN_POINT('',(37.006322232898,36.806329243379,
    25.697573192653));
#3409 = CARTESIAN_POINT('',(41.57963281395,29.317453002949,
    17.69097158929));
#3410 = CARTESIAN_POINT('',(41.711225311677,29.708497723161,
    17.572120804665));
#3411 = CARTESIAN_POINT('',(42.093551316512,29.654344141518,
    17.007563599217));
#3412 = CARTESIAN_POINT('',(41.107653697749,27.138398779207,
    18.933180526131));
#3413 = CARTESIAN_POINT('',(41.079496631076,27.812579824112,
    19.097433978348));
#3414 = CARTESIAN_POINT('',(40.34947884946,29.730449451904,
    20.506446621752));
#3415 = CARTESIAN_POINT('',(43.632523517992,24.532886339094,
    14.793271702539));
#3416 = CARTESIAN_POINT('',(37.416965008533,36.17959488054,
    25.941106148896));
#3417 = CARTESIAN_POINT('',(45.065922637419,23.237281014193,
    12.47485090814));
#3418 = CARTESIAN_POINT('',(40.459327272343,32.032081254631,
    20.76849094517));
#3419 = CARTESIAN_POINT('',(41.769921089777,30.331241675064,
    18.555216803267));
#3420 = CARTESIAN_POINT('',(42.412090070143,29.816190213652,
    17.528876074652));
#3421 = CARTESIAN_POINT('',(41.359165596884,27.419075847644,
    19.573514597864));
#3422 = CARTESIAN_POINT('',(41.327634150962,28.099186533623,
    19.743684068738));
#3423 = CARTESIAN_POINT('',(41.375421921007,28.638321735186,
    19.772593326517));
#3424 = CARTESIAN_POINT('',(41.499211462054,29.042360200484,
    19.667005777415));
#3425 = CARTESIAN_POINT('',(41.917064778155,28.925351918824,
    19.038079479067));
#3426 = CARTESIAN_POINT('',(41.632584922606,30.053840230025,
    19.658617421267));
#3427 = CARTESIAN_POINT('',(42.377801169342,29.355945619081,
    18.448264224638));
#3428 = CARTESIAN_POINT('',(42.288739178557,30.137809401108,
    18.720879114237));
#3429 = CARTESIAN_POINT('',(42.785238638944,29.881146068811,
    17.953231022306));
#3430 = CARTESIAN_POINT('',(41.589107877858,27.73796019071,
    20.252151742668));
#3431 = CARTESIAN_POINT('',(41.561549330098,28.411031029336,
    20.415272920464));
#3432 = CARTESIAN_POINT('',(41.627322707493,28.918342347603,
    20.412418510009));
#3433 = CARTESIAN_POINT('',(41.733032303412,29.35450723274,
    20.338588719141));
#3434 = CARTESIAN_POINT('',(42.165682990311,29.211153230962,
    19.68411337552));
#3435 = CARTESIAN_POINT('',(41.979108507793,30.166000215896,
    20.129827685166));
#3436 = CARTESIAN_POINT('',(42.598669868081,29.690983068383,
    19.143333553003));
#3437 = CARTESIAN_POINT('',(42.696088637373,30.142096041899,
    19.08460577379));
#3438 = CARTESIAN_POINT('',(43.135427553234,29.98680088667,
    18.418489528015));
#3439 = ADVANCED_FACE('',(#3440),#3820,.T.);
#3440 = FACE_BOUND('',#3441,.T.);
#3441 = EDGE_LOOP('',(#3442,#3443,#3526,#3527,#3528,#3585,#3697,#3764,
    #3819));
#3442 = ORIENTED_EDGE('',*,*,#1016,.F.);
#3443 = ORIENTED_EDGE('',*,*,#3444,.T.);
#3444 = EDGE_CURVE('',#1002,#1343,#3445,.T.);
#3445 = ( BOUNDED_CURVE() B_SPLINE_CURVE(14,(#3446,#3447,#3448,#3449,
    #3450,#3451,#3452,#3453,#3454,#3455,#3456,#3457,#3458,#3459,#3460,
    #3461,#3462,#3463,#3464,#3465,#3466,#3467,#3468,#3469,#3470,#3471,
    #3472,#3473,#3474,#3475,#3476,#3477,#3478,#3479,#3480,#3481,#3482,
    #3483,#3484,#3485,#3486,#3487,#3488,#3489,#3490,#3491,#3492,#3493,
    #3494,#3495,#3496,#3497,#3498,#3499,#3500,#3501,#3502,#3503,#3504,
    #3505,#3506,#3507,#3508,#3509,#3510,#3511,#3512,#3513,#3514,#3515,
    #3516,#3517,#3518,#3519,#3520,#3521,#3522,#3523,#3524,#3525),
.UNSPECIFIED.,.F.,.F.) B_SPLINE_CURVE_WITH_KNOTS((15,13,13,13,13,13,15),
  (1.221599137154,14.149102011711,20.612853448989,27.076604886268,
    33.540356323546,40.004107760825,52.931610635382),.UNSPECIFIED.) 
CURVE() GEOMETRIC_REPRESENTATION_ITEM() RATIONAL_B_SPLINE_CURVE((1.,1.,
    1.000000000001,0.999999999999,1.000000000003,0.999999999996,
    1.000000000004,0.999999999996,1.000000000003,0.999999999998,
    1.000000000001,1.,1.,1.,1.,1.000000000001,0.999999999998,
    1.000000000005,0.999999999993,1.000000000009,0.999999999991,
    1.000000000007,0.999999999995,1.000000000002,0.999999999999,1.,1.,1.
    ,0.999999999998,1.000000000005,0.999999999989,1.000000000018,
    0.999999999975,1.000000000028,0.999999999975,1.000000000018,
    0.99999999999,1.000000000005,0.999999999999,1.,1.,0.999999999998,
    1.000000000006,0.999999999987,1.000000000023,0.999999999968,
    1.000000000036,0.999999999966,1.000000000025,0.999999999985,
    1.000000000007,0.999999999998,1.,1.,0.999999999999,1.000000000004,
    0.999999999991,1.000000000015,0.999999999981,1.00000000002,
    0.999999999983,1.000000000012,0.999999999993,1.000000000003,
    0.999999999999,1.,1.,1.,1.,0.999999999999,1.000000000002,
    0.999999999997,1.000000000004,0.999999999995,1.000000000004,
0.999999999998,1.000000000001,1.,1.,1.)) REPRESENTATION_ITEM('') );
#3446 = CARTESIAN_POINT('',(42.864161676738,30.,18.5));
#3447 = CARTESIAN_POINT('',(43.30604351031,29.947520067869,
    19.261912659349));
#3448 = CARTESIAN_POINT('',(43.74662357936,29.881527268769,
    20.024467682769));
#3449 = CARTESIAN_POINT('',(44.185553011456,29.800781015339,
    20.787420170857));
#3450 = CARTESIAN_POINT('',(44.622827873094,29.703571612787,
    21.551318845324));
#3451 = CARTESIAN_POINT('',(45.057790227959,29.588225833798,
    22.315520419955));
#3452 = CARTESIAN_POINT('',(45.489939443919,29.452663776696,
    23.079815652139));
#3453 = CARTESIAN_POINT('',(45.918981797718,29.294180590699,
    23.8445800186));
#3454 = CARTESIAN_POINT('',(46.344308709333,29.109514599527,
    24.609790854598));
#3455 = CARTESIAN_POINT('',(46.764746379781,28.894840660323,
    25.374575250946));
#3456 = CARTESIAN_POINT('',(47.178859724229,28.645389227602,
    26.137875793909));
#3457 = CARTESIAN_POINT('',(47.585218814195,28.354732358224,
    26.899051203457));
#3458 = CARTESIAN_POINT('',(47.98174408276,28.014192786309,
    27.656472839197));
#3459 = CARTESIAN_POINT('',(48.364434834109,27.613116021403,
    28.404142747397));
#3460 = CARTESIAN_POINT('',(48.911810055612,26.904481714958,
    29.497055409097));
#3461 = CARTESIAN_POINT('',(49.089799280351,26.650485035561,
    29.85654200675));
#3462 = CARTESIAN_POINT('',(49.262906763792,26.377090321745,
    30.21024655819));
#3463 = CARTESIAN_POINT('',(49.430305464718,26.083574806039,
    30.556118303119));
#3464 = CARTESIAN_POINT('',(49.591526969979,25.768419289851,
    30.892638353857));
#3465 = CARTESIAN_POINT('',(49.746019664581,25.430477822539,
    31.217823510236));
#3466 = CARTESIAN_POINT('',(49.893040473517,25.06952284887,
    31.528935761908));
#3467 = CARTESIAN_POINT('',(50.031898775041,24.68599435088,
    31.823086834538));
#3468 = CARTESIAN_POINT('',(50.162126662614,24.280782204409,
    32.09789412149));
#3469 = CARTESIAN_POINT('',(50.283358339589,23.855478775492,
    32.351613906064));
#3470 = CARTESIAN_POINT('',(50.395130609577,23.412669105112,
    32.582954753419));
#3471 = CARTESIAN_POINT('',(50.497033714325,22.955394512905,
    32.791263206296));
#3472 = CARTESIAN_POINT('',(50.589214713272,22.485847494703,
    32.977180288436));
#3473 = CARTESIAN_POINT('',(50.754248752545,21.527246524364,
    33.305611049581));
#3474 = CARTESIAN_POINT('',(50.82710875401,21.038200370246,
    33.448134699652));
#3475 = CARTESIAN_POINT('',(50.890482728735,20.54165009191,
    33.569853327088));
#3476 = CARTESIAN_POINT('',(50.944499740759,20.040676933162,
    33.671735808984));
#3477 = CARTESIAN_POINT('',(50.990015080255,19.536052229835,
    33.756161025579));
#3478 = CARTESIAN_POINT('',(51.027383300992,19.029271478353,
    33.824425410512));
#3479 = CARTESIAN_POINT('',(51.057348180302,18.522578554428,
    33.878408039247));
#3480 = CARTESIAN_POINT('',(51.08088227095,18.016216061377,
    33.920291150484));
#3481 = CARTESIAN_POINT('',(51.098627840684,17.509543914914,
    33.951518355316));
#3482 = CARTESIAN_POINT('',(51.111255571926,17.004192978765,
    33.973494100436));
#3483 = CARTESIAN_POINT('',(51.119745625516,16.501360442145,
    33.988143040639));
#3484 = CARTESIAN_POINT('',(51.124623638345,15.997533254117,
    33.996476685479));
#3485 = CARTESIAN_POINT('',(51.126712545747,15.497071263394,
    34.000018534256));
#3486 = CARTESIAN_POINT('',(51.12669062809,14.497315544001,
    33.999981361419));
#3487 = CARTESIAN_POINT('',(51.124578384424,13.997880056,33.996400184425
    ));
#3488 = CARTESIAN_POINT('',(51.119633078316,13.493230189379,
    33.987949099623));
#3489 = CARTESIAN_POINT('',(51.111289135096,12.989074640902,
    33.973551708081));
#3490 = CARTESIAN_POINT('',(51.098020051025,12.480165167531,
    33.950465048876));
#3491 = CARTESIAN_POINT('',(51.081210083497,11.989734819736,
    33.920819521543));
#3492 = CARTESIAN_POINT('',(51.056564014634,11.458302627291,
    33.877085725506));
#3493 = CARTESIAN_POINT('',(51.027357948544,10.975307214463,
    33.824305938194));
#3494 = CARTESIAN_POINT('',(50.989307620281,10.452380221213,
    33.754901224062));
#3495 = CARTESIAN_POINT('',(50.944134697702,9.956361827426,
    33.671040819416));
#3496 = CARTESIAN_POINT('',(50.889777104165,9.451841006872,
    33.568519777633));
#3497 = CARTESIAN_POINT('',(50.826388682031,8.95635085011,
    33.446746212246));
#3498 = CARTESIAN_POINT('',(50.753431426925,8.467335115725,
    33.304010257371));
#3499 = CARTESIAN_POINT('',(50.588205903826,7.508973095421,
    32.975147287388));
#3500 = CARTESIAN_POINT('',(50.495917500801,7.039516846402,
    32.788979251261));
#3501 = CARTESIAN_POINT('',(50.39391225416,6.582399674155,
    32.580449601646));
#3502 = CARTESIAN_POINT('',(50.282095240186,6.139900999184,
    32.348973194272));
#3503 = CARTESIAN_POINT('',(50.160755463902,5.714780743955,
    32.094994668874));
#3504 = CARTESIAN_POINT('',(50.030388418721,5.309679488419,
    31.819896795066));
#3505 = CARTESIAN_POINT('',(49.891485093631,4.926450227522,
    31.525658628178));
#3506 = CARTESIAN_POINT('',(49.744497571381,4.565948922805,
    31.214609884252));
#3507 = CARTESIAN_POINT('',(49.589946286125,4.228257364817,
    30.889305976634));
#3508 = CARTESIAN_POINT('',(49.428515244348,3.913024215765,
    30.552389143775));
#3509 = CARTESIAN_POINT('',(49.260989071587,3.619588420035,
    30.20630504358));
#3510 = CARTESIAN_POINT('',(49.088019613851,3.346793520371,
    29.852911084361));
#3511 = CARTESIAN_POINT('',(48.909970013113,3.092911737433,
    29.493342619263));
#3512 = CARTESIAN_POINT('',(48.362472001506,2.384795558786,
    28.400302569417));
#3513 = CARTESIAN_POINT('',(47.979583990379,1.983898281033,
    27.652334897245));
#3514 = CARTESIAN_POINT('',(47.583765726528,1.644357380561,
    26.896360909669));
#3515 = CARTESIAN_POINT('',(47.176759357712,1.353177065896,
    26.133980767716));
#3516 = CARTESIAN_POINT('',(46.763218255036,1.1045011137,25.371810742868
    ));
#3517 = CARTESIAN_POINT('',(46.343378615403,0.890194442238,
    24.608130260303));
#3518 = CARTESIAN_POINT('',(45.917871110496,0.705301853207,
    23.842589230905));
#3519 = CARTESIAN_POINT('',(45.489221303267,0.547291091019,
    23.078600108133));
#3520 = CARTESIAN_POINT('',(45.058282424558,0.412147514099,
    22.316430925731));
#3521 = CARTESIAN_POINT('',(44.62364327121,0.296380086317,
    21.552683330749));
#3522 = CARTESIAN_POINT('',(44.18561190403,0.199324082334,
    20.787555737535));
#3523 = CARTESIAN_POINT('',(43.746781001256,0.11847395001,
    20.024730683622));
#3524 = CARTESIAN_POINT('',(43.306096903041,5.248627239245E-02,
    19.262004708381));
#3525 = CARTESIAN_POINT('',(42.864161678853,-9.517755845424E-15,18.5));
#3526 = ORIENTED_EDGE('',*,*,#1357,.T.);
#3527 = ORIENTED_EDGE('',*,*,#1214,.F.);
#3528 = ORIENTED_EDGE('',*,*,#3529,.F.);
#3529 = EDGE_CURVE('',#3530,#1215,#3532,.T.);
#3530 = VERTEX_POINT('',#3531);
#3531 = CARTESIAN_POINT('',(57.868495375887,12.677612873258,
    33.947186816956));
#3532 = B_SPLINE_CURVE_WITH_KNOTS('',11,(#3533,#3534,#3535,#3536,#3537,
    #3538,#3539,#3540,#3541,#3542,#3543,#3544,#3545,#3546,#3547,#3548,
    #3549,#3550,#3551,#3552,#3553,#3554,#3555,#3556,#3557,#3558,#3559,
    #3560,#3561,#3562,#3563,#3564,#3565,#3566,#3567,#3568,#3569,#3570,
    #3571,#3572,#3573,#3574,#3575,#3576,#3577,#3578,#3579,#3580,#3581,
    #3582,#3583,#3584),.UNSPECIFIED.,.F.,.F.,(12,10,10,10,10,12),(
    20.946846872058,26.548333439881,32.149820007704,37.751306575528,
    43.352793143351,45.554819342469),.UNSPECIFIED.);
#3533 = CARTESIAN_POINT('',(57.868495378215,12.677612873786,
    33.947186807238));
#3534 = CARTESIAN_POINT('',(57.8716811735,12.161953377479,
    33.919791266329));
#3535 = CARTESIAN_POINT('',(57.87593872771,11.645956075152,
    33.882704236042));
#3536 = CARTESIAN_POINT('',(57.881422648743,11.129842289056,
    33.83419108322));
#3537 = CARTESIAN_POINT('',(57.88828987333,10.61392116196,
    33.772358713142));
#3538 = CARTESIAN_POINT('',(57.896682093297,10.098891022259,
    33.695223246844));
#3539 = CARTESIAN_POINT('',(57.906732822267,9.585583817069,
    33.600671985165));
#3540 = CARTESIAN_POINT('',(57.91856170306,9.074996376669,
    33.486438904851));
#3541 = CARTESIAN_POINT('',(57.93225839478,8.568593680524,
    33.350197967544));
#3542 = CARTESIAN_POINT('',(57.947875871189,8.068490091635,
    33.189810666882));
#3543 = CARTESIAN_POINT('',(57.96544820287,7.57721471206,33.003643492121
    ));
#3544 = CARTESIAN_POINT('',(58.00459358092,6.617478464919,32.57775120702
    ));
#3545 = CARTESIAN_POINT('',(58.026162892665,6.14907111344,
    32.338070100976));
#3546 = CARTESIAN_POINT('',(58.049790552115,5.694605276343,
    32.070438346545));
#3547 = CARTESIAN_POINT('',(58.075436882845,5.257955762657,
    31.775635113062));
#3548 = CARTESIAN_POINT('',(58.103315042393,4.84005251034,
    31.452515158019));
#3549 = CARTESIAN_POINT('',(58.133388907396,4.445122090268,
    31.10459149392));
#3550 = CARTESIAN_POINT('',(58.165772909458,4.074532811376,
    30.734521968906));
#3551 = CARTESIAN_POINT('',(58.200650781459,3.726883202572,
    30.343576704921));
#3552 = CARTESIAN_POINT('',(58.237810651298,3.403957982944,
    29.936431274553));
#3553 = CARTESIAN_POINT('',(58.277253139316,3.103795469499,
    29.514591601381));
#3554 = CARTESIAN_POINT('',(58.360395086023,2.54747153767,
    28.646430534281));
#3555 = CARTESIAN_POINT('',(58.404091875205,2.291302414004,
    28.200135767143));
#3556 = CARTESIAN_POINT('',(58.449821051175,2.055822109112,
    27.743447921981));
#3557 = CARTESIAN_POINT('',(58.497297215774,1.840521575115,
    27.279529317407));
#3558 = CARTESIAN_POINT('',(58.54650342783,1.64205729224,26.807831636268
    ));
#3559 = CARTESIAN_POINT('',(58.597394195231,1.461079815806,
    26.329279111703));
#3560 = CARTESIAN_POINT('',(58.648912486816,1.296308127022,
    25.851997357116));
#3561 = CARTESIAN_POINT('',(58.702181469339,1.144339327247,
    25.365729154679));
#3562 = CARTESIAN_POINT('',(58.756224790399,1.006065669717,
    24.878623228482));
#3563 = CARTESIAN_POINT('',(58.811256302439,0.879645795906,
    24.388228679926));
#3564 = CARTESIAN_POINT('',(58.922933945335,0.64920335861,
    23.403152415474));
#3565 = CARTESIAN_POINT('',(58.979589480216,0.545126108504,
    22.908384017929));
#3566 = CARTESIAN_POINT('',(59.036957188314,0.451359176149,
    22.411833743638));
#3567 = CARTESIAN_POINT('',(59.094947473382,0.367131954447,
    21.913859200741));
#3568 = CARTESIAN_POINT('',(59.153485683345,0.291736879966,
    21.414727216964));
#3569 = CARTESIAN_POINT('',(59.212512110016,0.224529432984,
    20.914613839599));
#3570 = CARTESIAN_POINT('',(59.271981989408,0.164928137428,
    20.413604335516));
#3571 = CARTESIAN_POINT('',(59.331865501468,0.112414560941,
    19.911693191166));
#3572 = CARTESIAN_POINT('',(59.392147770248,6.653331482345E-02,
    19.408784112562));
#3573 = CARTESIAN_POINT('',(59.452828863826,2.68920540748E-02,
    18.904690025306));
#3574 = CARTESIAN_POINT('',(59.537941104015,-2.00985050863E-02,
    18.200391251802));
#3575 = CARTESIAN_POINT('',(59.561958413701,-3.335848754219E-02,
    18.001649429039));
#3576 = CARTESIAN_POINT('',(59.585975723387,-4.661846999808E-02,
    17.802907606275));
#3577 = CARTESIAN_POINT('',(59.609993033073,-5.987845245397E-02,
    17.604165783511));
#3578 = CARTESIAN_POINT('',(59.634010342759,-7.313843490986E-02,
    17.405423960747));
#3579 = CARTESIAN_POINT('',(59.658027652446,-8.639841736575E-02,
    17.206682137984));
#3580 = CARTESIAN_POINT('',(59.682044962132,-9.965839982164E-02,
    17.00794031522));
#3581 = CARTESIAN_POINT('',(59.706062271818,-0.112918382278,
    16.809198492456));
#3582 = CARTESIAN_POINT('',(59.730079581504,-0.126178364733,
    16.610456669693));
#3583 = CARTESIAN_POINT('',(59.75409689119,-0.139438347189,
    16.411714846929));
#3584 = CARTESIAN_POINT('',(59.778114200876,-0.152698329645,
    16.212973024165));
#3585 = ORIENTED_EDGE('',*,*,#3586,.T.);
#3586 = EDGE_CURVE('',#3530,#3587,#3589,.T.);
#3587 = VERTEX_POINT('',#3588);
#3588 = CARTESIAN_POINT('',(51.75,15.,34.));
#3589 = B_SPLINE_CURVE_WITH_KNOTS('',8,(#3590,#3591,#3592,#3593,#3594,
    #3595,#3596,#3597,#3598,#3599,#3600,#3601,#3602,#3603,#3604,#3605,
    #3606,#3607,#3608,#3609,#3610,#3611,#3612,#3613,#3614,#3615,#3616,
    #3617,#3618,#3619,#3620,#3621,#3622,#3623,#3624,#3625,#3626,#3627,
    #3628,#3629,#3630,#3631,#3632,#3633,#3634,#3635,#3636,#3637,#3638,
    #3639,#3640,#3641,#3642,#3643,#3644,#3645,#3646,#3647,#3648,#3649,
    #3650,#3651,#3652,#3653,#3654,#3655,#3656,#3657,#3658,#3659,#3660,
    #3661,#3662,#3663,#3664,#3665,#3666,#3667,#3668,#3669,#3670,#3671,
    #3672,#3673,#3674,#3675,#3676,#3677,#3678,#3679,#3680,#3681,#3682,
    #3683,#3684,#3685,#3686,#3687,#3688,#3689,#3690,#3691,#3692,#3693,
    #3694,#3695,#3696),.UNSPECIFIED.,.F.,.F.,(9,7,7,7,7,7,7,7,7,7,7,7,7,
    7,7,9),(0.,2.441561946807E-02,5.78918523895E-02,9.290226778156E-02,
    0.186105638509,0.26435465207,0.327107779857,0.376577168125,
    0.513477010096,0.652035374732,0.704086887603,0.770121438695,
    0.850892964213,0.919520745758,0.957111502242,1.),.UNSPECIFIED.);
#3590 = CARTESIAN_POINT('',(58.732135115237,15.353178480704,
    33.999115658596));
#3591 = CARTESIAN_POINT('',(58.736078958393,15.314294473064,
    33.999316877138));
#3592 = CARTESIAN_POINT('',(58.739531226323,15.275314323724,
    33.999490815477));
#3593 = CARTESIAN_POINT('',(58.742488431026,15.23625176173,
    33.999637894005));
#3594 = CARTESIAN_POINT('',(58.744947695172,15.19712070101,
    33.999758591925));
#3595 = CARTESIAN_POINT('',(58.746906752097,15.157935240378,
    33.999853447248));
#3596 = CARTESIAN_POINT('',(58.748363945807,15.118709663532,
    33.999923056797));
#3597 = CARTESIAN_POINT('',(58.749318230974,15.079458439054,
    33.999968076202));
#3598 = CARTESIAN_POINT('',(58.750387459048,14.986363829303,
    34.000018210017));
#3599 = CARTESIAN_POINT('',(58.750059539642,14.932510216922,
    34.000002861031));
#3600 = CARTESIAN_POINT('',(58.748784343554,14.878673318422,
    33.999943785732));
#3601 = CARTESIAN_POINT('',(58.746563103904,14.824890537073,
    33.999838484062));
#3602 = CARTESIAN_POINT('',(58.743399278324,14.771198776874,
    33.999684450573));
#3603 = CARTESIAN_POINT('',(58.739298485993,14.71763445021,
    33.999480496617));
#3604 = CARTESIAN_POINT('',(58.734268461462,14.664233460554,
    33.999226287266));
#3605 = CARTESIAN_POINT('',(58.722096932368,14.555390651346,
    33.998599866092));
#3606 = CARTESIAN_POINT('',(58.714814075164,14.499474302021,
    33.998220161182));
#3607 = CARTESIAN_POINT('',(58.706451339639,14.443336835166,
    33.997778155795));
#3608 = CARTESIAN_POINT('',(58.696991989967,14.387023530603,
    33.997271203951));
#3609 = CARTESIAN_POINT('',(58.686420238926,14.33057071162,
    33.996696781609));
#3610 = CARTESIAN_POINT('',(58.674719818286,14.274006231548,
    33.996052432138));
#3611 = CARTESIAN_POINT('',(58.66187254919,14.217349960335,
    33.995335711793));
#3612 = CARTESIAN_POINT('',(58.610545027971,14.009574718544,
    33.992436830617));
#3613 = CARTESIAN_POINT('',(58.565953091799,13.862022974796,
    33.989855544686));
#3614 = CARTESIAN_POINT('',(58.514545616856,13.718616724264,
    33.986808057082));
#3615 = CARTESIAN_POINT('',(58.456852106384,13.579840659782,
    33.983319387718));
#3616 = CARTESIAN_POINT('',(58.393423774083,13.446038759203,
    33.979427994091));
#3617 = CARTESIAN_POINT('',(58.324800249431,13.317440303233,
    33.975181792842));
#3618 = CARTESIAN_POINT('',(58.251486268294,13.194179634502,
    33.970634005508));
#3619 = CARTESIAN_POINT('',(58.108832890102,12.977351762599,
    33.961813031258));
#3620 = CARTESIAN_POINT('',(58.040742690835,12.882193224187,
    33.957612815544));
#3621 = CARTESIAN_POINT('',(57.969929377742,12.790853774853,
    33.95327003367));
#3622 = CARTESIAN_POINT('',(57.896637111675,12.703331834247,
    33.94881744316));
#3623 = CARTESIAN_POINT('',(57.821090826689,12.619607756119,
    33.944287948426));
#3624 = CARTESIAN_POINT('',(57.74349446914,12.53964707499,
    33.939713842465));
#3625 = CARTESIAN_POINT('',(57.664029236781,12.463403752822,
    33.935126048547));
#3626 = CARTESIAN_POINT('',(57.517750205555,12.332616397428,
    33.926886218057));
#3627 = CARTESIAN_POINT('',(57.451551319556,12.276768672095,
    33.923229038687));
#3628 = CARTESIAN_POINT('',(57.384337974382,12.223253438402,
    33.919596896081));
#3629 = CARTESIAN_POINT('',(57.31618738889,12.172043721134,
    33.916004309112));
#3630 = CARTESIAN_POINT('',(57.247171183234,12.123112515304,
    33.912465167422));
#3631 = CARTESIAN_POINT('',(57.17735537582,12.076432920319,
    33.908992655603));
#3632 = CARTESIAN_POINT('',(57.106800380278,12.031978274142,
    33.905599177378));
#3633 = CARTESIAN_POINT('',(56.979401754778,11.956411154036,
    33.899692547835));
#3634 = CARTESIAN_POINT('',(56.922818098503,11.924466888957,
    33.897145143463));
#3635 = CARTESIAN_POINT('',(56.865837281655,11.893876902989,
    33.894659772823));
#3636 = CARTESIAN_POINT('',(56.808485260751,11.864629185493,
    33.892241842033));
#3637 = CARTESIAN_POINT('',(56.750786700756,11.836712304425,
    33.889896457174));
#3638 = CARTESIAN_POINT('',(56.69276497509,11.810115406329,
    33.887628424288));
#3639 = CARTESIAN_POINT('',(56.634442165622,11.784828216341,
    33.885442249377));
#3640 = CARTESIAN_POINT('',(56.413662900526,11.694459766585,
    33.87753036531));
#3641 = CARTESIAN_POINT('',(56.249361256896,11.638042754529,
    33.872378391074));
#3642 = CARTESIAN_POINT('',(56.083352696987,11.591370975178,
    33.867973942771));
#3643 = CARTESIAN_POINT('',(55.916026625089,11.554285178573,
    33.864388649765));
#3644 = CARTESIAN_POINT('',(55.747746534855,11.526668465565,
    33.861676305699));
#3645 = CARTESIAN_POINT('',(55.578851980543,11.508438856309,
    33.859872120156));
#3646 = CARTESIAN_POINT('',(55.40965926923,11.499551853354,
    33.858992959999));
#3647 = CARTESIAN_POINT('',(55.069212663581,11.500479731963,
    33.859084753439));
#3648 = CARTESIAN_POINT('',(54.897998801195,11.510522389923,
    33.86007823949));
#3649 = CARTESIAN_POINT('',(54.727121593952,11.530138168181,
    33.862017975436));
#3650 = CARTESIAN_POINT('',(54.556909555504,11.559376999321,
    33.864884961741));
#3651 = CARTESIAN_POINT('',(54.387716717606,11.598327951577,
    33.868640928341));
#3652 = CARTESIAN_POINT('',(54.219923367089,11.647116488161,
    33.873228080624));
#3653 = CARTESIAN_POINT('',(54.053938208231,11.705912587846,
    33.878569925435));
#3654 = CARTESIAN_POINT('',(53.828691987212,11.800884556047,
    33.88682838804));
#3655 = CARTESIAN_POINT('',(53.767502659683,11.828263307782,
    33.889176830944));
#3656 = CARTESIAN_POINT('',(53.706658559049,11.857097583115,
    33.891613476933));
#3657 = CARTESIAN_POINT('',(53.646185938525,11.887399663294,
    33.894132930628));
#3658 = CARTESIAN_POINT('',(53.586112713439,11.919182509707,
    33.896729430195));
#3659 = CARTESIAN_POINT('',(53.526468461225,11.952459763881,
    33.899396847346));
#3660 = CARTESIAN_POINT('',(53.467284421423,11.987245747484,
    33.902128687337));
#3661 = CARTESIAN_POINT('',(53.33413593008,12.069619363016,
    33.908456831156));
#3662 = CARTESIAN_POINT('',(53.260473955212,12.118134429273,
    33.912088133198));
#3663 = CARTESIAN_POINT('',(53.187673620052,12.169132103138,
    33.91579813012));
#3664 = CARTESIAN_POINT('',(53.115808355753,12.22264399092,
    33.919571894042));
#3665 = CARTESIAN_POINT('',(53.044958944844,12.278701619413,
    33.923393546801));
#3666 = CARTESIAN_POINT('',(52.97521349042,12.337336192117,
    33.927246372575));
#3667 = CARTESIAN_POINT('',(52.906667385343,12.398578345457,
    33.931112930511));
#3668 = CARTESIAN_POINT('',(52.75717226639,12.540593508082,
    33.939699342134));
#3669 = CARTESIAN_POINT('',(52.676876540933,12.622668339136,
    33.944416582351));
#3670 = CARTESIAN_POINT('',(52.598719533082,12.708739472622,
    33.949094374922));
#3671 = CARTESIAN_POINT('',(52.522914693306,12.79885185356,
    33.95369783636));
#3672 = CARTESIAN_POINT('',(52.449702662371,12.893033613899,
    33.958190754111));
#3673 = CARTESIAN_POINT('',(52.379348439181,12.991291388896,
    33.962536627893));
#3674 = CARTESIAN_POINT('',(52.312138548625,13.093605633487,
    33.96669971104));
#3675 = CARTESIAN_POINT('',(52.194204036004,13.290261321465,
    33.973999072767));
#3676 = CARTESIAN_POINT('',(52.142523450387,13.383482930611,
    33.97719546026));
#3677 = CARTESIAN_POINT('',(52.093528181422,13.479550597536,
    33.980214262409));
#3678 = CARTESIAN_POINT('',(52.047422818109,13.57839722511,
    33.983035375949));
#3679 = CARTESIAN_POINT('',(52.004420926359,13.679925212329,
    33.985640484317));
#3680 = CARTESIAN_POINT('',(51.964739534696,13.784001765523,
    33.988013978646));
#3681 = CARTESIAN_POINT('',(51.928591988931,13.890453096069,
    33.990143861691));
#3682 = CARTESIAN_POINT('',(51.878425109741,14.05854539397,
    33.993051729547));
#3683 = CARTESIAN_POINT('',(51.861956704078,14.118125780644,33.993995906
    ));
#3684 = CARTESIAN_POINT('',(51.846751651641,14.177804585681,
    33.994857485582));
#3685 = CARTESIAN_POINT('',(51.832789510655,14.237594876861,
    33.995638870444));
#3686 = CARTESIAN_POINT('',(51.820052736609,14.297517252352,
    33.996342479023));
#3687 = CARTESIAN_POINT('',(51.808527714134,14.357600224352,
    33.996970681714));
#3688 = CARTESIAN_POINT('',(51.798205788894,14.417880602732,
    33.997525736552));
#3689 = CARTESIAN_POINT('',(51.778677300094,14.547456822212,
    33.998561922677));
#3690 = CARTESIAN_POINT('',(51.770789975931,14.610482220911,
    33.99897089779));
#3691 = CARTESIAN_POINT('',(51.763906582527,14.674093570726,
    33.999322583874));
#3692 = CARTESIAN_POINT('',(51.757931302094,14.742000104631,
    33.999622349494));
#3693 = CARTESIAN_POINT('',(51.75323245474,14.813788294541,
    33.999849175519));
#3694 = CARTESIAN_POINT('',(51.750751276845,14.886321768822,
    33.999965137111));
#3695 = CARTESIAN_POINT('',(51.749999999379,14.951993135567,
    34.000000000058));
#3696 = CARTESIAN_POINT('',(51.75,15.,34.));
#3697 = ORIENTED_EDGE('',*,*,#3698,.T.);
#3698 = EDGE_CURVE('',#3587,#3699,#3701,.T.);
#3699 = VERTEX_POINT('',#3700);
#3700 = CARTESIAN_POINT('',(57.868495408921,17.32238708705,
    33.947186809319));
#3701 = B_SPLINE_CURVE_WITH_KNOTS('',6,(#3702,#3703,#3704,#3705,#3706,
    #3707,#3708,#3709,#3710,#3711,#3712,#3713,#3714,#3715,#3716,#3717,
    #3718,#3719,#3720,#3721,#3722,#3723,#3724,#3725,#3726,#3727,#3728,
    #3729,#3730,#3731,#3732,#3733,#3734,#3735,#3736,#3737,#3738,#3739,
    #3740,#3741,#3742,#3743,#3744,#3745,#3746,#3747,#3748,#3749,#3750,
    #3751,#3752,#3753,#3754,#3755,#3756,#3757,#3758,#3759,#3760,#3761,
    #3762,#3763),.UNSPECIFIED.,.F.,.F.,(7,5,5,5,5,5,5,5,5,5,5,5,7),(0.,
    0.103137651205,0.167274579317,0.25040072272,0.317192437832,
    0.369879620982,0.513403053963,0.655045017383,0.707620623245,
    0.774160862307,0.85657617089,0.921407786827,1.),.UNSPECIFIED.);
#3702 = CARTESIAN_POINT('',(51.75,15.,34.));
#3703 = CARTESIAN_POINT('',(51.75,15.221040648512,34.));
#3704 = CARTESIAN_POINT('',(51.76675232185,15.442199030168,
    33.999223946126));
#3705 = CARTESIAN_POINT('',(51.800285672012,15.660049667327,
    33.9975148239));
#3706 = CARTESIAN_POINT('',(51.849521266127,15.871935967307,
    33.99479396259));
#3707 = CARTESIAN_POINT('',(51.912915092959,16.075816864398,
    33.99110352063));
#3708 = CARTESIAN_POINT('',(52.035701507097,16.391083661184,
    33.983737538749));
#3709 = CARTESIAN_POINT('',(52.087569773423,16.508361526723,
    33.980582458101));
#3710 = CARTESIAN_POINT('',(52.143826093379,16.621754988786,
    33.977122501891));
#3711 = CARTESIAN_POINT('',(52.204068072497,16.73108786291,
    33.973392708559));
#3712 = CARTESIAN_POINT('',(52.267915380061,16.836266684975,
    33.969433036796));
#3713 = CARTESIAN_POINT('',(52.422022647882,17.068149894239,
    33.95990692477));
#3714 = CARTESIAN_POINT('',(52.514495219257,17.191992182288,
    33.954212428255));
#3715 = CARTESIAN_POINT('',(52.611730805312,17.308737279845,
    33.948289174444));
#3716 = CARTESIAN_POINT('',(52.713090071473,17.418433014528,
    33.942229512366));
#3717 = CARTESIAN_POINT('',(52.818029957158,17.52119346298,
    33.936122810253));
#3718 = CARTESIAN_POINT('',(53.012968796086,17.694286780075,
    33.925168026425));
#3719 = CARTESIAN_POINT('',(53.10184441144,17.767017535735,
    33.920308877057));
#3720 = CARTESIAN_POINT('',(53.192516890961,17.835437222057,
    33.915513049902));
#3721 = CARTESIAN_POINT('',(53.284782798156,17.899621401184,
    33.910819825455));
#3722 = CARTESIAN_POINT('',(53.37846446145,17.959644945855,
    33.90626520167));
#3723 = CARTESIAN_POINT('',(53.548305675092,18.059704675476,
    33.89842298425));
#3724 = CARTESIAN_POINT('',(53.623986150826,18.101284007562,
    33.895071003859));
#3725 = CARTESIAN_POINT('',(53.700375746736,18.140353884136,
    33.891841118569));
#3726 = CARTESIAN_POINT('',(53.777404751866,18.176946625583,
    33.888747787214));
#3727 = CARTESIAN_POINT('',(53.855009404803,18.21109184111,
    33.885804072222));
#3728 = CARTESIAN_POINT('',(54.145942811375,18.329236340681,
    33.875442105934));
#3729 = CARTESIAN_POINT('',(54.362559968618,18.397679564116,
    33.869060562969));
#3730 = CARTESIAN_POINT('',(54.581871113472,18.448724268447,
    33.864109217878));
#3731 = CARTESIAN_POINT('',(54.802891040784,18.482689711207,
    33.860749769697));
#3732 = CARTESIAN_POINT('',(55.024734020755,18.499784003064,
    33.859058662692));
#3733 = CARTESIAN_POINT('',(55.465594538359,18.500209920067,
    33.859016527234));
#3734 = CARTESIAN_POINT('',(55.684548360319,18.483981157226,
    33.860622009448));
#3735 = CARTESIAN_POINT('',(55.902726659603,18.451322751193,
    33.863853589624));
#3736 = CARTESIAN_POINT('',(56.119279982888,18.402040762567,
    33.868639812344));
#3737 = CARTESIAN_POINT('',(56.333266802667,18.335833780747,
    33.874828562746));
#3738 = CARTESIAN_POINT('',(56.621712333776,18.221097176799,
    33.884936973864));
#3739 = CARTESIAN_POINT('',(56.699291777891,18.187632250602,
    33.887836247637));
#3740 = CARTESIAN_POINT('',(56.776310311452,18.151735881875,
    33.890887018289));
#3741 = CARTESIAN_POINT('',(56.852705383314,18.113379080782,
    33.894076516458));
#3742 = CARTESIAN_POINT('',(56.928408689293,18.072530120175,
    33.897390586071));
#3743 = CARTESIAN_POINT('',(57.098187837682,17.974257940118,
    33.905145993486));
#3744 = CARTESIAN_POINT('',(57.191800269116,17.915315728699,
    33.909652837844));
#3745 = CARTESIAN_POINT('',(57.284035481555,17.852256467963,
    33.914302969457));
#3746 = CARTESIAN_POINT('',(57.374720720607,17.785006527423,
    33.919061233926));
#3747 = CARTESIAN_POINT('',(57.46365841535,17.713491094848,
    33.923889215109));
#3748 = CARTESIAN_POINT('',(57.658342473233,17.543681701824,
    33.934761240218));
#3749 = CARTESIAN_POINT('',(57.763026023344,17.443078800086,
    33.940819933596));
#3750 = CARTESIAN_POINT('',(57.864264153595,17.335677783358,
    33.946845082775));
#3751 = CARTESIAN_POINT('',(57.961538656377,17.221363096877,
    33.952750298807));
#3752 = CARTESIAN_POINT('',(58.054239258823,17.100078422485,
    33.958445916997));
#3753 = CARTESIAN_POINT('',(58.210459734032,16.870984656411,
    33.968092579499));
#3754 = CARTESIAN_POINT('',(58.275979138875,16.76583057732,
    33.972156218862));
#3755 = CARTESIAN_POINT('',(58.337896342376,16.656415407,33.975993956962
    ));
#3756 = CARTESIAN_POINT('',(58.395823889222,16.542823613156,
    33.979563963941));
#3757 = CARTESIAN_POINT('',(58.449349188027,16.425222698865,
    33.982829118961));
#3758 = CARTESIAN_POINT('',(58.557104927075,16.156796857058,
    33.989315962089));
#3759 = CARTESIAN_POINT('',(58.609086063213,16.004188768533,
    33.992382048359));
#3760 = CARTESIAN_POINT('',(58.653229781669,15.846620425203,
    33.994907680336));
#3761 = CARTESIAN_POINT('',(58.688811461608,15.684863979376,
    33.996862876443));
#3762 = CARTESIAN_POINT('',(58.715221295172,15.519938943184,
    33.99825269978));
#3763 = CARTESIAN_POINT('',(58.732135115237,15.353178480704,
    33.999115658596));
#3764 = ORIENTED_EDGE('',*,*,#3765,.F.);
#3765 = EDGE_CURVE('',#1060,#3699,#3766,.T.);
#3766 = B_SPLINE_CURVE_WITH_KNOTS('',11,(#3767,#3768,#3769,#3770,#3771,
    #3772,#3773,#3774,#3775,#3776,#3777,#3778,#3779,#3780,#3781,#3782,
    #3783,#3784,#3785,#3786,#3787,#3788,#3789,#3790,#3791,#3792,#3793,
    #3794,#3795,#3796,#3797,#3798,#3799,#3800,#3801,#3802,#3803,#3804,
    #3805,#3806,#3807,#3808,#3809,#3810,#3811,#3812,#3813,#3814,#3815,
    #3816,#3817,#3818),.UNSPECIFIED.,.F.,.F.,(12,10,10,10,10,12),(
    -8.261136076178,-6.058182356489,-0.456185586482,5.145811183525,
    10.747807953532,16.349804723538),.UNSPECIFIED.);
#3767 = CARTESIAN_POINT('',(59.778119129174,30.152699129132,
    16.212933607527));
#3768 = CARTESIAN_POINT('',(59.754101802572,30.139439312472,
    16.411675439308));
#3769 = CARTESIAN_POINT('',(59.73008447597,30.126179495811,
    16.610417271089));
#3770 = CARTESIAN_POINT('',(59.706067149368,30.11291967915,
    16.80915910287));
#3771 = CARTESIAN_POINT('',(59.682049822765,30.099659862489,
    17.007900934651));
#3772 = CARTESIAN_POINT('',(59.658032496163,30.086400045828,
    17.206642766432));
#3773 = CARTESIAN_POINT('',(59.63401516956,30.073140229167,
    17.405384598214));
#3774 = CARTESIAN_POINT('',(59.609997842957,30.059880412506,
    17.604126429995));
#3775 = CARTESIAN_POINT('',(59.585980516354,30.046620595844,
    17.802868261776));
#3776 = CARTESIAN_POINT('',(59.561963189751,30.033360779183,
    18.001610093557));
#3777 = CARTESIAN_POINT('',(59.537945863147,30.020100962521,
    18.200351925338));
#3778 = CARTESIAN_POINT('',(59.452853723734,29.973122121513,
    18.904483902064));
#3779 = CARTESIAN_POINT('',(59.392186123206,29.933518076946,
    19.408459371057));
#3780 = CARTESIAN_POINT('',(59.331912115518,29.887664644349,
    19.911294230852));
#3781 = CARTESIAN_POINT('',(59.272033225257,29.835156694216,
    20.41316535243));
#3782 = CARTESIAN_POINT('',(59.212565938177,29.775541934627,
    20.914155266071));
#3783 = CARTESIAN_POINT('',(59.153541520525,29.708314511669,
    21.414255016849));
#3784 = CARTESIAN_POINT('',(59.095005834999,29.63290860809,
    21.913367019483));
#3785 = CARTESIAN_POINT('',(59.037019160918,29.548692044167,
    22.411307913997));
#3786 = CARTESIAN_POINT('',(58.979656010074,29.454959876309,
    22.907811420539));
#3787 = CARTESIAN_POINT('',(58.923004946229,29.350927997564,
    23.402531194921));
#3788 = CARTESIAN_POINT('',(58.81133185793,29.120525476055,
    24.387556172389));
#3789 = CARTESIAN_POINT('',(58.75630643734,28.994146431763,
    24.877886136143));
#3790 = CARTESIAN_POINT('',(58.702223886047,28.855737692134,
    25.365360767259));
#3791 = CARTESIAN_POINT('',(58.649112297302,28.704367594562,
    25.850125740222));
#3792 = CARTESIAN_POINT('',(58.597234050094,28.53839843499,
    26.330778255179));
#3793 = CARTESIAN_POINT('',(58.546749842545,28.358773978828,
    26.805519631864));
#3794 = CARTESIAN_POINT('',(58.497244747305,28.15935679585,
    27.280002910643));
#3795 = CARTESIAN_POINT('',(58.44991558663,27.944556958182,
    27.742543450885));
#3796 = CARTESIAN_POINT('',(58.404150594504,27.709011568154,
    28.199544538777));
#3797 = CARTESIAN_POINT('',(58.360462317667,27.452927348949,
    28.645742335246));
#3798 = CARTESIAN_POINT('',(58.277314981226,26.896669149486,
    29.513932170706));
#3799 = CARTESIAN_POINT('',(58.237868623653,26.596569158015,
    29.935793639608));
#3800 = CARTESIAN_POINT('',(58.200665594783,26.273227068491,
    30.34341480934));
#3801 = CARTESIAN_POINT('',(58.165841965409,25.9262621751,30.73372585759
    ));
#3802 = CARTESIAN_POINT('',(58.133416173797,25.555187800348,
    31.104289157268));
#3803 = CARTESIAN_POINT('',(58.103326070226,25.160174951458,
    31.4523865533));
#3804 = CARTESIAN_POINT('',(58.07548230331,24.742723843843,
    31.775101006801));
#3805 = CARTESIAN_POINT('',(58.049794682065,24.305485103515,
    32.070407618929));
#3806 = CARTESIAN_POINT('',(58.026186275023,23.851382117137,
    32.337796801282));
#3807 = CARTESIAN_POINT('',(58.004611221401,23.382911229934,
    32.577555106911));
#3808 = CARTESIAN_POINT('',(57.965461875675,22.423163383434,
    33.003498859275));
#3809 = CARTESIAN_POINT('',(57.947886179359,21.931832735766,
    33.189711733372));
#3810 = CARTESIAN_POINT('',(57.932266684391,21.431729679705,
    33.350102335113));
#3811 = CARTESIAN_POINT('',(57.918568340197,20.925297985246,
    33.486377205217));
#3812 = CARTESIAN_POINT('',(57.906735550985,20.414575521144,
    33.600658282385));
#3813 = CARTESIAN_POINT('',(57.896681598555,19.901136447023,
    33.695225785004));
#3814 = CARTESIAN_POINT('',(57.888290399477,19.386114461981,
    33.772345977844));
#3815 = CARTESIAN_POINT('',(57.88142524091,18.870280619309,
    33.834171415508));
#3816 = CARTESIAN_POINT('',(57.875939136719,18.354149216602,
    33.882701252815));
#3817 = CARTESIAN_POINT('',(57.871681447808,17.838085270725,
    33.919789213727));
#3818 = CARTESIAN_POINT('',(57.868495408921,17.32238708705,
    33.947186809319));
#3819 = ORIENTED_EDGE('',*,*,#1059,.T.);
#3820 = SURFACE_OF_LINEAR_EXTRUSION('',#3821,#3827);
#3821 = ( BOUNDED_CURVE() B_SPLINE_CURVE(3,(#3822,#3823,#3824,#3825,
#3826),.UNSPECIFIED.,.F.,.F.) B_SPLINE_CURVE_WITH_KNOTS((4,1,4),(0.,1.,
2.),.QUASI_UNIFORM_KNOTS.) CURVE() GEOMETRIC_REPRESENTATION_ITEM() 
RATIONAL_B_SPLINE_CURVE((1.,1.,0.981828416519,1.,1.)) 
REPRESENTATION_ITEM('') );
#3822 = CARTESIAN_POINT('',(-4.107825191113E-15,4.560602108309E-31,18.5)
  );
#3823 = CARTESIAN_POINT('',(-7.109462259676E-15,1.,33.018171583481));
#3824 = CARTESIAN_POINT('',(-4.440892098501E-15,15.,35.));
#3825 = CARTESIAN_POINT('',(-8.92213321775E-16,29.,33.018171583481));
#3826 = CARTESIAN_POINT('',(2.553512956638E-15,30.,18.5));
#3827 = VECTOR('',#3828,1.);
#3828 = DIRECTION('',(-1.,2.22044604925E-16,-2.22044604925E-16));
#3829 = ADVANCED_FACE('',(#3830),#3976,.T.);
#3830 = FACE_BOUND('',#3831,.F.);
#3831 = EDGE_LOOP('',(#3832,#3833,#3890,#3906,#3919,#3974,#3975));
#3832 = ORIENTED_EDGE('',*,*,#1195,.T.);
#3833 = ORIENTED_EDGE('',*,*,#3834,.F.);
#3834 = EDGE_CURVE('',#3835,#1196,#3837,.T.);
#3835 = VERTEX_POINT('',#3836);
#3836 = CARTESIAN_POINT('',(60.84383770213,12.835487280602,
    31.335257740872));
#3837 = B_SPLINE_CURVE_WITH_KNOTS('',11,(#3838,#3839,#3840,#3841,#3842,
    #3843,#3844,#3845,#3846,#3847,#3848,#3849,#3850,#3851,#3852,#3853,
    #3854,#3855,#3856,#3857,#3858,#3859,#3860,#3861,#3862,#3863,#3864,
    #3865,#3866,#3867,#3868,#3869,#3870,#3871,#3872,#3873,#3874,#3875,
    #3876,#3877,#3878,#3879,#3880,#3881,#3882,#3883,#3884,#3885,#3886,
    #3887,#3888,#3889),.UNSPECIFIED.,.F.,.F.,(12,10,10,10,10,12),(
    20.946846872058,26.548333439881,32.149820007704,37.751306575528,
    43.352793143351,45.554819342469),.UNSPECIFIED.);
#3838 = CARTESIAN_POINT('',(60.843837703384,12.835487281122,
    31.335257731154));
#3839 = CARTESIAN_POINT('',(60.847033299891,12.369728639286,
    31.310491856666));
#3840 = CARTESIAN_POINT('',(60.851311023719,11.911125198545,
    31.277339494919));
#3841 = CARTESIAN_POINT('',(60.856817185058,11.461704772941,
    31.234666741851));
#3842 = CARTESIAN_POINT('',(60.863727911687,11.020441259181,
    31.181108607077));
#3843 = CARTESIAN_POINT('',(60.872185667262,10.589146582461,
    31.115560997355));
#3844 = CARTESIAN_POINT('',(60.8823331234,10.169410678564,
    31.036918207154));
#3845 = CARTESIAN_POINT('',(60.894313789476,9.761802432162,
    30.94406803943));
#3846 = CARTESIAN_POINT('',(60.908240003282,9.367558068908,
    30.836139875489));
#3847 = CARTESIAN_POINT('',(60.924180619473,8.988770675467,
    30.712600092322));
#3848 = CARTESIAN_POINT('',(60.942192993366,8.625655296821,
    30.573004185835));
#3849 = CARTESIAN_POINT('',(60.982440315492,7.931941572735,
    30.261087419762));
#3850 = CARTESIAN_POINT('',(61.004675839854,7.601297672582,
    30.088762095023));
#3851 = CARTESIAN_POINT('',(61.02905450655,7.287473709399,
    29.899827416537));
#3852 = CARTESIAN_POINT('',(61.05555926597,6.9905623283,29.694415517499)
  );
#3853 = CARTESIAN_POINT('',(61.084308262665,6.70920713244,
    29.471610780059));
#3854 = CARTESIAN_POINT('',(61.115179137194,6.44341297127,
    29.232361486255));
#3855 = CARTESIAN_POINT('',(61.148257076674,6.191644948499,
    28.97600744023));
#3856 = CARTESIAN_POINT('',(61.183668962705,5.952162700873,
    28.701565305466));
#3857 = CARTESIAN_POINT('',(61.221129482267,5.726147097691,
    28.411246260991));
#3858 = CARTESIAN_POINT('',(61.260764960015,5.511715190685,
    28.104071288987));
#3859 = CARTESIAN_POINT('',(61.344013621611,5.106497469995,
    27.458894121078));
#3860 = CARTESIAN_POINT('',(61.387631098486,4.915663022804,
    27.120858653941));
#3861 = CARTESIAN_POINT('',(61.433178785678,4.736004015404,
    26.767864056256));
#3862 = CARTESIAN_POINT('',(61.480416896661,4.568137233212,
    26.401768672556));
#3863 = CARTESIAN_POINT('',(61.529202746364,4.410207174432,
    26.023678314455));
#3864 = CARTESIAN_POINT('',(61.580072953762,4.262809931001,
    25.62943418129));
#3865 = CARTESIAN_POINT('',(61.630870315154,4.127878959334,
    25.235754606651));
#3866 = CARTESIAN_POINT('',(61.684074702972,4.000128321759,
    24.823420574511));
#3867 = CARTESIAN_POINT('',(61.737706006646,3.883217844718,
    24.407777945193));
#3868 = CARTESIAN_POINT('',(61.79242334922,3.774887482604,
    23.983718513469));
#3869 = CARTESIAN_POINT('',(61.903554418454,3.575349585139,
    23.122452672761));
#3870 = CARTESIAN_POINT('',(61.959985298624,3.484092459864,
    22.685113323885));
#3871 = CARTESIAN_POINT('',(62.017214053766,3.400897293553,
    22.241590443744));
#3872 = CARTESIAN_POINT('',(62.075186125149,3.325339151928,
    21.792306862091));
#3873 = CARTESIAN_POINT('',(62.133859866114,3.25701803093,
    21.337585341208));
#3874 = CARTESIAN_POINT('',(62.193206541757,3.195558856728,
    20.877648575872));
#3875 = CARTESIAN_POINT('',(62.253210329285,3.140611485695,
    20.41261919338));
#3876 = CARTESIAN_POINT('',(62.313868317702,3.09185070444,19.94251975354
    ));
#3877 = CARTESIAN_POINT('',(62.375190508023,3.048976229776,
    19.467272748663));
#3878 = CARTESIAN_POINT('',(62.437199813166,3.011712708747,
    18.986700603583));
#3879 = CARTESIAN_POINT('',(62.52459301985,2.967268187132,
    18.309403209172));
#3880 = CARTESIAN_POINT('',(62.549445835899,2.954629086657,
    18.116793872674));
#3881 = CARTESIAN_POINT('',(62.574490506135,2.941892417185,
    17.92269766614));
#3882 = CARTESIAN_POINT('',(62.599727030556,2.929058178716,
    17.727114589569));
#3883 = CARTESIAN_POINT('',(62.625155409164,2.91612637125,
    17.530044642963));
#3884 = CARTESIAN_POINT('',(62.650775641958,2.903096994787,
    17.33148782632));
#3885 = CARTESIAN_POINT('',(62.676587728938,2.889970049327,
    17.131444139641));
#3886 = CARTESIAN_POINT('',(62.702591670105,2.87674553487,
    16.929913582926));
#3887 = CARTESIAN_POINT('',(62.728787465457,2.863423451416,
    16.726896156175));
#3888 = CARTESIAN_POINT('',(62.755175114995,2.850003798965,
    16.522391859388));
#3889 = CARTESIAN_POINT('',(62.78175461872,2.836486577517,
    16.316400692564));
#3890 = ORIENTED_EDGE('',*,*,#3891,.F.);
#3891 = EDGE_CURVE('',#3892,#3835,#3894,.T.);
#3892 = VERTEX_POINT('',#3893);
#3893 = CARTESIAN_POINT('',(60.820357918246,15.338884225317,
    31.517226077418));
#3894 = ( BOUNDED_CURVE() B_SPLINE_CURVE(10,(#3895,#3896,#3897,#3898,
    #3899,#3900,#3901,#3902,#3903,#3904,#3905),.UNSPECIFIED.,.F.,.F.) 
B_SPLINE_CURVE_WITH_KNOTS((11,11),(18.29745903061,20.946846872058),
.PIECEWISE_BEZIER_KNOTS.) CURVE() GEOMETRIC_REPRESENTATION_ITEM() 
RATIONAL_B_SPLINE_CURVE((1.,1.,1.,1.,0.999999999999,1.000000000001,
0.999999999999,1.,1.,1.,1.)) REPRESENTATION_ITEM('') );
#3895 = CARTESIAN_POINT('',(60.820357918228,15.338884225318,
    31.517226077557));
#3896 = CARTESIAN_POINT('',(60.819054775537,15.083924292589,
    31.527325434049));
#3897 = CARTESIAN_POINT('',(60.818828591216,14.827591576538,
    31.529078362651));
#3898 = CARTESIAN_POINT('',(60.819726361509,14.567090466127,
    31.522120642438));
#3899 = CARTESIAN_POINT('',(60.821703099073,14.315872017175,
    31.506800925356));
#3900 = CARTESIAN_POINT('',(60.824952640674,14.061965682021,
    31.481616976359));
#3901 = CARTESIAN_POINT('',(60.828813525387,13.813887307977,
    31.451695117958));
#3902 = CARTESIAN_POINT('',(60.833477174135,13.566173096408,
    31.415551837879));
#3903 = CARTESIAN_POINT('',(60.838033793575,13.320968663328,
    31.380238035006));
#3904 = CARTESIAN_POINT('',(60.842175103488,13.077810954876,
    31.348142881157));
#3905 = CARTESIAN_POINT('',(60.84383770213,12.835487280602,
    31.335257740872));
#3906 = ORIENTED_EDGE('',*,*,#3907,.F.);
#3907 = EDGE_CURVE('',#3908,#3892,#3910,.T.);
#3908 = VERTEX_POINT('',#3909);
#3909 = CARTESIAN_POINT('',(60.843840914308,17.164985644022,
    31.335232846494));
#3910 = ( BOUNDED_CURVE() B_SPLINE_CURVE(7,(#3911,#3912,#3913,#3914,
    #3915,#3916,#3917,#3918),.UNSPECIFIED.,.F.,.F.) 
B_SPLINE_CURVE_WITH_KNOTS((8,8),(16.349804723539,18.29745903061),
.PIECEWISE_BEZIER_KNOTS.) CURVE() GEOMETRIC_REPRESENTATION_ITEM() 
RATIONAL_B_SPLINE_CURVE((1.,1.,1.,1.,1.,1.,1.,1.)) REPRESENTATION_ITEM(
  '') );
#3911 = CARTESIAN_POINT('',(60.843840913109,17.164985644518,
    31.335232855783));
#3912 = CARTESIAN_POINT('',(60.842095146856,16.91062242581,
    31.348762545093));
#3913 = CARTESIAN_POINT('',(60.837492949759,16.655203886943,
    31.384429574838));
#3914 = CARTESIAN_POINT('',(60.832722596727,16.396827288668,
    31.421399813165));
#3915 = CARTESIAN_POINT('',(60.828056061186,16.135900531764,
    31.457565465881));
#3916 = CARTESIAN_POINT('',(60.824342860306,15.872398821087,
    31.486342774512));
#3917 = CARTESIAN_POINT('',(60.821726466968,15.606640854842,
    31.506619824152));
#3918 = CARTESIAN_POINT('',(60.820357918246,15.338884225317,
    31.517226077418));
#3919 = ORIENTED_EDGE('',*,*,#3920,.F.);
#3920 = EDGE_CURVE('',#1043,#3908,#3921,.T.);
#3921 = B_SPLINE_CURVE_WITH_KNOTS('',11,(#3922,#3923,#3924,#3925,#3926,
    #3927,#3928,#3929,#3930,#3931,#3932,#3933,#3934,#3935,#3936,#3937,
    #3938,#3939,#3940,#3941,#3942,#3943,#3944,#3945,#3946,#3947,#3948,
    #3949,#3950,#3951,#3952,#3953,#3954,#3955,#3956,#3957,#3958,#3959,
    #3960,#3961,#3962,#3963,#3964,#3965,#3966,#3967,#3968,#3969,#3970,
    #3971,#3972,#3973),.UNSPECIFIED.,.F.,.F.,(12,10,10,10,10,12),(
    -8.261136076178,-6.058182356489,-0.456185586482,5.145811183525,
    10.747807953532,16.349804723538),.UNSPECIFIED.);
#3922 = CARTESIAN_POINT('',(62.781754526178,27.163524320965,
    16.316401409764));
#3923 = CARTESIAN_POINT('',(62.755179960765,27.150008474059,
    16.522354304681));
#3924 = CARTESIAN_POINT('',(62.728796263693,27.136589702958,
    16.726827969853));
#3925 = CARTESIAN_POINT('',(62.702603434964,27.123268007659,
    16.929822405281));
#3926 = CARTESIAN_POINT('',(62.676601474576,27.110043388164,
    17.131337610963));
#3927 = CARTESIAN_POINT('',(62.650790382531,27.096915844473,
    17.331373586901));
#3928 = CARTESIAN_POINT('',(62.625170158827,27.083885376585,
    17.529930333094));
#3929 = CARTESIAN_POINT('',(62.599740803465,27.070951984501,
    17.727007849542));
#3930 = CARTESIAN_POINT('',(62.574502316446,27.05811566822,
    17.922606136245));
#3931 = CARTESIAN_POINT('',(62.549454697768,27.045376427742,
    18.116725193204));
#3932 = CARTESIAN_POINT('',(62.524597947432,27.032734263068,
    18.309365020417));
#3933 = CARTESIAN_POINT('',(62.437208009992,26.988287665462,
    18.98663707815));
#3934 = CARTESIAN_POINT('',(62.375195588869,26.951026777929,
    19.467233372204));
#3935 = CARTESIAN_POINT('',(62.313864344131,26.908148100424,
    19.942550548471));
#3936 = CARTESIAN_POINT('',(62.253196222476,26.859375650127,
    20.412728521606));
#3937 = CARTESIAN_POINT('',(62.19318529404,26.804413515066,
    20.877813245111));
#3938 = CARTESIAN_POINT('',(62.13383747352,26.742943497611,
    21.337758884391));
#3939 = CARTESIAN_POINT('',(62.075170237735,26.674622756427,
    21.792429989129));
#3940 = CARTESIAN_POINT('',(62.017212347633,26.599081450354,
    22.241603666514));
#3941 = CARTESIAN_POINT('',(61.960003565745,26.515920380312,
    22.684971753591));
#3942 = CARTESIAN_POINT('',(61.903594377475,26.424708632872,
    23.122142990355));
#3943 = CARTESIAN_POINT('',(61.792497042007,26.225253812476,
    23.983147394304));
#3944 = CARTESIAN_POINT('',(61.737798070921,26.116973766066,
    24.407064447161));
#3945 = CARTESIAN_POINT('',(61.684116174298,25.99999968973,
    24.823099171393));
#3946 = CARTESIAN_POINT('',(61.631013257689,25.87239237971,
    25.234646802451));
#3947 = CARTESIAN_POINT('',(61.580055480356,25.737330151911,
    25.629569599573));
#3948 = CARTESIAN_POINT('',(61.529267643363,25.589833065997,
    26.023175363254));
#3949 = CARTESIAN_POINT('',(61.480462305787,25.432056050238,
    26.401416751383));
#3950 = CARTESIAN_POINT('',(61.43325713131,25.264278749107,
    26.767256877816));
#3951 = CARTESIAN_POINT('',(61.387689507955,25.084567815265,
    27.120405980436));
#3952 = CARTESIAN_POINT('',(61.344079272609,24.893791005821,
    27.458385325821));
#3953 = CARTESIAN_POINT('',(61.260829233561,24.488628971492,
    28.10357316899));
#3954 = CARTESIAN_POINT('',(61.221204869505,24.274334437101,
    28.410662009744));
#3955 = CARTESIAN_POINT('',(61.183650703845,24.047690943553,
    28.701706811983));
#3956 = CARTESIAN_POINT('',(61.148332640977,23.808923770283,
    28.975421816212));
#3957 = CARTESIAN_POINT('',(61.115227130543,23.556955551834,
    29.231989538596));
#3958 = CARTESIAN_POINT('',(61.084310069633,23.290838165779,
    29.471596775273));
#3959 = CARTESIAN_POINT('',(61.055602700802,23.009875619799,
    29.694078898074));
#3960 = CARTESIAN_POINT('',(61.029081652847,22.712896902912,
    29.899617032447));
#3961 = CARTESIAN_POINT('',(61.004683614893,22.398785584201,
    30.088701838567));
#3962 = CARTESIAN_POINT('',(60.98245693164,22.068305351355,
    30.260958644594));
#3963 = CARTESIAN_POINT('',(60.942208426249,21.374650026093,
    30.572884580984));
#3964 = CARTESIAN_POINT('',(60.92419011816,21.011501610135,
    30.712526477504));
#3965 = CARTESIAN_POINT('',(60.908245837913,20.632513847815,
    30.836094657072));
#3966 = CARTESIAN_POINT('',(60.894322285371,20.238559514478,
    30.944002196251));
#3967 = CARTESIAN_POINT('',(60.882338010118,19.830837711551,
    31.036880335092));
#3968 = CARTESIAN_POINT('',(60.872183701014,19.410721467382,
    31.11557623578));
#3969 = CARTESIAN_POINT('',(60.863727219587,18.979572763852,
    31.181113970829));
#3970 = CARTESIAN_POINT('',(60.85682106722,18.538579772584,
    31.234636655121));
#3971 = CARTESIAN_POINT('',(60.851309973493,18.088671083304,
    31.277347634157));
#3972 = CARTESIAN_POINT('',(60.847036295243,17.630561708046,
    31.310468642693));
#3973 = CARTESIAN_POINT('',(60.843840914308,17.164985644022,
    31.335232846494));
#3974 = ORIENTED_EDGE('',*,*,#1040,.F.);
#3975 = ORIENTED_EDGE('',*,*,#1173,.F.);
#3976 = PLANE('',#3977);
#3977 = AXIS2_PLACEMENT_3D('',#3978,#3979,#3980);
#3978 = CARTESIAN_POINT('',(60.5,-8.104628057559E-15,34.0000001));
#3979 = DIRECTION('',(0.991777867656,-1.918035814493E-16,0.127971329712)
  );
#3980 = DIRECTION('',(-0.127971329712,2.486342681447E-16,0.991777867656)
  );
#3981 = ADVANCED_FACE('',(#3982),#3993,.F.);
#3982 = FACE_BOUND('',#3983,.F.);
#3983 = EDGE_LOOP('',(#3984,#3985,#3986,#3992));
#3984 = ORIENTED_EDGE('',*,*,#1122,.T.);
#3985 = ORIENTED_EDGE('',*,*,#3920,.T.);
#3986 = ORIENTED_EDGE('',*,*,#3987,.F.);
#3987 = EDGE_CURVE('',#3699,#3908,#3988,.T.);
#3988 = ( BOUNDED_CURVE() B_SPLINE_CURVE(2,(#3989,#3990,#3991),
.UNSPECIFIED.,.F.,.F.) B_SPLINE_CURVE_WITH_KNOTS((3,3),(0.,
22.407987080028),.PIECEWISE_BEZIER_KNOTS.) CURVE() 
GEOMETRIC_REPRESENTATION_ITEM() RATIONAL_B_SPLINE_CURVE((1.,
0.750929801524,1.)) REPRESENTATION_ITEM('') );
#3989 = CARTESIAN_POINT('',(57.868495408921,17.32238708705,
    33.947186809319));
#3990 = CARTESIAN_POINT('',(60.506692354491,17.304551773187,
    33.948134349434));
#3991 = CARTESIAN_POINT('',(60.843840914308,17.164985644022,
    31.335232846494));
#3992 = ORIENTED_EDGE('',*,*,#3765,.F.);
#3993 = ( BOUNDED_SURFACE() B_SPLINE_SURFACE(2,11,(
    (#3994,#3995,#3996,#3997,#3998,#3999,#4000,#4001,#4002,#4003,#4004
      ,#4005,#4006,#4007,#4008,#4009,#4010,#4011,#4012,#4013,#4014,#4015
      ,#4016,#4017,#4018,#4019,#4020,#4021,#4022,#4023,#4024,#4025,#4026
      ,#4027,#4028,#4029,#4030,#4031,#4032,#4033,#4034,#4035,#4036,#4037
      ,#4038,#4039,#4040,#4041,#4042,#4043,#4044,#4045)
    ,(#4046,#4047,#4048,#4049,#4050,#4051,#4052,#4053,#4054,#4055,#4056
      ,#4057,#4058,#4059,#4060,#4061,#4062,#4063,#4064,#4065,#4066,#4067
      ,#4068,#4069,#4070,#4071,#4072,#4073,#4074,#4075,#4076,#4077,#4078
      ,#4079,#4080,#4081,#4082,#4083,#4084,#4085,#4086,#4087,#4088,#4089
      ,#4090,#4091,#4092,#4093,#4094,#4095,#4096,#4097)
    ,(#4098,#4099,#4100,#4101,#4102,#4103,#4104,#4105,#4106,#4107,#4108
      ,#4109,#4110,#4111,#4112,#4113,#4114,#4115,#4116,#4117,#4118,#4119
      ,#4120,#4121,#4122,#4123,#4124,#4125,#4126,#4127,#4128,#4129,#4130
      ,#4131,#4132,#4133,#4134,#4135,#4136,#4137,#4138,#4139,#4140,#4141
      ,#4142,#4143,#4144,#4145,#4146,#4147,#4148,#4149
)),.UNSPECIFIED.,.F.,.F.,.F.) B_SPLINE_SURFACE_WITH_KNOTS((3,3),(12,10,
    10,10,10,12),(0.,22.407987080028),(-8.261136076178,-6.058182356489,
    -0.456185586482,5.145811183525,10.747807953532,16.349804723538),
.UNSPECIFIED.) GEOMETRIC_REPRESENTATION_ITEM() RATIONAL_B_SPLINE_SURFACE
((
    (1.,1.,1.,1.,1.,1.,1.,1.,1.,1.,1.,1.,1.,1.,1.,1.,1.,1.,1.,1.,1.,1.
      ,1.,1.,1.,1.,1.,1.,1.,1.,1.,1.,1.,1.,1.,1.,1.,1.,1.,1.,1.,1.,1.,1.
      ,1.,1.,1.,1.,1.,1.,1.,1.)
    ,(0.710113537542,0.709924201209,0.709772732143,0.709659130343
      ,0.70958339581,0.709545528543,0.709545528543,0.70958339581
      ,0.709659130343,0.709772732143,0.709924201209,0.710595009992
      ,0.71110227512,0.711637794033,0.71220432306,0.71280492864
      ,0.713443002252,0.714122275284,0.714846833976,0.715621134287
      ,0.716450016828,0.718227426663,0.719175928418,0.720189123813
      ,0.721272132263,0.722433779273,0.723665715574,0.72500306087
      ,0.726409897872,0.727909959909,0.729483650511,0.73274803512
      ,0.734438263562,0.736169858621,0.737913237287,0.739634917966
      ,0.741288965721,0.742824312804,0.744203131067,0.745410824101
      ,0.746447257273,0.748195850151,0.748908236017,0.749468070191
      ,0.74989625905,0.750217138466,0.750453708713,0.750625442421
      ,0.750747885789,0.750833273192,0.750891375397,0.750929801524)
    ,(1.,1.,1.,1.,1.,1.,1.,1.,1.,1.,1.,1.,1.,1.,1.,1.,1.,1.,1.,1.,1.,1.
      ,1.,1.,1.,1.,1.,1.,1.,1.,1.,1.,1.,1.,1.,1.,1.,1.,1.,1.,1.,1.,1.,1.
,1.,1.,1.,1.,1.,1.,1.,1.))) REPRESENTATION_ITEM('') SURFACE() );
#3994 = CARTESIAN_POINT('',(59.778119129174,30.152699129132,
    16.212933607527));
#3995 = CARTESIAN_POINT('',(59.754101802572,30.139439312472,
    16.411675439308));
#3996 = CARTESIAN_POINT('',(59.73008447597,30.126179495811,
    16.610417271089));
#3997 = CARTESIAN_POINT('',(59.706067149368,30.11291967915,
    16.80915910287));
#3998 = CARTESIAN_POINT('',(59.682049822765,30.099659862489,
    17.007900934651));
#3999 = CARTESIAN_POINT('',(59.658032496163,30.086400045828,
    17.206642766432));
#4000 = CARTESIAN_POINT('',(59.63401516956,30.073140229167,
    17.405384598214));
#4001 = CARTESIAN_POINT('',(59.609997842957,30.059880412506,
    17.604126429995));
#4002 = CARTESIAN_POINT('',(59.585980516354,30.046620595844,
    17.802868261776));
#4003 = CARTESIAN_POINT('',(59.561963189751,30.033360779183,
    18.001610093557));
#4004 = CARTESIAN_POINT('',(59.537945863147,30.020100962521,
    18.200351925338));
#4005 = CARTESIAN_POINT('',(59.452853723734,29.973122121513,
    18.904483902064));
#4006 = CARTESIAN_POINT('',(59.392186123206,29.933518076946,
    19.408459371057));
#4007 = CARTESIAN_POINT('',(59.331912115518,29.887664644349,
    19.911294230852));
#4008 = CARTESIAN_POINT('',(59.272033225257,29.835156694216,
    20.41316535243));
#4009 = CARTESIAN_POINT('',(59.212565938177,29.775541934627,
    20.914155266071));
#4010 = CARTESIAN_POINT('',(59.153541520525,29.708314511669,
    21.414255016849));
#4011 = CARTESIAN_POINT('',(59.095005834999,29.63290860809,
    21.913367019483));
#4012 = CARTESIAN_POINT('',(59.037019160918,29.548692044167,
    22.411307913997));
#4013 = CARTESIAN_POINT('',(58.979656010074,29.454959876309,
    22.907811420539));
#4014 = CARTESIAN_POINT('',(58.923004946229,29.350927997564,
    23.402531194921));
#4015 = CARTESIAN_POINT('',(58.81133185793,29.120525476055,
    24.387556172389));
#4016 = CARTESIAN_POINT('',(58.75630643734,28.994146431763,
    24.877886136143));
#4017 = CARTESIAN_POINT('',(58.702223886047,28.855737692134,
    25.365360767259));
#4018 = CARTESIAN_POINT('',(58.649112297302,28.704367594562,
    25.850125740222));
#4019 = CARTESIAN_POINT('',(58.597234050094,28.53839843499,
    26.330778255179));
#4020 = CARTESIAN_POINT('',(58.546749842545,28.358773978828,
    26.805519631864));
#4021 = CARTESIAN_POINT('',(58.497244747305,28.15935679585,
    27.280002910643));
#4022 = CARTESIAN_POINT('',(58.44991558663,27.944556958182,
    27.742543450885));
#4023 = CARTESIAN_POINT('',(58.404150594504,27.709011568154,
    28.199544538777));
#4024 = CARTESIAN_POINT('',(58.360462317667,27.452927348949,
    28.645742335246));
#4025 = CARTESIAN_POINT('',(58.277314981226,26.896669149486,
    29.513932170706));
#4026 = CARTESIAN_POINT('',(58.237868623653,26.596569158015,
    29.935793639608));
#4027 = CARTESIAN_POINT('',(58.200665594783,26.273227068491,
    30.34341480934));
#4028 = CARTESIAN_POINT('',(58.165841965409,25.9262621751,30.73372585759
    ));
#4029 = CARTESIAN_POINT('',(58.133416173797,25.555187800348,
    31.104289157268));
#4030 = CARTESIAN_POINT('',(58.103326070226,25.160174951458,
    31.4523865533));
#4031 = CARTESIAN_POINT('',(58.07548230331,24.742723843843,
    31.775101006801));
#4032 = CARTESIAN_POINT('',(58.049794682065,24.305485103515,
    32.070407618929));
#4033 = CARTESIAN_POINT('',(58.026186275023,23.851382117137,
    32.337796801282));
#4034 = CARTESIAN_POINT('',(58.004611221401,23.382911229934,
    32.577555106911));
#4035 = CARTESIAN_POINT('',(57.965461875675,22.423163383434,
    33.003498859275));
#4036 = CARTESIAN_POINT('',(57.947886179359,21.931832735766,
    33.189711733372));
#4037 = CARTESIAN_POINT('',(57.932266684391,21.431729679705,
    33.350102335113));
#4038 = CARTESIAN_POINT('',(57.918568340197,20.925297985246,
    33.486377205217));
#4039 = CARTESIAN_POINT('',(57.906735550985,20.414575521144,
    33.600658282385));
#4040 = CARTESIAN_POINT('',(57.896681598555,19.901136447023,
    33.695225785004));
#4041 = CARTESIAN_POINT('',(57.888290399477,19.386114461981,
    33.772345977844));
#4042 = CARTESIAN_POINT('',(57.88142524091,18.870280619309,
    33.834171415508));
#4043 = CARTESIAN_POINT('',(57.875939136719,18.354149216602,
    33.882701252815));
#4044 = CARTESIAN_POINT('',(57.871681447808,17.838085270725,
    33.919789213727));
#4045 = CARTESIAN_POINT('',(57.868495408921,17.32238708705,
    33.947186809319));
#4046 = CARTESIAN_POINT('',(62.745854392468,30.144852712884,
    16.594627463517));
#4047 = CARTESIAN_POINT('',(62.720304865711,30.130043419256,
    16.792636308339));
#4048 = CARTESIAN_POINT('',(62.694732152882,30.115220686266,
    16.990824845232));
#4049 = CARTESIAN_POINT('',(62.669140332798,30.100386878122,
    17.189161463355));
#4050 = CARTESIAN_POINT('',(62.643533493444,30.085544364345,
    17.387614480838));
#4051 = CARTESIAN_POINT('',(62.617915729792,30.070695518509,
    17.586152161629));
#4052 = CARTESIAN_POINT('',(62.592291141626,30.055842716974,
    17.784742732404));
#4053 = CARTESIAN_POINT('',(62.566663831353,30.040988337622,
    17.983354399512));
#4054 = CARTESIAN_POINT('',(62.541037901813,30.026134758584,
    18.181955365942));
#4055 = CARTESIAN_POINT('',(62.51541745409,30.011284356978,
    18.380513848288));
#4056 = CARTESIAN_POINT('',(62.489806585326,29.996439507631,
    18.57899809369));
#4057 = CARTESIAN_POINT('',(62.399178488743,29.94390866798,
    19.281365886392));
#4058 = CARTESIAN_POINT('',(62.334343390823,29.900139671983,
    19.783837926876));
#4059 = CARTESIAN_POINT('',(62.269671916835,29.849914681056,
    20.285041881818));
#4060 = CARTESIAN_POINT('',(62.205144536778,29.792811117661,
    20.785129108708));
#4061 = CARTESIAN_POINT('',(62.14075411311,29.728358169574,
    21.284154923535));
#4062 = CARTESIAN_POINT('',(62.076505648498,29.656030370399,
    21.78208055559));
#4063 = CARTESIAN_POINT('',(62.012416033313,29.575241354328,
    22.27877510453));
#4064 = CARTESIAN_POINT('',(61.948513790918,29.485337811991,
    22.774017514228));
#4065 = CARTESIAN_POINT('',(61.884838818636,29.385593678714,
    23.267498580466));
#4066 = CARTESIAN_POINT('',(61.821442121789,29.275204590204,
    23.758823011929));
#4067 = CARTESIAN_POINT('',(61.695485001515,29.031662423509,
    24.734990755462));
#4068 = CARTESIAN_POINT('',(61.632939931607,28.898596351803,
    25.219715077741));
#4069 = CARTESIAN_POINT('',(61.570849722894,28.753252198339,
    25.700914225535));
#4070 = CARTESIAN_POINT('',(61.509187670612,28.594655700582,
    26.178795160776));
#4071 = CARTESIAN_POINT('',(61.448198425198,28.421320400912,
    26.651461842476));
#4072 = CARTESIAN_POINT('',(61.388045064325,28.234115887101,
    27.117650418553));
#4073 = CARTESIAN_POINT('',(61.328110783666,28.026991234695,
    27.582141122885));
#4074 = CARTESIAN_POINT('',(61.269838449179,27.804594775161,
    28.033751743568));
#4075 = CARTESIAN_POINT('',(61.212457037142,27.561625035021,
    28.478457714823));
#4076 = CARTESIAN_POINT('',(61.15663892649,27.298615818373,
    28.911048099594));
#4077 = CARTESIAN_POINT('',(61.0487002033,26.731370098106,29.74757325693
    ));
#4078 = CARTESIAN_POINT('',(60.9965967694,26.427485119058,
    30.151374895059));
#4079 = CARTESIAN_POINT('',(60.946479153805,26.101722687285,
    30.539786440351));
#4080 = CARTESIAN_POINT('',(60.898707562976,25.754061995888,
    30.91001629257));
#4081 = CARTESIAN_POINT('',(60.85354217672,25.384264148133,
    31.260048058063));
#4082 = CARTESIAN_POINT('',(60.811257185983,24.992720971143,
    31.587756756898));
#4083 = CARTESIAN_POINT('',(60.772138207059,24.580981028615,
    31.890928862622));
#4084 = CARTESIAN_POINT('',(60.736365603616,24.151410714699,
    32.168166556753));
#4085 = CARTESIAN_POINT('',(60.703958147236,23.706451944858,
    32.419324359493));
#4086 = CARTESIAN_POINT('',(60.674865906995,23.248258887096,
    32.644789235541));
#4087 = CARTESIAN_POINT('',(60.6231443252,22.311426914011,
    33.045631519664));
#4088 = CARTESIAN_POINT('',(60.600474829069,21.832384249979,
    33.221320125733));
#4089 = CARTESIAN_POINT('',(60.580856655713,21.344413879188,
    33.373360978804));
#4090 = CARTESIAN_POINT('',(60.564104075778,20.849612335805,
    33.50319348147));
#4091 = CARTESIAN_POINT('',(60.54998618083,20.349789451785,
    33.612607174204));
#4092 = CARTESIAN_POINT('',(60.538250554802,19.846399333286,
    33.703558281633));
#4093 = CARTESIAN_POINT('',(60.528640759936,19.340531623101,
    33.778034196534));
#4094 = CARTESIAN_POINT('',(60.520908105889,18.832953257945,
    33.837962269169));
#4095 = CARTESIAN_POINT('',(60.514817831043,18.324187257042,
    33.885161902195));
#4096 = CARTESIAN_POINT('',(60.510149628075,17.814610953725,
    33.921340477471));
#4097 = CARTESIAN_POINT('',(60.506692354491,17.304551773187,
    33.948134349434));
#4098 = CARTESIAN_POINT('',(62.781754526178,27.163524320965,
    16.316401409764));
#4099 = CARTESIAN_POINT('',(62.755179960765,27.150008474059,
    16.522354304681));
#4100 = CARTESIAN_POINT('',(62.728796263693,27.136589702958,
    16.726827969853));
#4101 = CARTESIAN_POINT('',(62.702603434964,27.123268007659,
    16.929822405281));
#4102 = CARTESIAN_POINT('',(62.676601474576,27.110043388164,
    17.131337610963));
#4103 = CARTESIAN_POINT('',(62.650790382531,27.096915844473,
    17.331373586901));
#4104 = CARTESIAN_POINT('',(62.625170158827,27.083885376585,
    17.529930333094));
#4105 = CARTESIAN_POINT('',(62.599740803465,27.070951984501,
    17.727007849542));
#4106 = CARTESIAN_POINT('',(62.574502316446,27.05811566822,
    17.922606136245));
#4107 = CARTESIAN_POINT('',(62.549454697768,27.045376427742,
    18.116725193204));
#4108 = CARTESIAN_POINT('',(62.524597947432,27.032734263068,
    18.309365020417));
#4109 = CARTESIAN_POINT('',(62.437208009992,26.988287665462,
    18.98663707815));
#4110 = CARTESIAN_POINT('',(62.375195588869,26.951026777929,
    19.467233372204));
#4111 = CARTESIAN_POINT('',(62.313864344131,26.908148100424,
    19.942550548471));
#4112 = CARTESIAN_POINT('',(62.253196222476,26.859375650127,
    20.412728521606));
#4113 = CARTESIAN_POINT('',(62.19318529404,26.804413515066,
    20.877813245111));
#4114 = CARTESIAN_POINT('',(62.13383747352,26.742943497611,
    21.337758884391));
#4115 = CARTESIAN_POINT('',(62.075170237735,26.674622756427,
    21.792429989129));
#4116 = CARTESIAN_POINT('',(62.017212347633,26.599081450354,
    22.241603666514));
#4117 = CARTESIAN_POINT('',(61.960003565745,26.515920380312,
    22.684971753591));
#4118 = CARTESIAN_POINT('',(61.903594377475,26.424708632872,
    23.122142990355));
#4119 = CARTESIAN_POINT('',(61.792497042007,26.225253812476,
    23.983147394304));
#4120 = CARTESIAN_POINT('',(61.737798070921,26.116973766066,
    24.407064447161));
#4121 = CARTESIAN_POINT('',(61.684116174298,25.99999968973,
    24.823099171393));
#4122 = CARTESIAN_POINT('',(61.631013257689,25.87239237971,
    25.234646802451));
#4123 = CARTESIAN_POINT('',(61.580055480356,25.737330151911,
    25.629569599573));
#4124 = CARTESIAN_POINT('',(61.529267643363,25.589833065997,
    26.023175363254));
#4125 = CARTESIAN_POINT('',(61.480462305787,25.432056050238,
    26.401416751383));
#4126 = CARTESIAN_POINT('',(61.43325713131,25.264278749107,
    26.767256877816));
#4127 = CARTESIAN_POINT('',(61.387689507955,25.084567815265,
    27.120405980436));
#4128 = CARTESIAN_POINT('',(61.344079272609,24.893791005821,
    27.458385325821));
#4129 = CARTESIAN_POINT('',(61.260829233561,24.488628971492,
    28.10357316899));
#4130 = CARTESIAN_POINT('',(61.221204869505,24.274334437101,
    28.410662009744));
#4131 = CARTESIAN_POINT('',(61.183650703845,24.047690943553,
    28.701706811983));
#4132 = CARTESIAN_POINT('',(61.148332640977,23.808923770283,
    28.975421816212));
#4133 = CARTESIAN_POINT('',(61.115227130543,23.556955551834,
    29.231989538596));
#4134 = CARTESIAN_POINT('',(61.084310069633,23.290838165779,
    29.471596775273));
#4135 = CARTESIAN_POINT('',(61.055602700802,23.009875619799,
    29.694078898074));
#4136 = CARTESIAN_POINT('',(61.029081652847,22.712896902912,
    29.899617032447));
#4137 = CARTESIAN_POINT('',(61.004683614893,22.398785584201,
    30.088701838567));
#4138 = CARTESIAN_POINT('',(60.98245693164,22.068305351355,
    30.260958644594));
#4139 = CARTESIAN_POINT('',(60.942208426249,21.374650026093,
    30.572884580984));
#4140 = CARTESIAN_POINT('',(60.92419011816,21.011501610135,
    30.712526477504));
#4141 = CARTESIAN_POINT('',(60.908245837913,20.632513847815,
    30.836094657072));
#4142 = CARTESIAN_POINT('',(60.894322285371,20.238559514478,
    30.944002196251));
#4143 = CARTESIAN_POINT('',(60.882338010118,19.830837711551,
    31.036880335092));
#4144 = CARTESIAN_POINT('',(60.872183701014,19.410721467382,
    31.11557623578));
#4145 = CARTESIAN_POINT('',(60.863727219587,18.979572763852,
    31.181113970829));
#4146 = CARTESIAN_POINT('',(60.85682106722,18.538579772584,
    31.234636655121));
#4147 = CARTESIAN_POINT('',(60.851309973493,18.088671083304,
    31.277347634157));
#4148 = CARTESIAN_POINT('',(60.847036295243,17.630561708046,
    31.310468642693));
#4149 = CARTESIAN_POINT('',(60.843840914308,17.164985644022,
    31.335232846494));
#4150 = ADVANCED_FACE('',(#4151),#4162,.F.);
#4151 = FACE_BOUND('',#4152,.F.);
#4152 = EDGE_LOOP('',(#4153,#4159,#4160,#4161));
#4153 = ORIENTED_EDGE('',*,*,#4154,.T.);
#4154 = EDGE_CURVE('',#3530,#3835,#4155,.T.);
#4155 = ( BOUNDED_CURVE() B_SPLINE_CURVE(2,(#4156,#4157,#4158),
.UNSPECIFIED.,.F.,.F.) B_SPLINE_CURVE_WITH_KNOTS((3,3),(0.,
2.649387841448),.PIECEWISE_BEZIER_KNOTS.) CURVE() 
GEOMETRIC_REPRESENTATION_ITEM() RATIONAL_B_SPLINE_CURVE((1.,
0.750929797996,1.)) REPRESENTATION_ITEM('') );
#4156 = CARTESIAN_POINT('',(57.868495375887,12.677612873258,
    33.947186816956));
#4157 = CARTESIAN_POINT('',(60.506691986009,12.695501777862,
    33.948137205166));
#4158 = CARTESIAN_POINT('',(60.84383770213,12.835487280602,
    31.335257740872));
#4159 = ORIENTED_EDGE('',*,*,#3834,.T.);
#4160 = ORIENTED_EDGE('',*,*,#1277,.F.);
#4161 = ORIENTED_EDGE('',*,*,#3529,.F.);
#4162 = ( BOUNDED_SURFACE() B_SPLINE_SURFACE(2,11,(
    (#4163,#4164,#4165,#4166,#4167,#4168,#4169,#4170,#4171,#4172,#4173
      ,#4174,#4175,#4176,#4177,#4178,#4179,#4180,#4181,#4182,#4183,#4184
      ,#4185,#4186,#4187,#4188,#4189,#4190,#4191,#4192,#4193,#4194,#4195
      ,#4196,#4197,#4198,#4199,#4200,#4201,#4202,#4203,#4204,#4205,#4206
      ,#4207,#4208,#4209,#4210,#4211,#4212,#4213,#4214)
    ,(#4215,#4216,#4217,#4218,#4219,#4220,#4221,#4222,#4223,#4224,#4225
      ,#4226,#4227,#4228,#4229,#4230,#4231,#4232,#4233,#4234,#4235,#4236
      ,#4237,#4238,#4239,#4240,#4241,#4242,#4243,#4244,#4245,#4246,#4247
      ,#4248,#4249,#4250,#4251,#4252,#4253,#4254,#4255,#4256,#4257,#4258
      ,#4259,#4260,#4261,#4262,#4263,#4264,#4265,#4266)
    ,(#4267,#4268,#4269,#4270,#4271,#4272,#4273,#4274,#4275,#4276,#4277
      ,#4278,#4279,#4280,#4281,#4282,#4283,#4284,#4285,#4286,#4287,#4288
      ,#4289,#4290,#4291,#4292,#4293,#4294,#4295,#4296,#4297,#4298,#4299
      ,#4300,#4301,#4302,#4303,#4304,#4305,#4306,#4307,#4308,#4309,#4310
      ,#4311,#4312,#4313,#4314,#4315,#4316,#4317,#4318
)),.UNSPECIFIED.,.F.,.F.,.F.) B_SPLINE_SURFACE_WITH_KNOTS((3,3),(12,10,
    10,10,10,12),(0.,22.405946271293),(20.946846872058,26.548333439881,
    32.149820007704,37.751306575528,43.352793143351,45.554819342469),
.UNSPECIFIED.) GEOMETRIC_REPRESENTATION_ITEM() RATIONAL_B_SPLINE_SURFACE
((
    (1.,1.,1.,1.,1.,1.,1.,1.,1.,1.,1.,1.,1.,1.,1.,1.,1.,1.,1.,1.,1.,1.
      ,1.,1.,1.,1.,1.,1.,1.,1.,1.,1.,1.,1.,1.,1.,1.,1.,1.,1.,1.,1.,1.,1.
      ,1.,1.,1.,1.,1.,1.,1.,1.)
    ,(0.750929798115,0.750891374356,0.750833274326,0.750747876772
      ,0.750625560151,0.750453730423,0.750217039761,0.749896402061
      ,0.749468508345,0.748908513112,0.748196401133,0.746448105535
      ,0.74541213876,0.744203122395,0.742826911167,0.741289590019
      ,0.739636240359,0.737916984939,0.736170557686,0.73444099119
      ,0.732750657268,0.729486094317,0.727911954926,0.726412427489
      ,0.725002065942,0.723671654914,0.722429968193,0.72127690273
      ,0.720189716187,0.719177474691,0.718228717881,0.716451073258
      ,0.715622011536,0.714847560037,0.714122912953,0.713443609034
      ,0.712805531584,0.712204908466,0.7116383121,0.711102659463
      ,0.710595212088,0.709924237911,0.709772767386,0.709659164492
      ,0.70958342923,0.709545561598,0.709545561598,0.70958342923
      ,0.709659164492,0.709772767386,0.709924237911,0.710113576067)
    ,(1.,1.,1.,1.,1.,1.,1.,1.,1.,1.,1.,1.,1.,1.,1.,1.,1.,1.,1.,1.,1.,1.
      ,1.,1.,1.,1.,1.,1.,1.,1.,1.,1.,1.,1.,1.,1.,1.,1.,1.,1.,1.,1.,1.,1.
,1.,1.,1.,1.,1.,1.,1.,1.))) REPRESENTATION_ITEM('') SURFACE() );
#4163 = CARTESIAN_POINT('',(57.868495378215,12.677612873786,
    33.947186807238));
#4164 = CARTESIAN_POINT('',(57.8716811735,12.161953377479,
    33.919791266329));
#4165 = CARTESIAN_POINT('',(57.87593872771,11.645956075152,
    33.882704236042));
#4166 = CARTESIAN_POINT('',(57.881422648743,11.129842289056,
    33.83419108322));
#4167 = CARTESIAN_POINT('',(57.88828987333,10.61392116196,
    33.772358713142));
#4168 = CARTESIAN_POINT('',(57.896682093297,10.098891022259,
    33.695223246844));
#4169 = CARTESIAN_POINT('',(57.906732822267,9.585583817069,
    33.600671985165));
#4170 = CARTESIAN_POINT('',(57.91856170306,9.074996376669,
    33.486438904851));
#4171 = CARTESIAN_POINT('',(57.93225839478,8.568593680524,
    33.350197967544));
#4172 = CARTESIAN_POINT('',(57.947875871189,8.068490091635,
    33.189810666882));
#4173 = CARTESIAN_POINT('',(57.96544820287,7.57721471206,33.003643492121
    ));
#4174 = CARTESIAN_POINT('',(58.00459358092,6.617478464919,32.57775120702
    ));
#4175 = CARTESIAN_POINT('',(58.026162892665,6.14907111344,
    32.338070100976));
#4176 = CARTESIAN_POINT('',(58.049790552115,5.694605276343,
    32.070438346545));
#4177 = CARTESIAN_POINT('',(58.075436882845,5.257955762657,
    31.775635113062));
#4178 = CARTESIAN_POINT('',(58.103315042393,4.84005251034,
    31.452515158019));
#4179 = CARTESIAN_POINT('',(58.133388907396,4.445122090268,
    31.10459149392));
#4180 = CARTESIAN_POINT('',(58.165772909458,4.074532811376,
    30.734521968906));
#4181 = CARTESIAN_POINT('',(58.200650781459,3.726883202572,
    30.343576704921));
#4182 = CARTESIAN_POINT('',(58.237810651298,3.403957982944,
    29.936431274553));
#4183 = CARTESIAN_POINT('',(58.277253139316,3.103795469499,
    29.514591601381));
#4184 = CARTESIAN_POINT('',(58.360395086023,2.54747153767,
    28.646430534281));
#4185 = CARTESIAN_POINT('',(58.404091875205,2.291302414004,
    28.200135767143));
#4186 = CARTESIAN_POINT('',(58.449821051175,2.055822109112,
    27.743447921981));
#4187 = CARTESIAN_POINT('',(58.497297215774,1.840521575115,
    27.279529317407));
#4188 = CARTESIAN_POINT('',(58.54650342783,1.64205729224,26.807831636268
    ));
#4189 = CARTESIAN_POINT('',(58.597394195231,1.461079815806,
    26.329279111703));
#4190 = CARTESIAN_POINT('',(58.648912486816,1.296308127022,
    25.851997357116));
#4191 = CARTESIAN_POINT('',(58.702181469339,1.144339327247,
    25.365729154679));
#4192 = CARTESIAN_POINT('',(58.756224790399,1.006065669717,
    24.878623228482));
#4193 = CARTESIAN_POINT('',(58.811256302439,0.879645795906,
    24.388228679926));
#4194 = CARTESIAN_POINT('',(58.922933945335,0.64920335861,
    23.403152415474));
#4195 = CARTESIAN_POINT('',(58.979589480216,0.545126108504,
    22.908384017929));
#4196 = CARTESIAN_POINT('',(59.036957188314,0.451359176149,
    22.411833743638));
#4197 = CARTESIAN_POINT('',(59.094947473382,0.367131954447,
    21.913859200741));
#4198 = CARTESIAN_POINT('',(59.153485683345,0.291736879966,
    21.414727216964));
#4199 = CARTESIAN_POINT('',(59.212512110016,0.224529432984,
    20.914613839599));
#4200 = CARTESIAN_POINT('',(59.271981989408,0.164928137428,
    20.413604335516));
#4201 = CARTESIAN_POINT('',(59.331865501468,0.112414560941,
    19.911693191166));
#4202 = CARTESIAN_POINT('',(59.392147770248,6.653331482345E-02,
    19.408784112562));
#4203 = CARTESIAN_POINT('',(59.452828863826,2.68920540748E-02,
    18.904690025306));
#4204 = CARTESIAN_POINT('',(59.537941104015,-2.00985050863E-02,
    18.200391251802));
#4205 = CARTESIAN_POINT('',(59.561958413701,-3.335848754219E-02,
    18.001649429039));
#4206 = CARTESIAN_POINT('',(59.585975723387,-4.661846999808E-02,
    17.802907606275));
#4207 = CARTESIAN_POINT('',(59.609993033073,-5.987845245397E-02,
    17.604165783511));
#4208 = CARTESIAN_POINT('',(59.634010342759,-7.313843490986E-02,
    17.405423960747));
#4209 = CARTESIAN_POINT('',(59.658027652446,-8.639841736575E-02,
    17.206682137984));
#4210 = CARTESIAN_POINT('',(59.682044962132,-9.965839982164E-02,
    17.00794031522));
#4211 = CARTESIAN_POINT('',(59.706062271818,-0.112918382278,
    16.809198492456));
#4212 = CARTESIAN_POINT('',(59.730079581504,-0.126178364733,
    16.610456669693));
#4213 = CARTESIAN_POINT('',(59.75409689119,-0.139438347189,
    16.411714846929));
#4214 = CARTESIAN_POINT('',(59.778114200876,-0.152698329645,
    16.212973024165));
#4215 = CARTESIAN_POINT('',(60.506691987385,12.695501778433,
    33.948137194505));
#4216 = CARTESIAN_POINT('',(60.510149053028,12.185456173351,
    33.921344934089));
#4217 = CARTESIAN_POINT('',(60.514817653377,11.675883086343,
    33.885163279107));
#4218 = CARTESIAN_POINT('',(60.520905350355,11.167188108341,
    33.837983624563));
#4219 = CARTESIAN_POINT('',(60.528639478221,10.659501264147,
    33.778044129824));
#4220 = CARTESIAN_POINT('',(60.538251136866,10.153610153375,
    33.703553770645));
#4221 = CARTESIAN_POINT('',(60.549983986903,9.650380468074,
    33.612624177133));
#4222 = CARTESIAN_POINT('',(60.564096158307,9.150690104398,
    33.503254841874));
#4223 = CARTESIAN_POINT('',(60.580845440512,8.655881784898,
    33.373447896617));
#4224 = CARTESIAN_POINT('',(60.60046270826,8.167934497719,33.22141406201
    ));
#4225 = CARTESIAN_POINT('',(60.623126550084,7.688944761126,
    33.045769276825));
#4226 = CARTESIAN_POINT('',(60.674842306354,6.752118809916,
    32.644972140524));
#4227 = CARTESIAN_POINT('',(60.70392684431,6.293968895158,32.41956695718
    ));
#4228 = CARTESIAN_POINT('',(60.736359355264,5.848707570289,
    32.168214981477));
#4229 = CARTESIAN_POINT('',(60.772074060929,5.419687034114,
    31.891425995165));
#4230 = CARTESIAN_POINT('',(60.811242170672,5.007493355224,
    31.587873125564));
#4231 = CARTESIAN_POINT('',(60.853503666736,4.61605621713,
    31.260346510464));
#4232 = CARTESIAN_POINT('',(60.898610228519,4.246734657701,
    30.910770634654));
#4233 = CARTESIAN_POINT('',(60.94646168416,3.898371405243,
    30.539921830115));
#4234 = CARTESIAN_POINT('',(60.996516920838,3.573055526389,
    30.151993721455));
#4235 = CARTESIAN_POINT('',(61.048618424578,3.269102219325,
    29.748207042067));
#4236 = CARTESIAN_POINT('',(61.156553117924,2.701792440946,
    28.911713116018));
#4237 = CARTESIAN_POINT('',(61.212383023936,2.438697581697,
    28.479031317213));
#4238 = CARTESIAN_POINT('',(61.269725198318,2.195797640801,
    28.034629437794));
#4239 = CARTESIAN_POINT('',(61.328165943986,1.972894180771,
    27.581713630383));
#4240 = CARTESIAN_POINT('',(61.38776185672,1.766720595962,
    27.119845277633));
#4241 = CARTESIAN_POINT('',(61.44838059507,1.578162337395,
    26.650050025885));
#4242 = CARTESIAN_POINT('',(61.508953370222,1.406036777725,
    26.180610988908));
#4243 = CARTESIAN_POINT('',(61.570802273393,1.246832570763,
    25.701281959193));
#4244 = CARTESIAN_POINT('',(61.632845689174,1.101626650639,
    25.22044545664));
#4245 = CARTESIAN_POINT('',(61.695399200512,0.968517927485,
    24.735655713277));
#4246 = CARTESIAN_POINT('',(61.821363439729,0.724933186288,
    23.759432797934));
#4247 = CARTESIAN_POINT('',(61.884766455437,0.614494138976,
    23.268059395286));
#4248 = CARTESIAN_POINT('',(61.948447479586,0.514712008597,
    22.774531427093));
#4249 = CARTESIAN_POINT('',(62.012354102134,0.424797736788,
    22.27925507119));
#4250 = CARTESIAN_POINT('',(62.076446322061,0.344022350055,
    21.78254033551));
#4251 = CARTESIAN_POINT('',(62.14069649604,0.271718567531,
    21.284601455848));
#4252 = CARTESIAN_POINT('',(62.205089269483,0.207282208385,
    20.785557430274));
#4253 = CARTESIAN_POINT('',(62.269621492917,0.150173420037,
    20.285432667207));
#4254 = CARTESIAN_POINT('',(62.334302126195,9.991774622649E-02,
    19.784157727765));
#4255 = CARTESIAN_POINT('',(62.399152132724,5.610705336209E-02,
    19.281570145554));
#4256 = CARTESIAN_POINT('',(62.489801518273,3.563258087572E-03,
    18.579037363354));
#4257 = CARTESIAN_POINT('',(62.515412350094,-1.128174384872E-02,
    18.380553404257));
#4258 = CARTESIAN_POINT('',(62.541032769797,-2.61323032824E-02,
    18.181995139068));
#4259 = CARTESIAN_POINT('',(62.566658680209,-4.098604533772E-02,
    17.983394320881));
#4260 = CARTESIAN_POINT('',(62.592285980213,-5.584059285235E-02,
    17.784782733361));
#4261 = CARTESIAN_POINT('',(62.617910566931,-7.069356764488E-02,
    17.586192173802));
#4262 = CARTESIAN_POINT('',(62.643528337919,-8.554259178361E-02,
    17.387654436156));
#4263 = CARTESIAN_POINT('',(62.669135193352,-0.100385288855,
    17.189201294072));
#4264 = CARTESIAN_POINT('',(62.69472703821,-0.115219285234,
    16.990864483947));
#4265 = CARTESIAN_POINT('',(62.720299784463,-0.130042211342,
    16.792675688018));
#4266 = CARTESIAN_POINT('',(62.745849353243,-0.144851702914,
    16.594666517514));
#4267 = CARTESIAN_POINT('',(60.843837703384,12.835487281122,
    31.335257731154));
#4268 = CARTESIAN_POINT('',(60.847033299891,12.369728639286,
    31.310491856666));
#4269 = CARTESIAN_POINT('',(60.851311023719,11.911125198545,
    31.277339494919));
#4270 = CARTESIAN_POINT('',(60.856817185058,11.461704772941,
    31.234666741851));
#4271 = CARTESIAN_POINT('',(60.863727911687,11.020441259181,
    31.181108607077));
#4272 = CARTESIAN_POINT('',(60.872185667262,10.589146582461,
    31.115560997355));
#4273 = CARTESIAN_POINT('',(60.8823331234,10.169410678564,
    31.036918207154));
#4274 = CARTESIAN_POINT('',(60.894313789476,9.761802432162,
    30.94406803943));
#4275 = CARTESIAN_POINT('',(60.908240003282,9.367558068908,
    30.836139875489));
#4276 = CARTESIAN_POINT('',(60.924180619473,8.988770675467,
    30.712600092322));
#4277 = CARTESIAN_POINT('',(60.942192993366,8.625655296821,
    30.573004185835));
#4278 = CARTESIAN_POINT('',(60.982440315492,7.931941572735,
    30.261087419762));
#4279 = CARTESIAN_POINT('',(61.004675839854,7.601297672582,
    30.088762095023));
#4280 = CARTESIAN_POINT('',(61.02905450655,7.287473709399,
    29.899827416537));
#4281 = CARTESIAN_POINT('',(61.05555926597,6.9905623283,29.694415517499)
  );
#4282 = CARTESIAN_POINT('',(61.084308262665,6.70920713244,
    29.471610780059));
#4283 = CARTESIAN_POINT('',(61.115179137194,6.44341297127,
    29.232361486255));
#4284 = CARTESIAN_POINT('',(61.148257076674,6.191644948499,
    28.97600744023));
#4285 = CARTESIAN_POINT('',(61.183668962705,5.952162700873,
    28.701565305466));
#4286 = CARTESIAN_POINT('',(61.221129482267,5.726147097691,
    28.411246260991));
#4287 = CARTESIAN_POINT('',(61.260764960015,5.511715190685,
    28.104071288987));
#4288 = CARTESIAN_POINT('',(61.344013621611,5.106497469995,
    27.458894121078));
#4289 = CARTESIAN_POINT('',(61.387631098486,4.915663022804,
    27.120858653941));
#4290 = CARTESIAN_POINT('',(61.433178785678,4.736004015404,
    26.767864056256));
#4291 = CARTESIAN_POINT('',(61.480416896661,4.568137233212,
    26.401768672556));
#4292 = CARTESIAN_POINT('',(61.529202746364,4.410207174432,
    26.023678314455));
#4293 = CARTESIAN_POINT('',(61.580072953762,4.262809931001,
    25.62943418129));
#4294 = CARTESIAN_POINT('',(61.630870315154,4.127878959334,
    25.235754606651));
#4295 = CARTESIAN_POINT('',(61.684074702972,4.000128321759,
    24.823420574511));
#4296 = CARTESIAN_POINT('',(61.737706006646,3.883217844718,
    24.407777945193));
#4297 = CARTESIAN_POINT('',(61.79242334922,3.774887482604,
    23.983718513469));
#4298 = CARTESIAN_POINT('',(61.903554418454,3.575349585139,
    23.122452672761));
#4299 = CARTESIAN_POINT('',(61.959985298624,3.484092459864,
    22.685113323885));
#4300 = CARTESIAN_POINT('',(62.017214053766,3.400897293553,
    22.241590443744));
#4301 = CARTESIAN_POINT('',(62.075186125149,3.325339151928,
    21.792306862091));
#4302 = CARTESIAN_POINT('',(62.133859866114,3.25701803093,
    21.337585341208));
#4303 = CARTESIAN_POINT('',(62.193206541757,3.195558856728,
    20.877648575872));
#4304 = CARTESIAN_POINT('',(62.253210329285,3.140611485695,
    20.41261919338));
#4305 = CARTESIAN_POINT('',(62.313868317702,3.09185070444,19.94251975354
    ));
#4306 = CARTESIAN_POINT('',(62.375190508023,3.048976229776,
    19.467272748663));
#4307 = CARTESIAN_POINT('',(62.437199813166,3.011712708747,
    18.986700603583));
#4308 = CARTESIAN_POINT('',(62.52459301985,2.967268187132,
    18.309403209172));
#4309 = CARTESIAN_POINT('',(62.549445835899,2.954629086657,
    18.116793872674));
#4310 = CARTESIAN_POINT('',(62.574490506135,2.941892417185,
    17.92269766614));
#4311 = CARTESIAN_POINT('',(62.599727030556,2.929058178716,
    17.727114589569));
#4312 = CARTESIAN_POINT('',(62.625155409164,2.91612637125,
    17.530044642963));
#4313 = CARTESIAN_POINT('',(62.650775641958,2.903096994787,
    17.33148782632));
#4314 = CARTESIAN_POINT('',(62.676587728938,2.889970049327,
    17.131444139641));
#4315 = CARTESIAN_POINT('',(62.702591670105,2.87674553487,
    16.929913582926));
#4316 = CARTESIAN_POINT('',(62.728787465457,2.863423451416,
    16.726896156175));
#4317 = CARTESIAN_POINT('',(62.755175114995,2.850003798965,
    16.522391859388));
#4318 = CARTESIAN_POINT('',(62.78175461872,2.836486577517,
    16.316400692564));
#4319 = ADVANCED_FACE('',(#4320),#4336,.F.);
#4320 = FACE_BOUND('',#4321,.F.);
#4321 = EDGE_LOOP('',(#4322,#4323,#4324,#4335));
#4322 = ORIENTED_EDGE('',*,*,#2201,.T.);
#4323 = ORIENTED_EDGE('',*,*,#2157,.T.);
#4324 = ORIENTED_EDGE('',*,*,#4325,.T.);
#4325 = EDGE_CURVE('',#2158,#1343,#4326,.T.);
#4326 = B_SPLINE_CURVE_WITH_KNOTS('',7,(#4327,#4328,#4329,#4330,#4331,
    #4332,#4333,#4334),.UNSPECIFIED.,.F.,.F.,(8,8),(0.,51.710159881956),
  .PIECEWISE_BEZIER_KNOTS.);
#4327 = CARTESIAN_POINT('',(41.192837754278,1.999385702752,
    19.463633824906));
#4328 = CARTESIAN_POINT('',(41.200852459201,1.603114014977,
    19.476862227323));
#4329 = CARTESIAN_POINT('',(41.289341321912,1.170225125794,
    19.444447566185));
#4330 = CARTESIAN_POINT('',(41.478690569351,0.730270488413,
    19.351223532174));
#4331 = CARTESIAN_POINT('',(41.798716380896,0.350510135798,
    19.172776991979));
#4332 = CARTESIAN_POINT('',(42.169360025096,0.123885217721,
    18.949267965271));
#4333 = CARTESIAN_POINT('',(42.5329038982,1.509459832014E-02,
    18.719145968396));
#4334 = CARTESIAN_POINT('',(42.864161678853,-1.356818261927E-14,18.5));
#4335 = ORIENTED_EDGE('',*,*,#1342,.T.);
#4336 = B_SPLINE_SURFACE_WITH_KNOTS('',8,8,(
    (#4337,#4338,#4339,#4340,#4341,#4342,#4343,#4344,#4345)
    ,(#4346,#4347,#4348,#4349,#4350,#4351,#4352,#4353,#4354)
    ,(#4355,#4356,#4357,#4358,#4359,#4360,#4361,#4362,#4363)
    ,(#4364,#4365,#4366,#4367,#4368,#4369,#4370,#4371,#4372)
    ,(#4373,#4374,#4375,#4376,#4377,#4378,#4379,#4380,#4381)
    ,(#4382,#4383,#4384,#4385,#4386,#4387,#4388,#4389,#4390)
    ,(#4391,#4392,#4393,#4394,#4395,#4396,#4397,#4398,#4399)
    ,(#4400,#4401,#4402,#4403,#4404,#4405,#4406,#4407,#4408)
    ,(#4409,#4410,#4411,#4412,#4413,#4414,#4415,#4416,#4417
  )),.UNSPECIFIED.,.F.,.F.,.F.,(9,9),(9,9),(-2.354604610652,
    1.95307572801),(-1.626935296526,1.647145286396),
  .PIECEWISE_BEZIER_KNOTS.);
#4337 = CARTESIAN_POINT('',(37.541236232096,0.896559729041,
    18.743658640301));
#4338 = CARTESIAN_POINT('',(37.688646445521,0.534049128744,
    18.595929792893));
#4339 = CARTESIAN_POINT('',(37.911043596591,0.304659416076,
    18.31493579272));
#4340 = CARTESIAN_POINT('',(38.221238750368,0.230876137945,
    17.878189161862));
#4341 = CARTESIAN_POINT('',(38.452875395417,1.772147519893E-02,
    17.580965782993));
#4342 = CARTESIAN_POINT('',(38.828182937036,6.002021059141E-02,
    17.028116735008));
#4343 = CARTESIAN_POINT('',(39.084116999397,-0.110565856715,
    16.688250756985));
#4344 = CARTESIAN_POINT('',(39.467146826001,-5.480284507268E-02,
    16.121962104081));
#4345 = CARTESIAN_POINT('',(39.979390906917,0.230053067622,
    15.326288443412));
#4346 = CARTESIAN_POINT('',(38.219786597919,1.373340023283,
    18.625824652889));
#4347 = CARTESIAN_POINT('',(38.335136626027,0.953974333268,
    18.535004730383));
#4348 = CARTESIAN_POINT('',(38.526063916131,0.668685062173,
    18.309933252939));
#4349 = CARTESIAN_POINT('',(38.826216551835,0.577701382227,
    17.890537791312));
#4350 = CARTESIAN_POINT('',(38.945139138815,0.162993942138,
    17.794784469123));
#4351 = CARTESIAN_POINT('',(39.370762221702,0.29668151175,
    17.150803527999));
#4352 = CARTESIAN_POINT('',(39.479238021078,-0.136796778985,
    17.073853231524));
#4353 = CARTESIAN_POINT('',(39.843035274693,-0.115022212102,
    16.541614419813));
#4354 = CARTESIAN_POINT('',(40.336449440718,0.136374074161,
    15.779421968489));
#4355 = CARTESIAN_POINT('',(38.878598834695,1.815100120973,
    18.543057878961));
#4356 = CARTESIAN_POINT('',(38.955265262767,1.327118739175,
    18.520910600222));
#4357 = CARTESIAN_POINT('',(38.958829039935,0.709260191572,
    18.628714990126));
#4358 = CARTESIAN_POINT('',(39.905217631471,1.765480367285,
    17.061159054736));
#4359 = CARTESIAN_POINT('',(38.814825440846,-0.796028256196,
    19.113827841062));
#4360 = CARTESIAN_POINT('',(40.188918847808,1.021855751794,
    16.78456950368));
#4361 = CARTESIAN_POINT('',(39.955216698822,-1.911082338529E-02,
    17.315516661112));
#4362 = CARTESIAN_POINT('',(40.179510143547,-0.245152081326,
    17.031274087658));
#4363 = CARTESIAN_POINT('',(40.679887123586,1.854887744102E-02,
    16.256719303481));
#4364 = CARTESIAN_POINT('',(39.548406912807,2.276265258997,
    18.440827185864));
#4365 = CARTESIAN_POINT('',(39.619421955001,1.778403819444,
    18.428578993273));
#4366 = CARTESIAN_POINT('',(40.549456354341,2.805251143185,
    16.890088191333));
#4367 = CARTESIAN_POINT('',(37.913193146212,-2.497454825081,
    21.687217455344));
#4368 = CARTESIAN_POINT('',(42.396202316772,4.833803820164,
    13.839751490274));
#4369 = CARTESIAN_POINT('',(39.118178081535,-1.610104643335,
    19.777185070463));
#4370 = CARTESIAN_POINT('',(40.261497437849,-0.201287666092,
    17.857237870036));
#4371 = CARTESIAN_POINT('',(40.834013889102,0.189384143753,
    16.955677400932));
#4372 = CARTESIAN_POINT('',(41.202704272994,0.219268449909,
    16.415303283811));
#4373 = CARTESIAN_POINT('',(40.278111010808,2.843600669297,18.2324536646
    ));
#4374 = CARTESIAN_POINT('',(40.209207852945,2.097105753385,
    18.46912148122));
#4375 = CARTESIAN_POINT('',(38.73773140631,-1.136217276452,
    21.194659896855));
#4376 = CARTESIAN_POINT('',(44.129677849624,7.803798363356,
    11.73619373379));
#4377 = CARTESIAN_POINT('',(35.785176715253,-7.622093107799,
    26.664458563431));
#4378 = CARTESIAN_POINT('',(43.273603831714,5.040467069878,
    13.480989194512));
#4379 = CARTESIAN_POINT('',(40.80664194215,3.649323105277E-02,
    17.978923001348));
#4380 = CARTESIAN_POINT('',(40.787336738079,-0.620626355557,
    18.126082868475));
#4381 = CARTESIAN_POINT('',(41.422790761044,-0.11734966514,
    17.111465794404));
#4382 = CARTESIAN_POINT('',(40.643093302421,2.764468098184,
    18.671053310861));
#4383 = CARTESIAN_POINT('',(40.655405913074,2.162399492982,
    18.763106023463));
#4384 = CARTESIAN_POINT('',(42.112991221196,4.12236026202,
    16.291020942324));
#4385 = CARTESIAN_POINT('',(36.618344408156,-6.243891907982,
    26.155517316417));
#4386 = CARTESIAN_POINT('',(46.681840340248,10.977825013522,
    8.408712942265));
#4387 = CARTESIAN_POINT('',(37.006343234031,-6.806292834209,
    25.697537439443));
#4388 = CARTESIAN_POINT('',(41.57962187316,0.682526921175,17.6909924282)
  );
#4389 = CARTESIAN_POINT('',(41.711225936964,0.291502950449,
    17.572120901152));
#4390 = CARTESIAN_POINT('',(42.093551694207,0.345656311478,
    17.00756395049));
#4391 = CARTESIAN_POINT('',(41.107654194743,2.861600225148,
    18.933181796815));
#4392 = CARTESIAN_POINT('',(41.079496970762,2.18741912061,
    19.097435342482));
#4393 = CARTESIAN_POINT('',(40.34948021741,0.269551532297,
    20.506445974151));
#4394 = CARTESIAN_POINT('',(43.63252463734,5.467114430741,
    14.793271315615));
#4395 = CARTESIAN_POINT('',(37.416966044768,-6.179594037928,
    25.9411057013));
#4396 = CARTESIAN_POINT('',(45.065921172502,6.762715599265,
    12.474854747303));
#4397 = CARTESIAN_POINT('',(40.459331806977,-2.03207377007,
    20.768483926366));
#4398 = CARTESIAN_POINT('',(41.769920969949,-0.331242229936,
    18.555217868268));
#4399 = CARTESIAN_POINT('',(42.412089854826,0.183809282082,
    17.528877121904));
#4400 = CARTESIAN_POINT('',(41.359166088102,2.58092324081,
    19.573515520726));
#4401 = CARTESIAN_POINT('',(41.32763460124,1.900812701555,19.74368487857
    ));
#4402 = CARTESIAN_POINT('',(41.375422635056,1.361678187378,
    19.772593481573));
#4403 = CARTESIAN_POINT('',(41.49921069998,0.957637322078,
    19.667008368935));
#4404 = CARTESIAN_POINT('',(41.917066536567,1.0746502959,19.038077404508
    ));
#4405 = CARTESIAN_POINT('',(41.632583976045,-5.384259627065E-02,
    19.658619969821));
#4406 = CARTESIAN_POINT('',(42.377801937682,0.644055277439,
    18.448263536751));
#4407 = CARTESIAN_POINT('',(42.288739435133,-0.137809193796,
    18.720879151733));
#4408 = CARTESIAN_POINT('',(42.785238678838,0.118853973756,
    17.953231257356));
#4409 = CARTESIAN_POINT('',(41.589108062659,2.262038448558,
    20.252152851873));
#4410 = CARTESIAN_POINT('',(41.561549442379,1.588967700606,
    20.415273972749));
#4411 = CARTESIAN_POINT('',(41.627322854284,1.081656662923,
    20.412419314986));
#4412 = CARTESIAN_POINT('',(41.733031561164,0.645490419668,
    20.338590916912));
#4413 = CARTESIAN_POINT('',(42.165683460755,0.788846792658,
    19.684113232325));
#4414 = CARTESIAN_POINT('',(41.979107604012,-0.166002411215,
    20.129829798158));
#4415 = CARTESIAN_POINT('',(42.598670019706,0.309016828116,
    19.143333603745));
#4416 = CARTESIAN_POINT('',(42.696088612762,-0.142096239011,
    19.084605953027));
#4417 = CARTESIAN_POINT('',(43.135427535635,1.319914808166E-02,
    18.418489507745));
#4418 = ADVANCED_FACE('',(#4419),#4444,.T.);
#4419 = FACE_BOUND('',#4420,.T.);
#4420 = EDGE_LOOP('',(#4421,#4422,#4430,#4438));
#4421 = ORIENTED_EDGE('',*,*,#1427,.T.);
#4422 = ORIENTED_EDGE('',*,*,#4423,.T.);
#4423 = EDGE_CURVE('',#1428,#4424,#4426,.T.);
#4424 = VERTEX_POINT('',#4425);
#4425 = CARTESIAN_POINT('',(-14.8,-0.6,14.2));
#4426 = LINE('',#4427,#4428);
#4427 = CARTESIAN_POINT('',(-14.8,-0.6,10.8));
#4428 = VECTOR('',#4429,1.);
#4429 = DIRECTION('',(0.,0.,1.));
#4430 = ORIENTED_EDGE('',*,*,#4431,.F.);
#4431 = EDGE_CURVE('',#4432,#4424,#4434,.T.);
#4432 = VERTEX_POINT('',#4433);
#4433 = CARTESIAN_POINT('',(-14.8,-27.,14.2));
#4434 = LINE('',#4435,#4436);
#4435 = CARTESIAN_POINT('',(-14.8,-7.347880794884E-17,14.2));
#4436 = VECTOR('',#4437,1.);
#4437 = DIRECTION('',(0.,1.,0.));
#4438 = ORIENTED_EDGE('',*,*,#4439,.F.);
#4439 = EDGE_CURVE('',#1420,#4432,#4440,.T.);
#4440 = LINE('',#4441,#4442);
#4441 = CARTESIAN_POINT('',(-14.8,-27.,14.));
#4442 = VECTOR('',#4443,1.);
#4443 = DIRECTION('',(0.,0.,1.));
#4444 = PLANE('',#4445);
#4445 = AXIS2_PLACEMENT_3D('',#4446,#4447,#4448);
#4446 = CARTESIAN_POINT('',(-14.8,-13.8,12.5));
#4447 = DIRECTION('',(1.,0.,0.));
#4448 = DIRECTION('',(0.,0.,1.));
#4449 = ADVANCED_FACE('',(#4450),#4469,.F.);
#4450 = FACE_BOUND('',#4451,.T.);
#4451 = EDGE_LOOP('',(#4452,#4453,#4462,#4468));
#4452 = ORIENTED_EDGE('',*,*,#4439,.T.);
#4453 = ORIENTED_EDGE('',*,*,#4454,.F.);
#4454 = EDGE_CURVE('',#4455,#4432,#4457,.T.);
#4455 = VERTEX_POINT('',#4456);
#4456 = CARTESIAN_POINT('',(-13.,-28.8,14.2));
#4457 = CIRCLE('',#4458,1.8);
#4458 = AXIS2_PLACEMENT_3D('',#4459,#4460,#4461);
#4459 = CARTESIAN_POINT('',(-13.,-27.,14.2));
#4460 = DIRECTION('',(-0.,-0.,-1.));
#4461 = DIRECTION('',(0.,-1.,0.));
#4462 = ORIENTED_EDGE('',*,*,#4463,.F.);
#4463 = EDGE_CURVE('',#1452,#4455,#4464,.T.);
#4464 = LINE('',#4465,#4466);
#4465 = CARTESIAN_POINT('',(-13.,-28.8,10.8));
#4466 = VECTOR('',#4467,1.);
#4467 = DIRECTION('',(0.,0.,1.));
#4468 = ORIENTED_EDGE('',*,*,#1451,.T.);
#4469 = CYLINDRICAL_SURFACE('',#4470,1.8);
#4470 = AXIS2_PLACEMENT_3D('',#4471,#4472,#4473);
#4471 = CARTESIAN_POINT('',(-13.,-27.,10.8));
#4472 = DIRECTION('',(0.,0.,1.));
#4473 = DIRECTION('',(0.,-1.,0.));
#4474 = ADVANCED_FACE('',(#4475),#4516,.T.);
#4475 = FACE_BOUND('',#4476,.T.);
#4476 = EDGE_LOOP('',(#4477,#4485,#4486,#4494,#4502,#4508,#4509,#4510));
#4477 = ORIENTED_EDGE('',*,*,#4478,.F.);
#4478 = EDGE_CURVE('',#1509,#4479,#4481,.T.);
#4479 = VERTEX_POINT('',#4480);
#4480 = CARTESIAN_POINT('',(13.,-28.8,14.2));
#4481 = LINE('',#4482,#4483);
#4482 = CARTESIAN_POINT('',(13.,-28.8,10.8));
#4483 = VECTOR('',#4484,1.);
#4484 = DIRECTION('',(-2.22044604925E-16,2.465190328816E-32,1.));
#4485 = ORIENTED_EDGE('',*,*,#1508,.T.);
#4486 = ORIENTED_EDGE('',*,*,#4487,.T.);
#4487 = EDGE_CURVE('',#1501,#4488,#4490,.T.);
#4488 = VERTEX_POINT('',#4489);
#4489 = CARTESIAN_POINT('',(4.5,-28.8,12.4));
#4490 = LINE('',#4491,#4492);
#4491 = CARTESIAN_POINT('',(4.5,-28.8,10.8));
#4492 = VECTOR('',#4493,1.);
#4493 = DIRECTION('',(0.,-4.440892098501E-16,1.));
#4494 = ORIENTED_EDGE('',*,*,#4495,.F.);
#4495 = EDGE_CURVE('',#4496,#4488,#4498,.T.);
#4496 = VERTEX_POINT('',#4497);
#4497 = CARTESIAN_POINT('',(-4.5,-28.8,12.4));
#4498 = LINE('',#4499,#4500);
#4499 = CARTESIAN_POINT('',(-4.5,-28.8,12.4));
#4500 = VECTOR('',#4501,1.);
#4501 = DIRECTION('',(1.,0.,0.));
#4502 = ORIENTED_EDGE('',*,*,#4503,.F.);
#4503 = EDGE_CURVE('',#1477,#4496,#4504,.T.);
#4504 = LINE('',#4505,#4506);
#4505 = CARTESIAN_POINT('',(-4.5,-28.8,10.8));
#4506 = VECTOR('',#4507,1.);
#4507 = DIRECTION('',(0.,-4.440892098501E-16,1.));
#4508 = ORIENTED_EDGE('',*,*,#1476,.T.);
#4509 = ORIENTED_EDGE('',*,*,#4463,.T.);
#4510 = ORIENTED_EDGE('',*,*,#4511,.F.);
#4511 = EDGE_CURVE('',#4479,#4455,#4512,.T.);
#4512 = LINE('',#4513,#4514);
#4513 = CARTESIAN_POINT('',(-16.,-28.8,14.2));
#4514 = VECTOR('',#4515,1.);
#4515 = DIRECTION('',(-1.,0.,0.));
#4516 = PLANE('',#4517);
#4517 = AXIS2_PLACEMENT_3D('',#4518,#4519,#4520);
#4518 = CARTESIAN_POINT('',(-4.350261647511E-15,-28.8,12.5));
#4519 = DIRECTION('',(0.,1.,0.));
#4520 = DIRECTION('',(0.,0.,1.));
#4521 = ADVANCED_FACE('',(#4522),#4540,.F.);
#4522 = FACE_BOUND('',#4523,.T.);
#4523 = EDGE_LOOP('',(#4524,#4532,#4538,#4539));
#4524 = ORIENTED_EDGE('',*,*,#4525,.T.);
#4525 = EDGE_CURVE('',#4496,#4526,#4528,.T.);
#4526 = VERTEX_POINT('',#4527);
#4527 = CARTESIAN_POINT('',(-4.5,-28.3,12.4));
#4528 = LINE('',#4529,#4530);
#4529 = CARTESIAN_POINT('',(-4.5,-28.8,12.4));
#4530 = VECTOR('',#4531,1.);
#4531 = DIRECTION('',(0.,1.,4.440892098501E-16));
#4532 = ORIENTED_EDGE('',*,*,#4533,.T.);
#4533 = EDGE_CURVE('',#4526,#1485,#4534,.T.);
#4534 = LINE('',#4535,#4536);
#4535 = CARTESIAN_POINT('',(-4.5,-28.3,12.4));
#4536 = VECTOR('',#4537,1.);
#4537 = DIRECTION('',(0.,4.440892098501E-16,-1.));
#4538 = ORIENTED_EDGE('',*,*,#1484,.T.);
#4539 = ORIENTED_EDGE('',*,*,#4503,.T.);
#4540 = PLANE('',#4541);
#4541 = AXIS2_PLACEMENT_3D('',#4542,#4543,#4544);
#4542 = CARTESIAN_POINT('',(-4.5,-28.60647047092,11.691506350946));
#4543 = DIRECTION('',(1.,0.,0.));
#4544 = DIRECTION('',(0.,4.440892098501E-16,-1.));
#4545 = ADVANCED_FACE('',(#4546),#4564,.F.);
#4546 = FACE_BOUND('',#4547,.T.);
#4547 = EDGE_LOOP('',(#4548,#4556,#4562,#4563));
#4548 = ORIENTED_EDGE('',*,*,#4549,.T.);
#4549 = EDGE_CURVE('',#4526,#4550,#4552,.T.);
#4550 = VERTEX_POINT('',#4551);
#4551 = CARTESIAN_POINT('',(4.5,-28.3,12.4));
#4552 = LINE('',#4553,#4554);
#4553 = CARTESIAN_POINT('',(-4.5,-28.3,12.4));
#4554 = VECTOR('',#4555,1.);
#4555 = DIRECTION('',(1.,0.,0.));
#4556 = ORIENTED_EDGE('',*,*,#4557,.T.);
#4557 = EDGE_CURVE('',#4550,#1493,#4558,.T.);
#4558 = LINE('',#4559,#4560);
#4559 = CARTESIAN_POINT('',(4.5,-28.3,12.4));
#4560 = VECTOR('',#4561,1.);
#4561 = DIRECTION('',(0.,4.440892098501E-16,-1.));
#4562 = ORIENTED_EDGE('',*,*,#1492,.F.);
#4563 = ORIENTED_EDGE('',*,*,#4533,.F.);
#4564 = PLANE('',#4565);
#4565 = AXIS2_PLACEMENT_3D('',#4566,#4567,#4568);
#4566 = CARTESIAN_POINT('',(-4.5,-28.3,12.4));
#4567 = DIRECTION('',(-0.,-1.,-4.440892098501E-16));
#4568 = DIRECTION('',(0.,-4.440892098501E-16,1.));
#4569 = ADVANCED_FACE('',(#4570),#4581,.T.);
#4570 = FACE_BOUND('',#4571,.F.);
#4571 = EDGE_LOOP('',(#4572,#4578,#4579,#4580));
#4572 = ORIENTED_EDGE('',*,*,#4573,.T.);
#4573 = EDGE_CURVE('',#4488,#4550,#4574,.T.);
#4574 = LINE('',#4575,#4576);
#4575 = CARTESIAN_POINT('',(4.5,-28.8,12.4));
#4576 = VECTOR('',#4577,1.);
#4577 = DIRECTION('',(0.,1.,4.440892098501E-16));
#4578 = ORIENTED_EDGE('',*,*,#4557,.T.);
#4579 = ORIENTED_EDGE('',*,*,#1500,.T.);
#4580 = ORIENTED_EDGE('',*,*,#4487,.T.);
#4581 = PLANE('',#4582);
#4582 = AXIS2_PLACEMENT_3D('',#4583,#4584,#4585);
#4583 = CARTESIAN_POINT('',(4.5,-28.60647047092,11.691506350946));
#4584 = DIRECTION('',(1.,0.,0.));
#4585 = DIRECTION('',(0.,4.440892098501E-16,-1.));
#4586 = ADVANCED_FACE('',(#4587),#4606,.F.);
#4587 = FACE_BOUND('',#4588,.F.);
#4588 = EDGE_LOOP('',(#4589,#4597,#4604,#4605));
#4589 = ORIENTED_EDGE('',*,*,#4590,.T.);
#4590 = EDGE_CURVE('',#1532,#4591,#4593,.T.);
#4591 = VERTEX_POINT('',#4592);
#4592 = CARTESIAN_POINT('',(14.8,-27.,14.2));
#4593 = LINE('',#4594,#4595);
#4594 = CARTESIAN_POINT('',(14.8,-27.,14.));
#4595 = VECTOR('',#4596,1.);
#4596 = DIRECTION('',(-2.22044604925E-16,2.465190328816E-32,1.));
#4597 = ORIENTED_EDGE('',*,*,#4598,.F.);
#4598 = EDGE_CURVE('',#4479,#4591,#4599,.T.);
#4599 = CIRCLE('',#4600,1.8);
#4600 = AXIS2_PLACEMENT_3D('',#4601,#4602,#4603);
#4601 = CARTESIAN_POINT('',(13.,-27.,14.2));
#4602 = DIRECTION('',(-2.22044604925E-16,2.465190328816E-32,1.));
#4603 = DIRECTION('',(-2.22044604925E-16,-1.,-2.465190328816E-32));
#4604 = ORIENTED_EDGE('',*,*,#4478,.F.);
#4605 = ORIENTED_EDGE('',*,*,#1539,.T.);
#4606 = CYLINDRICAL_SURFACE('',#4607,1.8);
#4607 = AXIS2_PLACEMENT_3D('',#4608,#4609,#4610);
#4608 = CARTESIAN_POINT('',(13.,-27.,10.8));
#4609 = DIRECTION('',(-2.22044604925E-16,2.465190328816E-32,1.));
#4610 = DIRECTION('',(-2.22044604925E-16,-1.,-2.465190328816E-32));
#4611 = ADVANCED_FACE('',(#4612),#4630,.T.);
#4612 = FACE_BOUND('',#4613,.F.);
#4613 = EDGE_LOOP('',(#4614,#4615,#4623,#4629));
#4614 = ORIENTED_EDGE('',*,*,#1557,.T.);
#4615 = ORIENTED_EDGE('',*,*,#4616,.T.);
#4616 = EDGE_CURVE('',#1558,#4617,#4619,.T.);
#4617 = VERTEX_POINT('',#4618);
#4618 = CARTESIAN_POINT('',(14.8,-0.6,14.2));
#4619 = LINE('',#4620,#4621);
#4620 = CARTESIAN_POINT('',(14.8,-0.6,10.8));
#4621 = VECTOR('',#4622,1.);
#4622 = DIRECTION('',(-2.22044604925E-16,2.465190328816E-32,1.));
#4623 = ORIENTED_EDGE('',*,*,#4624,.F.);
#4624 = EDGE_CURVE('',#4591,#4617,#4625,.T.);
#4625 = LINE('',#4626,#4627);
#4626 = CARTESIAN_POINT('',(14.8,-3.359738960839E-15,14.2));
#4627 = VECTOR('',#4628,1.);
#4628 = DIRECTION('',(2.22044604925E-16,1.,2.465190328816E-32));
#4629 = ORIENTED_EDGE('',*,*,#4590,.F.);
#4630 = PLANE('',#4631);
#4631 = AXIS2_PLACEMENT_3D('',#4632,#4633,#4634);
#4632 = CARTESIAN_POINT('',(14.8,-13.8,12.5));
#4633 = DIRECTION('',(-1.,2.22044604925E-16,-2.22044604925E-16));
#4634 = DIRECTION('',(2.22044604925E-16,-2.465190328816E-32,-1.));
#4635 = ADVANCED_FACE('',(#4636),#4655,.T.);
#4636 = FACE_BOUND('',#4637,.F.);
#4637 = EDGE_LOOP('',(#4638,#4646,#4653,#4654));
#4638 = ORIENTED_EDGE('',*,*,#4639,.T.);
#4639 = EDGE_CURVE('',#1581,#4640,#4642,.T.);
#4640 = VERTEX_POINT('',#4641);
#4641 = CARTESIAN_POINT('',(16.6,1.2,14.2));
#4642 = LINE('',#4643,#4644);
#4643 = CARTESIAN_POINT('',(16.6,1.2,14.));
#4644 = VECTOR('',#4645,1.);
#4645 = DIRECTION('',(-2.22044604925E-16,2.465190328816E-32,1.));
#4646 = ORIENTED_EDGE('',*,*,#4647,.F.);
#4647 = EDGE_CURVE('',#4617,#4640,#4648,.T.);
#4648 = CIRCLE('',#4649,1.8);
#4649 = AXIS2_PLACEMENT_3D('',#4650,#4651,#4652);
#4650 = CARTESIAN_POINT('',(16.6,-0.6,14.2));
#4651 = DIRECTION('',(2.22044604925E-16,-2.465190328816E-32,-1.));
#4652 = DIRECTION('',(-2.22044604925E-16,-1.,-2.465190328816E-32));
#4653 = ORIENTED_EDGE('',*,*,#4616,.F.);
#4654 = ORIENTED_EDGE('',*,*,#1588,.T.);
#4655 = CYLINDRICAL_SURFACE('',#4656,1.8);
#4656 = AXIS2_PLACEMENT_3D('',#4657,#4658,#4659);
#4657 = CARTESIAN_POINT('',(16.6,-0.6,10.8));
#4658 = DIRECTION('',(-2.22044604925E-16,2.465190328816E-32,1.));
#4659 = DIRECTION('',(-2.22044604925E-16,-1.,-2.465190328816E-32));
#4660 = ADVANCED_FACE('',(#4661),#4702,.T.);
#4661 = FACE_BOUND('',#4662,.F.);
#4662 = EDGE_LOOP('',(#4663,#4664,#4665,#4673,#4681,#4687,#4688,#4696));
#4663 = ORIENTED_EDGE('',*,*,#4639,.F.);
#4664 = ORIENTED_EDGE('',*,*,#1606,.T.);
#4665 = ORIENTED_EDGE('',*,*,#4666,.T.);
#4666 = EDGE_CURVE('',#1607,#4667,#4669,.T.);
#4667 = VERTEX_POINT('',#4668);
#4668 = CARTESIAN_POINT('',(40.5,1.2,12.4));
#4669 = LINE('',#4670,#4671);
#4670 = CARTESIAN_POINT('',(40.5,1.2,10.8));
#4671 = VECTOR('',#4672,1.);
#4672 = DIRECTION('',(0.,4.440892098501E-16,1.));
#4673 = ORIENTED_EDGE('',*,*,#4674,.T.);
#4674 = EDGE_CURVE('',#4667,#4675,#4677,.T.);
#4675 = VERTEX_POINT('',#4676);
#4676 = CARTESIAN_POINT('',(49.5,1.2,12.4));
#4677 = LINE('',#4678,#4679);
#4678 = CARTESIAN_POINT('',(40.5,1.2,12.4));
#4679 = VECTOR('',#4680,1.);
#4680 = DIRECTION('',(1.,0.,0.));
#4681 = ORIENTED_EDGE('',*,*,#4682,.F.);
#4682 = EDGE_CURVE('',#1631,#4675,#4683,.T.);
#4683 = LINE('',#4684,#4685);
#4684 = CARTESIAN_POINT('',(49.5,1.2,10.8));
#4685 = VECTOR('',#4686,1.);
#4686 = DIRECTION('',(0.,4.440892098501E-16,1.));
#4687 = ORIENTED_EDGE('',*,*,#1638,.T.);
#4688 = ORIENTED_EDGE('',*,*,#4689,.T.);
#4689 = EDGE_CURVE('',#1639,#4690,#4692,.T.);
#4690 = VERTEX_POINT('',#4691);
#4691 = CARTESIAN_POINT('',(59.5,1.2,14.2));
#4692 = LINE('',#4693,#4694);
#4693 = CARTESIAN_POINT('',(59.5,1.2,10.8));
#4694 = VECTOR('',#4695,1.);
#4695 = DIRECTION('',(-2.22044604925E-16,2.465190328816E-32,1.));
#4696 = ORIENTED_EDGE('',*,*,#4697,.F.);
#4697 = EDGE_CURVE('',#4640,#4690,#4698,.T.);
#4698 = LINE('',#4699,#4700);
#4699 = CARTESIAN_POINT('',(42.5,1.2,14.2));
#4700 = VECTOR('',#4701,1.);
#4701 = DIRECTION('',(1.,-2.22044604925E-16,2.22044604925E-16));
#4702 = PLANE('',#4703);
#4703 = AXIS2_PLACEMENT_3D('',#4704,#4705,#4706);
#4704 = CARTESIAN_POINT('',(38.05,1.2,12.5));
#4705 = DIRECTION('',(2.22044604925E-16,1.,2.465190328816E-32));
#4706 = DIRECTION('',(2.22044604925E-16,-2.465190328816E-32,-1.));
#4707 = ADVANCED_FACE('',(#4708),#4726,.F.);
#4708 = FACE_BOUND('',#4709,.T.);
#4709 = EDGE_LOOP('',(#4710,#4718,#4724,#4725));
#4710 = ORIENTED_EDGE('',*,*,#4711,.T.);
#4711 = EDGE_CURVE('',#4667,#4712,#4714,.T.);
#4712 = VERTEX_POINT('',#4713);
#4713 = CARTESIAN_POINT('',(40.5,1.7,12.4));
#4714 = LINE('',#4715,#4716);
#4715 = CARTESIAN_POINT('',(40.5,1.2,12.4));
#4716 = VECTOR('',#4717,1.);
#4717 = DIRECTION('',(0.,1.,-4.440892098501E-16));
#4718 = ORIENTED_EDGE('',*,*,#4719,.T.);
#4719 = EDGE_CURVE('',#4712,#1615,#4720,.T.);
#4720 = LINE('',#4721,#4722);
#4721 = CARTESIAN_POINT('',(40.5,1.7,12.4));
#4722 = VECTOR('',#4723,1.);
#4723 = DIRECTION('',(-0.,-4.440892098501E-16,-1.));
#4724 = ORIENTED_EDGE('',*,*,#1614,.T.);
#4725 = ORIENTED_EDGE('',*,*,#4666,.T.);
#4726 = PLANE('',#4727);
#4727 = AXIS2_PLACEMENT_3D('',#4728,#4729,#4730);
#4728 = CARTESIAN_POINT('',(40.5,1.393529529079,11.691506350946));
#4729 = DIRECTION('',(1.,0.,0.));
#4730 = DIRECTION('',(-0.,-4.440892098501E-16,-1.));
#4731 = ADVANCED_FACE('',(#4732),#4750,.F.);
#4732 = FACE_BOUND('',#4733,.T.);
#4733 = EDGE_LOOP('',(#4734,#4742,#4748,#4749));
#4734 = ORIENTED_EDGE('',*,*,#4735,.T.);
#4735 = EDGE_CURVE('',#4712,#4736,#4738,.T.);
#4736 = VERTEX_POINT('',#4737);
#4737 = CARTESIAN_POINT('',(49.5,1.7,12.4));
#4738 = LINE('',#4739,#4740);
#4739 = CARTESIAN_POINT('',(40.5,1.7,12.4));
#4740 = VECTOR('',#4741,1.);
#4741 = DIRECTION('',(1.,0.,0.));
#4742 = ORIENTED_EDGE('',*,*,#4743,.T.);
#4743 = EDGE_CURVE('',#4736,#1623,#4744,.T.);
#4744 = LINE('',#4745,#4746);
#4745 = CARTESIAN_POINT('',(49.5,1.7,12.4));
#4746 = VECTOR('',#4747,1.);
#4747 = DIRECTION('',(-0.,-4.440892098501E-16,-1.));
#4748 = ORIENTED_EDGE('',*,*,#1622,.F.);
#4749 = ORIENTED_EDGE('',*,*,#4719,.F.);
#4750 = PLANE('',#4751);
#4751 = AXIS2_PLACEMENT_3D('',#4752,#4753,#4754);
#4752 = CARTESIAN_POINT('',(40.5,1.7,12.4));
#4753 = DIRECTION('',(0.,-1.,4.440892098501E-16));
#4754 = DIRECTION('',(0.,4.440892098501E-16,1.));
#4755 = ADVANCED_FACE('',(#4756),#4767,.T.);
#4756 = FACE_BOUND('',#4757,.F.);
#4757 = EDGE_LOOP('',(#4758,#4764,#4765,#4766));
#4758 = ORIENTED_EDGE('',*,*,#4759,.T.);
#4759 = EDGE_CURVE('',#4675,#4736,#4760,.T.);
#4760 = LINE('',#4761,#4762);
#4761 = CARTESIAN_POINT('',(49.5,1.2,12.4));
#4762 = VECTOR('',#4763,1.);
#4763 = DIRECTION('',(0.,1.,-4.440892098501E-16));
#4764 = ORIENTED_EDGE('',*,*,#4743,.T.);
#4765 = ORIENTED_EDGE('',*,*,#1630,.T.);
#4766 = ORIENTED_EDGE('',*,*,#4682,.T.);
#4767 = PLANE('',#4768);
#4768 = AXIS2_PLACEMENT_3D('',#4769,#4770,#4771);
#4769 = CARTESIAN_POINT('',(49.5,1.393529529079,11.691506350946));
#4770 = DIRECTION('',(1.,0.,0.));
#4771 = DIRECTION('',(-0.,-4.440892098501E-16,-1.));
#4772 = ADVANCED_FACE('',(#4773),#4792,.F.);
#4773 = FACE_BOUND('',#4774,.F.);
#4774 = EDGE_LOOP('',(#4775,#4783,#4790,#4791));
#4775 = ORIENTED_EDGE('',*,*,#4776,.T.);
#4776 = EDGE_CURVE('',#1662,#4777,#4779,.T.);
#4777 = VERTEX_POINT('',#4778);
#4778 = CARTESIAN_POINT('',(61.3,3.,14.2));
#4779 = LINE('',#4780,#4781);
#4780 = CARTESIAN_POINT('',(61.3,3.,14.));
#4781 = VECTOR('',#4782,1.);
#4782 = DIRECTION('',(-2.22044604925E-16,2.465190328816E-32,1.));
#4783 = ORIENTED_EDGE('',*,*,#4784,.F.);
#4784 = EDGE_CURVE('',#4690,#4777,#4785,.T.);
#4785 = CIRCLE('',#4786,1.8);
#4786 = AXIS2_PLACEMENT_3D('',#4787,#4788,#4789);
#4787 = CARTESIAN_POINT('',(59.5,3.,14.2));
#4788 = DIRECTION('',(-2.22044604925E-16,2.465190328816E-32,1.));
#4789 = DIRECTION('',(-2.22044604925E-16,-1.,-2.465190328816E-32));
#4790 = ORIENTED_EDGE('',*,*,#4689,.F.);
#4791 = ORIENTED_EDGE('',*,*,#1669,.T.);
#4792 = CYLINDRICAL_SURFACE('',#4793,1.8);
#4793 = AXIS2_PLACEMENT_3D('',#4794,#4795,#4796);
#4794 = CARTESIAN_POINT('',(59.5,3.,10.8));
#4795 = DIRECTION('',(-2.22044604925E-16,2.465190328816E-32,1.));
#4796 = DIRECTION('',(-2.22044604925E-16,-1.,-2.465190328816E-32));
#4797 = ADVANCED_FACE('',(#4798),#4816,.T.);
#4798 = FACE_BOUND('',#4799,.F.);
#4799 = EDGE_LOOP('',(#4800,#4801,#4809,#4815));
#4800 = ORIENTED_EDGE('',*,*,#1687,.T.);
#4801 = ORIENTED_EDGE('',*,*,#4802,.T.);
#4802 = EDGE_CURVE('',#1688,#4803,#4805,.T.);
#4803 = VERTEX_POINT('',#4804);
#4804 = CARTESIAN_POINT('',(61.3,27.,14.2));
#4805 = LINE('',#4806,#4807);
#4806 = CARTESIAN_POINT('',(61.3,27.,10.8));
#4807 = VECTOR('',#4808,1.);
#4808 = DIRECTION('',(-2.22044604925E-16,2.465190328816E-32,1.));
#4809 = ORIENTED_EDGE('',*,*,#4810,.F.);
#4810 = EDGE_CURVE('',#4777,#4803,#4811,.T.);
#4811 = LINE('',#4812,#4813);
#4812 = CARTESIAN_POINT('',(61.3,30.,14.2));
#4813 = VECTOR('',#4814,1.);
#4814 = DIRECTION('',(2.22044604925E-16,1.,2.465190328816E-32));
#4815 = ORIENTED_EDGE('',*,*,#4776,.F.);
#4816 = PLANE('',#4817);
#4817 = AXIS2_PLACEMENT_3D('',#4818,#4819,#4820);
#4818 = CARTESIAN_POINT('',(61.3,15.,12.5));
#4819 = DIRECTION('',(-1.,2.22044604925E-16,-2.22044604925E-16));
#4820 = DIRECTION('',(2.22044604925E-16,-2.465190328816E-32,-1.));
#4821 = ADVANCED_FACE('',(#4822),#4841,.F.);
#4822 = FACE_BOUND('',#4823,.F.);
#4823 = EDGE_LOOP('',(#4824,#4832,#4839,#4840));
#4824 = ORIENTED_EDGE('',*,*,#4825,.T.);
#4825 = EDGE_CURVE('',#1711,#4826,#4828,.T.);
#4826 = VERTEX_POINT('',#4827);
#4827 = CARTESIAN_POINT('',(59.5,28.8,14.2));
#4828 = LINE('',#4829,#4830);
#4829 = CARTESIAN_POINT('',(59.5,28.8,14.));
#4830 = VECTOR('',#4831,1.);
#4831 = DIRECTION('',(-2.22044604925E-16,2.465190328816E-32,1.));
#4832 = ORIENTED_EDGE('',*,*,#4833,.F.);
#4833 = EDGE_CURVE('',#4803,#4826,#4834,.T.);
#4834 = CIRCLE('',#4835,1.8);
#4835 = AXIS2_PLACEMENT_3D('',#4836,#4837,#4838);
#4836 = CARTESIAN_POINT('',(59.5,27.,14.2));
#4837 = DIRECTION('',(-2.22044604925E-16,2.465190328816E-32,1.));
#4838 = DIRECTION('',(-2.22044604925E-16,-1.,-2.465190328816E-32));
#4839 = ORIENTED_EDGE('',*,*,#4802,.F.);
#4840 = ORIENTED_EDGE('',*,*,#1718,.T.);
#4841 = CYLINDRICAL_SURFACE('',#4842,1.8);
#4842 = AXIS2_PLACEMENT_3D('',#4843,#4844,#4845);
#4843 = CARTESIAN_POINT('',(59.5,27.,10.8));
#4844 = DIRECTION('',(-2.22044604925E-16,2.465190328816E-32,1.));
#4845 = DIRECTION('',(-2.22044604925E-16,-1.,-2.465190328816E-32));
#4846 = ADVANCED_FACE('',(#4847),#4934,.T.);
#4847 = FACE_BOUND('',#4848,.T.);
#4848 = EDGE_LOOP('',(#4849,#4850,#4851,#4859,#4865,#4866,#4874,#4882,
    #4888,#4889,#4897,#4905,#4911,#4912,#4920,#4928));
#4849 = ORIENTED_EDGE('',*,*,#1736,.F.);
#4850 = ORIENTED_EDGE('',*,*,#4825,.T.);
#4851 = ORIENTED_EDGE('',*,*,#4852,.T.);
#4852 = EDGE_CURVE('',#4826,#4853,#4855,.T.);
#4853 = VERTEX_POINT('',#4854);
#4854 = CARTESIAN_POINT('',(-59.5,28.8,14.2));
#4855 = LINE('',#4856,#4857);
#4856 = CARTESIAN_POINT('',(47.5,28.8,14.2));
#4857 = VECTOR('',#4858,1.);
#4858 = DIRECTION('',(-1.,2.22044604925E-16,-2.22044604925E-16));
#4859 = ORIENTED_EDGE('',*,*,#4860,.F.);
#4860 = EDGE_CURVE('',#1833,#4853,#4861,.T.);
#4861 = LINE('',#4862,#4863);
#4862 = CARTESIAN_POINT('',(-59.5,28.8,14.));
#4863 = VECTOR('',#4864,1.);
#4864 = DIRECTION('',(0.,0.,1.));
#4865 = ORIENTED_EDGE('',*,*,#1832,.F.);
#4866 = ORIENTED_EDGE('',*,*,#4867,.T.);
#4867 = EDGE_CURVE('',#1825,#4868,#4870,.T.);
#4868 = VERTEX_POINT('',#4869);
#4869 = CARTESIAN_POINT('',(-49.5,28.8,12.4));
#4870 = LINE('',#4871,#4872);
#4871 = CARTESIAN_POINT('',(-49.5,28.8,10.8));
#4872 = VECTOR('',#4873,1.);
#4873 = DIRECTION('',(0.,0.,1.));
#4874 = ORIENTED_EDGE('',*,*,#4875,.T.);
#4875 = EDGE_CURVE('',#4868,#4876,#4878,.T.);
#4876 = VERTEX_POINT('',#4877);
#4877 = CARTESIAN_POINT('',(-40.5,28.8,12.4));
#4878 = LINE('',#4879,#4880);
#4879 = CARTESIAN_POINT('',(-49.5,28.8,12.4));
#4880 = VECTOR('',#4881,1.);
#4881 = DIRECTION('',(1.,0.,0.));
#4882 = ORIENTED_EDGE('',*,*,#4883,.F.);
#4883 = EDGE_CURVE('',#1801,#4876,#4884,.T.);
#4884 = LINE('',#4885,#4886);
#4885 = CARTESIAN_POINT('',(-40.5,28.8,10.8));
#4886 = VECTOR('',#4887,1.);
#4887 = DIRECTION('',(0.,0.,1.));
#4888 = ORIENTED_EDGE('',*,*,#1800,.F.);
#4889 = ORIENTED_EDGE('',*,*,#4890,.T.);
#4890 = EDGE_CURVE('',#1793,#4891,#4893,.T.);
#4891 = VERTEX_POINT('',#4892);
#4892 = CARTESIAN_POINT('',(-4.5,28.8,12.4));
#4893 = LINE('',#4894,#4895);
#4894 = CARTESIAN_POINT('',(-4.5,28.8,10.8));
#4895 = VECTOR('',#4896,1.);
#4896 = DIRECTION('',(0.,0.,1.));
#4897 = ORIENTED_EDGE('',*,*,#4898,.T.);
#4898 = EDGE_CURVE('',#4891,#4899,#4901,.T.);
#4899 = VERTEX_POINT('',#4900);
#4900 = CARTESIAN_POINT('',(4.5,28.8,12.4));
#4901 = LINE('',#4902,#4903);
#4902 = CARTESIAN_POINT('',(-4.5,28.8,12.4));
#4903 = VECTOR('',#4904,1.);
#4904 = DIRECTION('',(1.,0.,0.));
#4905 = ORIENTED_EDGE('',*,*,#4906,.F.);
#4906 = EDGE_CURVE('',#1769,#4899,#4907,.T.);
#4907 = LINE('',#4908,#4909);
#4908 = CARTESIAN_POINT('',(4.5,28.8,10.8));
#4909 = VECTOR('',#4910,1.);
#4910 = DIRECTION('',(0.,0.,1.));
#4911 = ORIENTED_EDGE('',*,*,#1768,.F.);
#4912 = ORIENTED_EDGE('',*,*,#4913,.T.);
#4913 = EDGE_CURVE('',#1761,#4914,#4916,.T.);
#4914 = VERTEX_POINT('',#4915);
#4915 = CARTESIAN_POINT('',(40.5,28.8,12.4));
#4916 = LINE('',#4917,#4918);
#4917 = CARTESIAN_POINT('',(40.5,28.8,10.8));
#4918 = VECTOR('',#4919,1.);
#4919 = DIRECTION('',(0.,0.,1.));
#4920 = ORIENTED_EDGE('',*,*,#4921,.T.);
#4921 = EDGE_CURVE('',#4914,#4922,#4924,.T.);
#4922 = VERTEX_POINT('',#4923);
#4923 = CARTESIAN_POINT('',(49.5,28.8,12.4));
#4924 = LINE('',#4925,#4926);
#4925 = CARTESIAN_POINT('',(40.5,28.8,12.4));
#4926 = VECTOR('',#4927,1.);
#4927 = DIRECTION('',(1.,0.,0.));
#4928 = ORIENTED_EDGE('',*,*,#4929,.F.);
#4929 = EDGE_CURVE('',#1737,#4922,#4930,.T.);
#4930 = LINE('',#4931,#4932);
#4931 = CARTESIAN_POINT('',(49.5,28.8,10.8));
#4932 = VECTOR('',#4933,1.);
#4933 = DIRECTION('',(0.,0.,1.));
#4934 = PLANE('',#4935);
#4935 = AXIS2_PLACEMENT_3D('',#4936,#4937,#4938);
#4936 = CARTESIAN_POINT('',(3.715256134693E-15,28.8,12.5));
#4937 = DIRECTION('',(-0.,-1.,-0.));
#4938 = DIRECTION('',(0.,0.,-1.));
#4939 = ADVANCED_FACE('',(#4940),#4958,.T.);
#4940 = FACE_BOUND('',#4941,.T.);
#4941 = EDGE_LOOP('',(#4942,#4950,#4956,#4957));
#4942 = ORIENTED_EDGE('',*,*,#4943,.T.);
#4943 = EDGE_CURVE('',#4922,#4944,#4946,.T.);
#4944 = VERTEX_POINT('',#4945);
#4945 = CARTESIAN_POINT('',(49.5,28.3,12.4));
#4946 = LINE('',#4947,#4948);
#4947 = CARTESIAN_POINT('',(49.5,28.8,12.4));
#4948 = VECTOR('',#4949,1.);
#4949 = DIRECTION('',(0.,-1.,0.));
#4950 = ORIENTED_EDGE('',*,*,#4951,.T.);
#4951 = EDGE_CURVE('',#4944,#1745,#4952,.T.);
#4952 = LINE('',#4953,#4954);
#4953 = CARTESIAN_POINT('',(49.5,28.3,12.4));
#4954 = VECTOR('',#4955,1.);
#4955 = DIRECTION('',(0.,0.,-1.));
#4956 = ORIENTED_EDGE('',*,*,#1744,.T.);
#4957 = ORIENTED_EDGE('',*,*,#4929,.T.);
#4958 = PLANE('',#4959);
#4959 = AXIS2_PLACEMENT_3D('',#4960,#4961,#4962);
#4960 = CARTESIAN_POINT('',(49.5,28.606470470921,11.691506350946));
#4961 = DIRECTION('',(1.,0.,0.));
#4962 = DIRECTION('',(0.,0.,1.));
#4963 = ADVANCED_FACE('',(#4964),#4982,.F.);
#4964 = FACE_BOUND('',#4965,.F.);
#4965 = EDGE_LOOP('',(#4966,#4974,#4975,#4976));
#4966 = ORIENTED_EDGE('',*,*,#4967,.T.);
#4967 = EDGE_CURVE('',#4968,#4944,#4970,.T.);
#4968 = VERTEX_POINT('',#4969);
#4969 = CARTESIAN_POINT('',(40.5,28.3,12.4));
#4970 = LINE('',#4971,#4972);
#4971 = CARTESIAN_POINT('',(40.5,28.3,12.4));
#4972 = VECTOR('',#4973,1.);
#4973 = DIRECTION('',(1.,0.,0.));
#4974 = ORIENTED_EDGE('',*,*,#4951,.T.);
#4975 = ORIENTED_EDGE('',*,*,#1752,.F.);
#4976 = ORIENTED_EDGE('',*,*,#4977,.F.);
#4977 = EDGE_CURVE('',#4968,#1753,#4978,.T.);
#4978 = LINE('',#4979,#4980);
#4979 = CARTESIAN_POINT('',(40.5,28.3,12.4));
#4980 = VECTOR('',#4981,1.);
#4981 = DIRECTION('',(0.,0.,-1.));
#4982 = PLANE('',#4983);
#4983 = AXIS2_PLACEMENT_3D('',#4984,#4985,#4986);
#4984 = CARTESIAN_POINT('',(40.5,28.3,12.4));
#4985 = DIRECTION('',(0.,1.,0.));
#4986 = DIRECTION('',(0.,0.,-1.));
#4987 = ADVANCED_FACE('',(#4988),#4999,.F.);
#4988 = FACE_BOUND('',#4989,.F.);
#4989 = EDGE_LOOP('',(#4990,#4996,#4997,#4998));
#4990 = ORIENTED_EDGE('',*,*,#4991,.T.);
#4991 = EDGE_CURVE('',#4914,#4968,#4992,.T.);
#4992 = LINE('',#4993,#4994);
#4993 = CARTESIAN_POINT('',(40.5,28.8,12.4));
#4994 = VECTOR('',#4995,1.);
#4995 = DIRECTION('',(0.,-1.,0.));
#4996 = ORIENTED_EDGE('',*,*,#4977,.T.);
#4997 = ORIENTED_EDGE('',*,*,#1760,.T.);
#4998 = ORIENTED_EDGE('',*,*,#4913,.T.);
#4999 = PLANE('',#5000);
#5000 = AXIS2_PLACEMENT_3D('',#5001,#5002,#5003);
#5001 = CARTESIAN_POINT('',(40.5,28.606470470921,11.691506350946));
#5002 = DIRECTION('',(1.,0.,0.));
#5003 = DIRECTION('',(0.,0.,1.));
#5004 = ADVANCED_FACE('',(#5005),#5023,.T.);
#5005 = FACE_BOUND('',#5006,.T.);
#5006 = EDGE_LOOP('',(#5007,#5015,#5021,#5022));
#5007 = ORIENTED_EDGE('',*,*,#5008,.T.);
#5008 = EDGE_CURVE('',#4899,#5009,#5011,.T.);
#5009 = VERTEX_POINT('',#5010);
#5010 = CARTESIAN_POINT('',(4.5,28.3,12.4));
#5011 = LINE('',#5012,#5013);
#5012 = CARTESIAN_POINT('',(4.5,28.8,12.4));
#5013 = VECTOR('',#5014,1.);
#5014 = DIRECTION('',(0.,-1.,0.));
#5015 = ORIENTED_EDGE('',*,*,#5016,.T.);
#5016 = EDGE_CURVE('',#5009,#1777,#5017,.T.);
#5017 = LINE('',#5018,#5019);
#5018 = CARTESIAN_POINT('',(4.5,28.3,12.4));
#5019 = VECTOR('',#5020,1.);
#5020 = DIRECTION('',(0.,0.,-1.));
#5021 = ORIENTED_EDGE('',*,*,#1776,.T.);
#5022 = ORIENTED_EDGE('',*,*,#4906,.T.);
#5023 = PLANE('',#5024);
#5024 = AXIS2_PLACEMENT_3D('',#5025,#5026,#5027);
#5025 = CARTESIAN_POINT('',(4.5,28.606470470921,11.691506350946));
#5026 = DIRECTION('',(1.,0.,0.));
#5027 = DIRECTION('',(0.,0.,1.));
#5028 = ADVANCED_FACE('',(#5029),#5047,.F.);
#5029 = FACE_BOUND('',#5030,.F.);
#5030 = EDGE_LOOP('',(#5031,#5039,#5040,#5041));
#5031 = ORIENTED_EDGE('',*,*,#5032,.T.);
#5032 = EDGE_CURVE('',#5033,#5009,#5035,.T.);
#5033 = VERTEX_POINT('',#5034);
#5034 = CARTESIAN_POINT('',(-4.5,28.3,12.4));
#5035 = LINE('',#5036,#5037);
#5036 = CARTESIAN_POINT('',(-4.5,28.3,12.4));
#5037 = VECTOR('',#5038,1.);
#5038 = DIRECTION('',(1.,0.,0.));
#5039 = ORIENTED_EDGE('',*,*,#5016,.T.);
#5040 = ORIENTED_EDGE('',*,*,#1784,.F.);
#5041 = ORIENTED_EDGE('',*,*,#5042,.F.);
#5042 = EDGE_CURVE('',#5033,#1785,#5043,.T.);
#5043 = LINE('',#5044,#5045);
#5044 = CARTESIAN_POINT('',(-4.5,28.3,12.4));
#5045 = VECTOR('',#5046,1.);
#5046 = DIRECTION('',(0.,0.,-1.));
#5047 = PLANE('',#5048);
#5048 = AXIS2_PLACEMENT_3D('',#5049,#5050,#5051);
#5049 = CARTESIAN_POINT('',(-4.5,28.3,12.4));
#5050 = DIRECTION('',(0.,1.,0.));
#5051 = DIRECTION('',(0.,0.,-1.));
#5052 = ADVANCED_FACE('',(#5053),#5064,.F.);
#5053 = FACE_BOUND('',#5054,.F.);
#5054 = EDGE_LOOP('',(#5055,#5061,#5062,#5063));
#5055 = ORIENTED_EDGE('',*,*,#5056,.T.);
#5056 = EDGE_CURVE('',#4891,#5033,#5057,.T.);
#5057 = LINE('',#5058,#5059);
#5058 = CARTESIAN_POINT('',(-4.5,28.8,12.4));
#5059 = VECTOR('',#5060,1.);
#5060 = DIRECTION('',(0.,-1.,0.));
#5061 = ORIENTED_EDGE('',*,*,#5042,.T.);
#5062 = ORIENTED_EDGE('',*,*,#1792,.T.);
#5063 = ORIENTED_EDGE('',*,*,#4890,.T.);
#5064 = PLANE('',#5065);
#5065 = AXIS2_PLACEMENT_3D('',#5066,#5067,#5068);
#5066 = CARTESIAN_POINT('',(-4.5,28.606470470921,11.691506350946));
#5067 = DIRECTION('',(1.,0.,0.));
#5068 = DIRECTION('',(0.,0.,1.));
#5069 = ADVANCED_FACE('',(#5070),#5088,.T.);
#5070 = FACE_BOUND('',#5071,.T.);
#5071 = EDGE_LOOP('',(#5072,#5080,#5086,#5087));
#5072 = ORIENTED_EDGE('',*,*,#5073,.T.);
#5073 = EDGE_CURVE('',#4876,#5074,#5076,.T.);
#5074 = VERTEX_POINT('',#5075);
#5075 = CARTESIAN_POINT('',(-40.5,28.3,12.4));
#5076 = LINE('',#5077,#5078);
#5077 = CARTESIAN_POINT('',(-40.5,28.8,12.4));
#5078 = VECTOR('',#5079,1.);
#5079 = DIRECTION('',(0.,-1.,0.));
#5080 = ORIENTED_EDGE('',*,*,#5081,.T.);
#5081 = EDGE_CURVE('',#5074,#1809,#5082,.T.);
#5082 = LINE('',#5083,#5084);
#5083 = CARTESIAN_POINT('',(-40.5,28.3,12.4));
#5084 = VECTOR('',#5085,1.);
#5085 = DIRECTION('',(0.,0.,-1.));
#5086 = ORIENTED_EDGE('',*,*,#1808,.T.);
#5087 = ORIENTED_EDGE('',*,*,#4883,.T.);
#5088 = PLANE('',#5089);
#5089 = AXIS2_PLACEMENT_3D('',#5090,#5091,#5092);
#5090 = CARTESIAN_POINT('',(-40.5,28.606470470921,11.691506350946));
#5091 = DIRECTION('',(1.,0.,0.));
#5092 = DIRECTION('',(0.,0.,1.));
#5093 = ADVANCED_FACE('',(#5094),#5112,.F.);
#5094 = FACE_BOUND('',#5095,.F.);
#5095 = EDGE_LOOP('',(#5096,#5104,#5105,#5106));
#5096 = ORIENTED_EDGE('',*,*,#5097,.T.);
#5097 = EDGE_CURVE('',#5098,#5074,#5100,.T.);
#5098 = VERTEX_POINT('',#5099);
#5099 = CARTESIAN_POINT('',(-49.5,28.3,12.4));
#5100 = LINE('',#5101,#5102);
#5101 = CARTESIAN_POINT('',(-49.5,28.3,12.4));
#5102 = VECTOR('',#5103,1.);
#5103 = DIRECTION('',(1.,0.,0.));
#5104 = ORIENTED_EDGE('',*,*,#5081,.T.);
#5105 = ORIENTED_EDGE('',*,*,#1816,.F.);
#5106 = ORIENTED_EDGE('',*,*,#5107,.F.);
#5107 = EDGE_CURVE('',#5098,#1817,#5108,.T.);
#5108 = LINE('',#5109,#5110);
#5109 = CARTESIAN_POINT('',(-49.5,28.3,12.4));
#5110 = VECTOR('',#5111,1.);
#5111 = DIRECTION('',(0.,0.,-1.));
#5112 = PLANE('',#5113);
#5113 = AXIS2_PLACEMENT_3D('',#5114,#5115,#5116);
#5114 = CARTESIAN_POINT('',(-49.5,28.3,12.4));
#5115 = DIRECTION('',(0.,1.,0.));
#5116 = DIRECTION('',(0.,0.,-1.));
#5117 = ADVANCED_FACE('',(#5118),#5129,.F.);
#5118 = FACE_BOUND('',#5119,.F.);
#5119 = EDGE_LOOP('',(#5120,#5126,#5127,#5128));
#5120 = ORIENTED_EDGE('',*,*,#5121,.T.);
#5121 = EDGE_CURVE('',#4868,#5098,#5122,.T.);
#5122 = LINE('',#5123,#5124);
#5123 = CARTESIAN_POINT('',(-49.5,28.8,12.4));
#5124 = VECTOR('',#5125,1.);
#5125 = DIRECTION('',(0.,-1.,0.));
#5126 = ORIENTED_EDGE('',*,*,#5107,.T.);
#5127 = ORIENTED_EDGE('',*,*,#1824,.T.);
#5128 = ORIENTED_EDGE('',*,*,#4867,.T.);
#5129 = PLANE('',#5130);
#5130 = AXIS2_PLACEMENT_3D('',#5131,#5132,#5133);
#5131 = CARTESIAN_POINT('',(-49.5,28.606470470921,11.691506350946));
#5132 = DIRECTION('',(1.,0.,0.));
#5133 = DIRECTION('',(0.,0.,1.));
#5134 = ADVANCED_FACE('',(#5135),#5154,.F.);
#5135 = FACE_BOUND('',#5136,.T.);
#5136 = EDGE_LOOP('',(#5137,#5138,#5147,#5153));
#5137 = ORIENTED_EDGE('',*,*,#4860,.T.);
#5138 = ORIENTED_EDGE('',*,*,#5139,.F.);
#5139 = EDGE_CURVE('',#5140,#4853,#5142,.T.);
#5140 = VERTEX_POINT('',#5141);
#5141 = CARTESIAN_POINT('',(-61.3,27.,14.2));
#5142 = CIRCLE('',#5143,1.8);
#5143 = AXIS2_PLACEMENT_3D('',#5144,#5145,#5146);
#5144 = CARTESIAN_POINT('',(-59.5,27.,14.2));
#5145 = DIRECTION('',(-0.,-0.,-1.));
#5146 = DIRECTION('',(0.,-1.,0.));
#5147 = ORIENTED_EDGE('',*,*,#5148,.F.);
#5148 = EDGE_CURVE('',#1857,#5140,#5149,.T.);
#5149 = LINE('',#5150,#5151);
#5150 = CARTESIAN_POINT('',(-61.3,27.,10.8));
#5151 = VECTOR('',#5152,1.);
#5152 = DIRECTION('',(0.,0.,1.));
#5153 = ORIENTED_EDGE('',*,*,#1856,.T.);
#5154 = CYLINDRICAL_SURFACE('',#5155,1.8);
#5155 = AXIS2_PLACEMENT_3D('',#5156,#5157,#5158);
#5156 = CARTESIAN_POINT('',(-59.5,27.,10.8));
#5157 = DIRECTION('',(0.,0.,1.));
#5158 = DIRECTION('',(0.,-1.,0.));
#5159 = ADVANCED_FACE('',(#5160),#5178,.T.);
#5160 = FACE_BOUND('',#5161,.T.);
#5161 = EDGE_LOOP('',(#5162,#5163,#5164,#5172));
#5162 = ORIENTED_EDGE('',*,*,#1888,.T.);
#5163 = ORIENTED_EDGE('',*,*,#5148,.T.);
#5164 = ORIENTED_EDGE('',*,*,#5165,.F.);
#5165 = EDGE_CURVE('',#5166,#5140,#5168,.T.);
#5166 = VERTEX_POINT('',#5167);
#5167 = CARTESIAN_POINT('',(-61.3,3.,14.2));
#5168 = LINE('',#5169,#5170);
#5169 = CARTESIAN_POINT('',(-61.3,30.,14.2));
#5170 = VECTOR('',#5171,1.);
#5171 = DIRECTION('',(0.,1.,0.));
#5172 = ORIENTED_EDGE('',*,*,#5173,.F.);
#5173 = EDGE_CURVE('',#1881,#5166,#5174,.T.);
#5174 = LINE('',#5175,#5176);
#5175 = CARTESIAN_POINT('',(-61.3,3.,14.));
#5176 = VECTOR('',#5177,1.);
#5177 = DIRECTION('',(0.,0.,1.));
#5178 = PLANE('',#5179);
#5179 = AXIS2_PLACEMENT_3D('',#5180,#5181,#5182);
#5180 = CARTESIAN_POINT('',(-61.3,15.,12.5));
#5181 = DIRECTION('',(1.,0.,0.));
#5182 = DIRECTION('',(0.,0.,1.));
#5183 = ADVANCED_FACE('',(#5184),#5203,.F.);
#5184 = FACE_BOUND('',#5185,.T.);
#5185 = EDGE_LOOP('',(#5186,#5187,#5196,#5202));
#5186 = ORIENTED_EDGE('',*,*,#5173,.T.);
#5187 = ORIENTED_EDGE('',*,*,#5188,.F.);
#5188 = EDGE_CURVE('',#5189,#5166,#5191,.T.);
#5189 = VERTEX_POINT('',#5190);
#5190 = CARTESIAN_POINT('',(-59.5,1.2,14.2));
#5191 = CIRCLE('',#5192,1.8);
#5192 = AXIS2_PLACEMENT_3D('',#5193,#5194,#5195);
#5193 = CARTESIAN_POINT('',(-59.5,3.,14.2));
#5194 = DIRECTION('',(-0.,-0.,-1.));
#5195 = DIRECTION('',(0.,-1.,0.));
#5196 = ORIENTED_EDGE('',*,*,#5197,.F.);
#5197 = EDGE_CURVE('',#1906,#5189,#5198,.T.);
#5198 = LINE('',#5199,#5200);
#5199 = CARTESIAN_POINT('',(-59.5,1.2,10.8));
#5200 = VECTOR('',#5201,1.);
#5201 = DIRECTION('',(0.,0.,1.));
#5202 = ORIENTED_EDGE('',*,*,#1905,.T.);
#5203 = CYLINDRICAL_SURFACE('',#5204,1.8);
#5204 = AXIS2_PLACEMENT_3D('',#5205,#5206,#5207);
#5205 = CARTESIAN_POINT('',(-59.5,3.,10.8));
#5206 = DIRECTION('',(0.,0.,1.));
#5207 = DIRECTION('',(0.,-1.,0.));
#5208 = ADVANCED_FACE('',(#5209),#5250,.T.);
#5209 = FACE_BOUND('',#5210,.T.);
#5210 = EDGE_LOOP('',(#5211,#5219,#5220,#5228,#5236,#5242,#5243,#5244));
#5211 = ORIENTED_EDGE('',*,*,#5212,.F.);
#5212 = EDGE_CURVE('',#1963,#5213,#5215,.T.);
#5213 = VERTEX_POINT('',#5214);
#5214 = CARTESIAN_POINT('',(-16.6,1.2,14.2));
#5215 = LINE('',#5216,#5217);
#5216 = CARTESIAN_POINT('',(-16.6,1.2,14.));
#5217 = VECTOR('',#5218,1.);
#5218 = DIRECTION('',(0.,0.,1.));
#5219 = ORIENTED_EDGE('',*,*,#1962,.T.);
#5220 = ORIENTED_EDGE('',*,*,#5221,.T.);
#5221 = EDGE_CURVE('',#1955,#5222,#5224,.T.);
#5222 = VERTEX_POINT('',#5223);
#5223 = CARTESIAN_POINT('',(-40.5,1.2,12.4));
#5224 = LINE('',#5225,#5226);
#5225 = CARTESIAN_POINT('',(-40.5,1.2,10.8));
#5226 = VECTOR('',#5227,1.);
#5227 = DIRECTION('',(0.,4.440892098501E-16,1.));
#5228 = ORIENTED_EDGE('',*,*,#5229,.F.);
#5229 = EDGE_CURVE('',#5230,#5222,#5232,.T.);
#5230 = VERTEX_POINT('',#5231);
#5231 = CARTESIAN_POINT('',(-49.5,1.2,12.4));
#5232 = LINE('',#5233,#5234);
#5233 = CARTESIAN_POINT('',(-49.5,1.2,12.4));
#5234 = VECTOR('',#5235,1.);
#5235 = DIRECTION('',(1.,0.,0.));
#5236 = ORIENTED_EDGE('',*,*,#5237,.F.);
#5237 = EDGE_CURVE('',#1931,#5230,#5238,.T.);
#5238 = LINE('',#5239,#5240);
#5239 = CARTESIAN_POINT('',(-49.5,1.2,10.8));
#5240 = VECTOR('',#5241,1.);
#5241 = DIRECTION('',(0.,4.440892098501E-16,1.));
#5242 = ORIENTED_EDGE('',*,*,#1930,.T.);
#5243 = ORIENTED_EDGE('',*,*,#5197,.T.);
#5244 = ORIENTED_EDGE('',*,*,#5245,.F.);
#5245 = EDGE_CURVE('',#5213,#5189,#5246,.T.);
#5246 = LINE('',#5247,#5248);
#5247 = CARTESIAN_POINT('',(-42.5,1.2,14.2));
#5248 = VECTOR('',#5249,1.);
#5249 = DIRECTION('',(-1.,0.,0.));
#5250 = PLANE('',#5251);
#5251 = AXIS2_PLACEMENT_3D('',#5252,#5253,#5254);
#5252 = CARTESIAN_POINT('',(-38.05,1.2,12.5));
#5253 = DIRECTION('',(0.,1.,0.));
#5254 = DIRECTION('',(0.,0.,1.));
#5255 = ADVANCED_FACE('',(#5256),#5274,.F.);
#5256 = FACE_BOUND('',#5257,.T.);
#5257 = EDGE_LOOP('',(#5258,#5266,#5272,#5273));
#5258 = ORIENTED_EDGE('',*,*,#5259,.T.);
#5259 = EDGE_CURVE('',#5230,#5260,#5262,.T.);
#5260 = VERTEX_POINT('',#5261);
#5261 = CARTESIAN_POINT('',(-49.5,1.7,12.4));
#5262 = LINE('',#5263,#5264);
#5263 = CARTESIAN_POINT('',(-49.5,1.2,12.4));
#5264 = VECTOR('',#5265,1.);
#5265 = DIRECTION('',(0.,1.,-4.440892098501E-16));
#5266 = ORIENTED_EDGE('',*,*,#5267,.T.);
#5267 = EDGE_CURVE('',#5260,#1939,#5268,.T.);
#5268 = LINE('',#5269,#5270);
#5269 = CARTESIAN_POINT('',(-49.5,1.7,12.4));
#5270 = VECTOR('',#5271,1.);
#5271 = DIRECTION('',(-0.,-4.440892098501E-16,-1.));
#5272 = ORIENTED_EDGE('',*,*,#1938,.T.);
#5273 = ORIENTED_EDGE('',*,*,#5237,.T.);
#5274 = PLANE('',#5275);
#5275 = AXIS2_PLACEMENT_3D('',#5276,#5277,#5278);
#5276 = CARTESIAN_POINT('',(-49.5,1.393529529079,11.691506350946));
#5277 = DIRECTION('',(1.,0.,0.));
#5278 = DIRECTION('',(-0.,-4.440892098501E-16,-1.));
#5279 = ADVANCED_FACE('',(#5280),#5298,.F.);
#5280 = FACE_BOUND('',#5281,.T.);
#5281 = EDGE_LOOP('',(#5282,#5290,#5296,#5297));
#5282 = ORIENTED_EDGE('',*,*,#5283,.T.);
#5283 = EDGE_CURVE('',#5260,#5284,#5286,.T.);
#5284 = VERTEX_POINT('',#5285);
#5285 = CARTESIAN_POINT('',(-40.5,1.7,12.4));
#5286 = LINE('',#5287,#5288);
#5287 = CARTESIAN_POINT('',(-49.5,1.7,12.4));
#5288 = VECTOR('',#5289,1.);
#5289 = DIRECTION('',(1.,0.,0.));
#5290 = ORIENTED_EDGE('',*,*,#5291,.T.);
#5291 = EDGE_CURVE('',#5284,#1947,#5292,.T.);
#5292 = LINE('',#5293,#5294);
#5293 = CARTESIAN_POINT('',(-40.5,1.7,12.4));
#5294 = VECTOR('',#5295,1.);
#5295 = DIRECTION('',(-0.,-4.440892098501E-16,-1.));
#5296 = ORIENTED_EDGE('',*,*,#1946,.F.);
#5297 = ORIENTED_EDGE('',*,*,#5267,.F.);
#5298 = PLANE('',#5299);
#5299 = AXIS2_PLACEMENT_3D('',#5300,#5301,#5302);
#5300 = CARTESIAN_POINT('',(-49.5,1.7,12.4));
#5301 = DIRECTION('',(0.,-1.,4.440892098501E-16));
#5302 = DIRECTION('',(0.,4.440892098501E-16,1.));
#5303 = ADVANCED_FACE('',(#5304),#5315,.T.);
#5304 = FACE_BOUND('',#5305,.F.);
#5305 = EDGE_LOOP('',(#5306,#5312,#5313,#5314));
#5306 = ORIENTED_EDGE('',*,*,#5307,.T.);
#5307 = EDGE_CURVE('',#5222,#5284,#5308,.T.);
#5308 = LINE('',#5309,#5310);
#5309 = CARTESIAN_POINT('',(-40.5,1.2,12.4));
#5310 = VECTOR('',#5311,1.);
#5311 = DIRECTION('',(0.,1.,-4.440892098501E-16));
#5312 = ORIENTED_EDGE('',*,*,#5291,.T.);
#5313 = ORIENTED_EDGE('',*,*,#1954,.T.);
#5314 = ORIENTED_EDGE('',*,*,#5221,.T.);
#5315 = PLANE('',#5316);
#5316 = AXIS2_PLACEMENT_3D('',#5317,#5318,#5319);
#5317 = CARTESIAN_POINT('',(-40.5,1.393529529079,11.691506350946));
#5318 = DIRECTION('',(1.,0.,0.));
#5319 = DIRECTION('',(-0.,-4.440892098501E-16,-1.));
#5320 = ADVANCED_FACE('',(#5321),#5333,.T.);
#5321 = FACE_BOUND('',#5322,.T.);
#5322 = EDGE_LOOP('',(#5323,#5324,#5331,#5332));
#5323 = ORIENTED_EDGE('',*,*,#5212,.T.);
#5324 = ORIENTED_EDGE('',*,*,#5325,.F.);
#5325 = EDGE_CURVE('',#4424,#5213,#5326,.T.);
#5326 = CIRCLE('',#5327,1.8);
#5327 = AXIS2_PLACEMENT_3D('',#5328,#5329,#5330);
#5328 = CARTESIAN_POINT('',(-16.6,-0.6,14.2));
#5329 = DIRECTION('',(-0.,0.,1.));
#5330 = DIRECTION('',(0.,-1.,0.));
#5331 = ORIENTED_EDGE('',*,*,#4423,.F.);
#5332 = ORIENTED_EDGE('',*,*,#1986,.T.);
#5333 = CYLINDRICAL_SURFACE('',#5334,1.8);
#5334 = AXIS2_PLACEMENT_3D('',#5335,#5336,#5337);
#5335 = CARTESIAN_POINT('',(-16.6,-0.6,10.8));
#5336 = DIRECTION('',(0.,0.,1.));
#5337 = DIRECTION('',(0.,-1.,0.));
#5338 = ADVANCED_FACE('',(#5339),#5425,.F.);
#5339 = FACE_BOUND('',#5340,.F.);
#5340 = EDGE_LOOP('',(#5341,#5342));
#5341 = ORIENTED_EDGE('',*,*,#2102,.F.);
#5342 = ORIENTED_EDGE('',*,*,#5343,.F.);
#5343 = EDGE_CURVE('',#2103,#2092,#5344,.T.);
#5344 = ( BOUNDED_CURVE() B_SPLINE_CURVE(14,(#5345,#5346,#5347,#5348,
    #5349,#5350,#5351,#5352,#5353,#5354,#5355,#5356,#5357,#5358,#5359,
    #5360,#5361,#5362,#5363,#5364,#5365,#5366,#5367,#5368,#5369,#5370,
    #5371,#5372,#5373,#5374,#5375,#5376,#5377,#5378,#5379,#5380,#5381,
    #5382,#5383,#5384,#5385,#5386,#5387,#5388,#5389,#5390,#5391,#5392,
    #5393,#5394,#5395,#5396,#5397,#5398,#5399,#5400,#5401,#5402,#5403,
    #5404,#5405,#5406,#5407,#5408,#5409,#5410,#5411,#5412,#5413,#5414,
    #5415,#5416,#5417,#5418,#5419,#5420,#5421,#5422,#5423,#5424),
.UNSPECIFIED.,.F.,.F.) B_SPLINE_CURVE_WITH_KNOTS((15,13,13,13,13,13,15),
  (1.221599137154,14.149102011711,20.612853448989,27.076604886268,
    33.540356323546,40.004107760825,52.931610635382),.UNSPECIFIED.) 
CURVE() GEOMETRIC_REPRESENTATION_ITEM() RATIONAL_B_SPLINE_CURVE((1.,1.,
    0.999999999998,1.000000000006,0.999999999987,1.000000000022,
    0.999999999969,1.000000000034,0.999999999969,1.000000000023,
    0.999999999986,1.000000000007,0.999999999998,1.000000000001,1.,
    1.000000000001,0.999999999997,1.000000000006,0.999999999992,
    1.000000000009,0.999999999992,1.000000000005,0.999999999997,
    1.000000000001,1.,1.,1.,0.999999999999,1.000000000004,0.999999999989
    ,1.000000000024,0.99999999996,1.000000000052,0.999999999944,
    1.00000000005,0.999999999964,1.000000000021,0.99999999999,
    1.000000000003,0.999999999999,1.000000000001,0.999999999998,
    1.000000000005,0.999999999989,1.000000000018,0.999999999977,
    1.000000000025,0.999999999978,1.000000000016,0.999999999991,
    1.000000000004,0.999999999999,1.,1.,0.999999999999,1.000000000003,
    0.999999999993,1.000000000012,0.999999999984,1.000000000016,
    0.999999999986,1.00000000001,0.999999999994,1.000000000002,
    0.999999999999,1.,1.,1.,1.000000000001,0.999999999998,1.000000000003
    ,0.999999999995,1.000000000006,0.999999999994,1.000000000005,
    0.999999999997,1.000000000001,0.999999999999,1.,1.)) 
REPRESENTATION_ITEM('') );
#5345 = CARTESIAN_POINT('',(-41.13374523344,28.007359903474,
    19.366100646457));
#5346 = CARTESIAN_POINT('',(-41.57424428487,27.957872601728,
    20.093151582586));
#5347 = CARTESIAN_POINT('',(-42.01330680834,27.895789776103,
    20.817831505665));
#5348 = CARTESIAN_POINT('',(-42.45053088453,27.820120612036,
    21.53947704126));
#5349 = CARTESIAN_POINT('',(-42.88597191317,27.729389875005,
    22.258179627505));
#5350 = CARTESIAN_POINT('',(-43.31890586671,27.622349846011,
    22.972744245036));
#5351 = CARTESIAN_POINT('',(-43.74878084887,27.49742014646,
    23.682259979922));
#5352 = CARTESIAN_POINT('',(-44.17532881144,27.352525075708,
    24.386284414241));
#5353 = CARTESIAN_POINT('',(-44.59798757759,27.185305424891,
    25.083889665788));
#5354 = CARTESIAN_POINT('',(-45.01559566182,26.993200674784,
    25.773158683741));
#5355 = CARTESIAN_POINT('',(-45.4267477379,26.773144790408,
    26.451771953909));
#5356 = CARTESIAN_POINT('',(-45.83021598593,26.521111074333,
    27.11770293942));
#5357 = CARTESIAN_POINT('',(-46.22443093314,26.231995510224,
    27.768361199583));
#5358 = CARTESIAN_POINT('',(-46.60615377275,25.899860307096,
    28.398401030502));
#5359 = CARTESIAN_POINT('',(-47.15513236409,25.325399882832,
    29.304499233108));
#5360 = CARTESIAN_POINT('',(-47.33417619042,25.121229605974,
    29.600014015986));
#5361 = CARTESIAN_POINT('',(-47.50889501643,24.903248308066,
    29.888390314643));
#5362 = CARTESIAN_POINT('',(-47.6785150751,24.670964795544,
    30.168351013842));
#5363 = CARTESIAN_POINT('',(-47.84266410586,24.422903408566,
    30.439281691449));
#5364 = CARTESIAN_POINT('',(-48.00077189242,24.157815209842,
    30.700241195995));
#5365 = CARTESIAN_POINT('',(-48.15192240119,23.875016295093,
    30.94971759908));
#5366 = CARTESIAN_POINT('',(-48.29516506962,23.573926541811,
    31.186141981439));
#5367 = CARTESIAN_POINT('',(-48.42976083594,23.253892907184,
    31.408294509571));
#5368 = CARTESIAN_POINT('',(-48.5550924734,22.914756597331,
    31.615156440449));
#5369 = CARTESIAN_POINT('',(-48.67048373056,22.557494813074,
    31.805611610037));
#5370 = CARTESIAN_POINT('',(-48.77542274977,22.183767182783,
    31.978815188815));
#5371 = CARTESIAN_POINT('',(-48.87014727668,21.794456167194,
    32.135159579891));
#5372 = CARTESIAN_POINT('',(-49.03924741649,20.988426851216,
    32.41426214446));
#5373 = CARTESIAN_POINT('',(-49.11364470137,20.57178627905,
    32.537056087937));
#5374 = CARTESIAN_POINT('',(-49.17808751546,20.142089183765,
    32.643420013481));
#5375 = CARTESIAN_POINT('',(-49.23283810709,19.705144779806,
    32.733786766302));
#5376 = CARTESIAN_POINT('',(-49.27884041966,19.254024735946,
    32.809714340519));
#5377 = CARTESIAN_POINT('',(-49.3164791898,18.799824433495,
    32.871837750258));
#5378 = CARTESIAN_POINT('',(-49.34660021436,18.340285534669,
    32.921552997175));
#5379 = CARTESIAN_POINT('',(-49.37025162683,17.870991233367,
    32.960590042801));
#5380 = CARTESIAN_POINT('',(-49.38805540756,17.400371501256,
    32.989975476013));
#5381 = CARTESIAN_POINT('',(-49.40068943621,16.929031166164,
    33.010828148269));
#5382 = CARTESIAN_POINT('',(-49.40920507556,16.446609118377,
    33.024883351227));
#5383 = CARTESIAN_POINT('',(-49.4140827837,15.968839376495,
    33.032934088793));
#5384 = CARTESIAN_POINT('',(-49.41617327193,15.483556735978,
    33.036384474043));
#5385 = CARTESIAN_POINT('',(-49.41615103524,14.510899568527,
    33.036347772019));
#5386 = CARTESIAN_POINT('',(-49.41402850134,14.023751731311,
    33.032844494876));
#5387 = CARTESIAN_POINT('',(-49.40913678263,13.547271706132,
    33.024770632599));
#5388 = CARTESIAN_POINT('',(-49.40025819855,13.069226588283,
    33.010116383438));
#5389 = CARTESIAN_POINT('',(-49.3889200355,12.603695717551,
    32.991402558629));
#5390 = CARTESIAN_POINT('',(-49.36837045957,12.09569430267,
    32.957485145327));
#5391 = CARTESIAN_POINT('',(-49.34793684058,11.69007530109,
    32.923759120697));
#5392 = CARTESIAN_POINT('',(-49.31502139363,11.167404246954,
    32.869431633731));
#5393 = CARTESIAN_POINT('',(-49.27881012222,10.754591580126,
    32.809664334059));
#5394 = CARTESIAN_POINT('',(-49.23223443081,10.28581769551,
    32.732790388683));
#5395 = CARTESIAN_POINT('',(-49.17743761393,9.853603817819,
    32.642347340311));
#5396 = CARTESIAN_POINT('',(-49.11289985244,9.42335754538,
    32.535826702519));
#5397 = CARTESIAN_POINT('',(-49.03840847446,9.006936266434,
    32.412877456837));
#5398 = CARTESIAN_POINT('',(-48.86910960361,8.201240752764,
    32.133446883409));
#5399 = CARTESIAN_POINT('',(-48.77428178039,7.812113473384,
    31.976932000076));
#5400 = CARTESIAN_POINT('',(-48.66922516535,7.438502331492,
    31.803534327445));
#5401 = CARTESIAN_POINT('',(-48.5537991205,7.081581765159,
    31.613021740216));
#5402 = CARTESIAN_POINT('',(-48.42835924685,6.742647442242,
    31.405981163669));
#5403 = CARTESIAN_POINT('',(-48.2936008678,6.422648668848,
    31.183560240624));
#5404 = CARTESIAN_POINT('',(-48.15029943048,6.121751849811,
    30.947038859158));
#5405 = CARTESIAN_POINT('',(-47.9992020115,5.839368865171,
    30.697650081731));
#5406 = CARTESIAN_POINT('',(-47.84106613307,5.574551006065,
    30.436644211034));
#5407 = CARTESIAN_POINT('',(-47.67671183217,5.326390012943,
    30.165374731706));
#5408 = CARTESIAN_POINT('',(-47.50695041005,5.094082647705,
    29.885180709784));
#5409 = CARTESIAN_POINT('',(-47.33237848787,4.876604246348,
    29.597046878335));
#5410 = CARTESIAN_POINT('',(-47.15327893868,4.67249971414,
    29.301440123957));
#5411 = CARTESIAN_POINT('',(-46.6041949136,4.098413198638,
    28.395167901224));
#5412 = CARTESIAN_POINT('',(-46.22241643553,3.766555469101,
    27.76503623812));
#5413 = CARTESIAN_POINT('',(-45.82832254698,3.477448130202,
    27.114577787262));
#5414 = CARTESIAN_POINT('',(-45.42462681705,3.226000091383,
    26.448271339165));
#5415 = CARTESIAN_POINT('',(-45.01446409525,3.006355582758,
    25.771291014447));
#5416 = CARTESIAN_POINT('',(-44.5971115318,2.814211946323,
    25.082443737851));
#5417 = CARTESIAN_POINT('',(-44.17406686017,2.647106913901,
    24.384201542835));
#5418 = CARTESIAN_POINT('',(-43.7481863441,2.502618766963,
    23.681278740061));
#5419 = CARTESIAN_POINT('',(-43.31946339369,2.377837890687,
    22.97366445245));
#5420 = CARTESIAN_POINT('',(-42.88655285827,2.270638835865,
    22.25913848698));
#5421 = CARTESIAN_POINT('',(-42.45071441676,2.179964348458,
    21.539779964215));
#5422 = CARTESIAN_POINT('',(-42.01345537011,2.104214762969,
    20.818076709324));
#5423 = CARTESIAN_POINT('',(-41.57430199455,2.042134095836,
    20.093246833368));
#5424 = CARTESIAN_POINT('',(-41.13374659823,1.992640302597,
    19.366102899064));
#5425 = PLANE('',#5426);
#5426 = AXIS2_PLACEMENT_3D('',#5427,#5428,#5429);
#5427 = CARTESIAN_POINT('',(-50.,5.329070540405E-15,34.0000001));
#5428 = DIRECTION('',(-0.855269716455,-1.150597589308E-16,
    -0.518183087446));
#5429 = DIRECTION('',(0.518183087446,-1.899080262946E-16,-0.855269716455
    ));
#5430 = ADVANCED_FACE('',(#5431),#5517,.F.);
#5431 = FACE_BOUND('',#5432,.T.);
#5432 = EDGE_LOOP('',(#5433,#5434));
#5433 = ORIENTED_EDGE('',*,*,#2168,.F.);
#5434 = ORIENTED_EDGE('',*,*,#5435,.F.);
#5435 = EDGE_CURVE('',#2169,#2158,#5436,.T.);
#5436 = ( BOUNDED_CURVE() B_SPLINE_CURVE(14,(#5437,#5438,#5439,#5440,
    #5441,#5442,#5443,#5444,#5445,#5446,#5447,#5448,#5449,#5450,#5451,
    #5452,#5453,#5454,#5455,#5456,#5457,#5458,#5459,#5460,#5461,#5462,
    #5463,#5464,#5465,#5466,#5467,#5468,#5469,#5470,#5471,#5472,#5473,
    #5474,#5475,#5476,#5477,#5478,#5479,#5480,#5481,#5482,#5483,#5484,
    #5485,#5486,#5487,#5488,#5489,#5490,#5491,#5492,#5493,#5494,#5495,
    #5496,#5497,#5498,#5499,#5500,#5501,#5502,#5503,#5504,#5505,#5506,
    #5507,#5508,#5509,#5510,#5511,#5512,#5513,#5514,#5515,#5516),
.UNSPECIFIED.,.F.,.F.) B_SPLINE_CURVE_WITH_KNOTS((15,13,13,13,13,13,15),
  (1.221599137154,14.149102011711,20.612853448989,27.076604886268,
    33.540356323546,40.004107760825,52.931610635382),.UNSPECIFIED.) 
CURVE() GEOMETRIC_REPRESENTATION_ITEM() RATIONAL_B_SPLINE_CURVE((1.,1.,
    1.000000000001,0.999999999999,1.000000000003,0.999999999996,
    1.000000000004,0.999999999996,1.000000000003,0.999999999998,
    1.000000000001,1.,1.,1.,1.,1.000000000001,0.999999999998,
    1.000000000005,0.999999999993,1.000000000009,0.999999999991,
    1.000000000007,0.999999999995,1.000000000002,0.999999999999,1.,1.,1.
    ,0.999999999998,1.000000000005,0.999999999989,1.000000000018,
    0.999999999975,1.000000000028,0.999999999975,1.000000000018,
    0.99999999999,1.000000000005,0.999999999999,1.,1.,0.999999999998,
    1.000000000006,0.999999999987,1.000000000023,0.999999999968,
    1.000000000036,0.999999999966,1.000000000025,0.999999999985,
    1.000000000007,0.999999999998,1.,1.,0.999999999999,1.000000000004,
    0.999999999991,1.000000000015,0.999999999981,1.00000000002,
    0.999999999983,1.000000000012,0.999999999993,1.000000000003,
    0.999999999999,1.,1.,1.,1.,0.999999999999,1.000000000002,
    0.999999999997,1.000000000004,0.999999999995,1.000000000004,
0.999999999998,1.000000000001,1.,1.,1.)) REPRESENTATION_ITEM('') );
#5437 = CARTESIAN_POINT('',(41.133745233445,28.007359903473,
    19.366100646457));
#5438 = CARTESIAN_POINT('',(41.574244284872,27.957872601727,
    20.093151582584));
#5439 = CARTESIAN_POINT('',(42.013306808345,27.895789776109,
    20.817831505673));
#5440 = CARTESIAN_POINT('',(42.450530884525,27.820120612019,
    21.539477041243));
#5441 = CARTESIAN_POINT('',(42.885971913192,27.729389875042,
    22.25817962753));
#5442 = CARTESIAN_POINT('',(43.318905866701,27.622349845943,
    22.972744245011));
#5443 = CARTESIAN_POINT('',(43.748780848877,27.497420146563,
    23.682259979932));
#5444 = CARTESIAN_POINT('',(44.17532881146,27.352525075581,
    24.386284414256));
#5445 = CARTESIAN_POINT('',(44.597987577561,27.18530542502,
    25.083889665752));
#5446 = CARTESIAN_POINT('',(45.015595661856,26.993200674676,
    25.773158683784));
#5447 = CARTESIAN_POINT('',(45.426747737874,26.77314479048,
    26.451771953874));
#5448 = CARTESIAN_POINT('',(45.830215985947,26.521111074295,
    27.11770293944));
#5449 = CARTESIAN_POINT('',(46.224430933139,26.231995510238,
    27.768361199575));
#5450 = CARTESIAN_POINT('',(46.606153772758,25.899860307093,
    28.398401030503));
#5451 = CARTESIAN_POINT('',(47.155132364097,25.325399882834,
    29.304499233108));
#5452 = CARTESIAN_POINT('',(47.334176190426,25.121229605967,
    29.600014015983));
#5453 = CARTESIAN_POINT('',(47.508895016442,24.903248308089,
    29.888390314653));
#5454 = CARTESIAN_POINT('',(47.678515075095,24.670964795496,
    30.16835101382));
#5455 = CARTESIAN_POINT('',(47.84266410588,24.42290340865,
    30.439281691486));
#5456 = CARTESIAN_POINT('',(48.000771892404,24.157815209725,
    30.700241195944));
#5457 = CARTESIAN_POINT('',(48.151922401216,23.875016295227,
    30.949717599136));
#5458 = CARTESIAN_POINT('',(48.295165069606,23.573926541685,
    31.186141981389));
#5459 = CARTESIAN_POINT('',(48.429760835965,23.25389290728,
    31.408294509608));
#5460 = CARTESIAN_POINT('',(48.555092473391,22.914756597271,
    31.615156440428));
#5461 = CARTESIAN_POINT('',(48.670483730565,22.557494813104,
    31.805611610047));
#5462 = CARTESIAN_POINT('',(48.775422749775,22.183767182772,
    31.978815188812));
#5463 = CARTESIAN_POINT('',(48.870147276687,21.794456167197,
    32.135159579891));
#5464 = CARTESIAN_POINT('',(49.03924741649,20.988426851213,
    32.414262144459));
#5465 = CARTESIAN_POINT('',(49.113644701379,20.571786279063,
    32.537056087938));
#5466 = CARTESIAN_POINT('',(49.17808751546,20.142089183733,
    32.643420013476));
#5467 = CARTESIAN_POINT('',(49.232838107104,19.705144779857,
    32.733786766314));
#5468 = CARTESIAN_POINT('',(49.278840419647,19.254024735889,
    32.809714340496));
#5469 = CARTESIAN_POINT('',(49.316479189831,18.799824433533,
    32.871837750294));
#5470 = CARTESIAN_POINT('',(49.346600214334,18.340285534669,
    32.92155299713));
#5471 = CARTESIAN_POINT('',(49.37025162686,17.87099123333,
    32.960590042846));
#5472 = CARTESIAN_POINT('',(49.388055407545,17.400371501309,
    32.989975475977));
#5473 = CARTESIAN_POINT('',(49.400689436223,16.929031166119,
    33.010828148292));
#5474 = CARTESIAN_POINT('',(49.409205075564,16.446609118405,
    33.024883351216));
#5475 = CARTESIAN_POINT('',(49.414082783702,15.968839376484,
    33.032934088798));
#5476 = CARTESIAN_POINT('',(49.416173271937,15.483556735981,
    33.036384474042));
#5477 = CARTESIAN_POINT('',(49.416151035246,14.510899568526,
    33.03634777202));
#5478 = CARTESIAN_POINT('',(49.414028501347,14.023751731315,
    33.032844494869));
#5479 = CARTESIAN_POINT('',(49.409136782628,13.547271706126,
    33.02477063262));
#5480 = CARTESIAN_POINT('',(49.400258198562,13.069226588292,
    33.010116383392));
#5481 = CARTESIAN_POINT('',(49.388920035495,12.603695717541,
    32.991402558707));
#5482 = CARTESIAN_POINT('',(49.368370459594,12.09569430268,
    32.957485145221));
#5483 = CARTESIAN_POINT('',(49.347936840559,11.690075301082,
    32.923759120813));
#5484 = CARTESIAN_POINT('',(49.31502139366,11.167404246958,
    32.86943163363));
#5485 = CARTESIAN_POINT('',(49.278810122203,10.754591580125,
    32.809664334131));
#5486 = CARTESIAN_POINT('',(49.232234430828,10.28581769551,
    32.732790388641));
#5487 = CARTESIAN_POINT('',(49.177437613935,9.853603817819,
    32.642347340329));
#5488 = CARTESIAN_POINT('',(49.11289985245,9.42335754538,32.535826702512
    ));
#5489 = CARTESIAN_POINT('',(49.038408474466,9.006936266433,
    32.412877456838));
#5490 = CARTESIAN_POINT('',(48.869109603618,8.201240752765,
    32.133446883408));
#5491 = CARTESIAN_POINT('',(48.774281780401,7.812113473379,
    31.97693200008));
#5492 = CARTESIAN_POINT('',(48.669225165349,7.438502331507,
    31.803534327435));
#5493 = CARTESIAN_POINT('',(48.553799120522,7.081581765126,
    31.613021740236));
#5494 = CARTESIAN_POINT('',(48.428359246821,6.742647442299,
    31.405981163638));
#5495 = CARTESIAN_POINT('',(48.293600867852,6.422648668772,
    31.183560240665));
#5496 = CARTESIAN_POINT('',(48.150299430434,6.121751849893,
    30.947038859114));
#5497 = CARTESIAN_POINT('',(47.999202011547,5.839368865098,
    30.697650081771));
#5498 = CARTESIAN_POINT('',(47.84106613305,5.574551006118,
    30.436644211005));
#5499 = CARTESIAN_POINT('',(47.676711832186,5.326390012911,
    30.165374731723));
#5500 = CARTESIAN_POINT('',(47.506950410044,5.09408264772,
    29.885180709775));
#5501 = CARTESIAN_POINT('',(47.33237848788,4.876604246343,
    29.597046878338));
#5502 = CARTESIAN_POINT('',(47.153278938687,4.672499714141,
    29.301440123957));
#5503 = CARTESIAN_POINT('',(46.604194913605,4.098413198637,
    28.395167901224));
#5504 = CARTESIAN_POINT('',(46.222416435536,3.766555469106,
    27.765036238118));
#5505 = CARTESIAN_POINT('',(45.82832254699,3.47744813019,27.114577787268
    ));
#5506 = CARTESIAN_POINT('',(45.424626817054,3.226000091408,
    26.448271339154));
#5507 = CARTESIAN_POINT('',(45.014464095255,3.006355582719,
    25.771291014464));
#5508 = CARTESIAN_POINT('',(44.597111531801,2.814211946371,
    25.08244373783));
#5509 = CARTESIAN_POINT('',(44.174066860176,2.647106913851,
    24.384201542856));
#5510 = CARTESIAN_POINT('',(43.7481863441,2.502618767006,23.681278740044
    ));
#5511 = CARTESIAN_POINT('',(43.319463393693,2.377837890655,
    22.973664452462));
#5512 = CARTESIAN_POINT('',(42.886552858275,2.270638835884,
    22.259138486973));
#5513 = CARTESIAN_POINT('',(42.450714416766,2.179964348449,
    21.539779964218));
#5514 = CARTESIAN_POINT('',(42.013455370115,2.104214762972,
    20.818076709323));
#5515 = CARTESIAN_POINT('',(41.574301994557,2.042134095836,
    20.093246833369));
#5516 = CARTESIAN_POINT('',(41.133746598235,1.992640302597,
    19.366102899064));
#5517 = PLANE('',#5518);
#5518 = AXIS2_PLACEMENT_3D('',#5519,#5520,#5521);
#5519 = CARTESIAN_POINT('',(50.,-5.773159705846E-15,34.0000001));
#5520 = DIRECTION('',(0.855269716455,-3.049677852254E-16,-0.518183087446
    ));
#5521 = DIRECTION('',(0.518183087446,7.484826736385E-17,0.855269716455)
  );
#5522 = ADVANCED_FACE('',(#5523),#5529,.T.);
#5523 = FACE_BOUND('',#5524,.T.);
#5524 = EDGE_LOOP('',(#5525,#5526,#5527,#5528));
#5525 = ORIENTED_EDGE('',*,*,#3247,.F.);
#5526 = ORIENTED_EDGE('',*,*,#2366,.T.);
#5527 = ORIENTED_EDGE('',*,*,#2268,.F.);
#5528 = ORIENTED_EDGE('',*,*,#5343,.F.);
#5529 = ( BOUNDED_SURFACE() B_SPLINE_SURFACE(2,14,(
    (#5530,#5531,#5532,#5533,#5534,#5535,#5536,#5537,#5538,#5539,#5540
      ,#5541,#5542,#5543,#5544,#5545,#5546,#5547,#5548,#5549,#5550,#5551
      ,#5552,#5553,#5554,#5555,#5556,#5557,#5558,#5559,#5560,#5561,#5562
      ,#5563,#5564,#5565,#5566,#5567,#5568,#5569,#5570,#5571,#5572,#5573
      ,#5574,#5575,#5576,#5577,#5578,#5579,#5580,#5581,#5582,#5583,#5584
      ,#5585,#5586,#5587,#5588,#5589,#5590,#5591,#5592,#5593,#5594,#5595
      ,#5596,#5597,#5598,#5599,#5600,#5601,#5602,#5603,#5604,#5605,#5606
      ,#5607,#5608,#5609)
    ,(#5610,#5611,#5612,#5613,#5614,#5615,#5616,#5617,#5618,#5619,#5620
      ,#5621,#5622,#5623,#5624,#5625,#5626,#5627,#5628,#5629,#5630,#5631
      ,#5632,#5633,#5634,#5635,#5636,#5637,#5638,#5639,#5640,#5641,#5642
      ,#5643,#5644,#5645,#5646,#5647,#5648,#5649,#5650,#5651,#5652,#5653
      ,#5654,#5655,#5656,#5657,#5658,#5659,#5660,#5661,#5662,#5663,#5664
      ,#5665,#5666,#5667,#5668,#5669,#5670,#5671,#5672,#5673,#5674,#5675
      ,#5676,#5677,#5678,#5679,#5680,#5681,#5682,#5683,#5684,#5685,#5686
      ,#5687,#5688,#5689)
    ,(#5690,#5691,#5692,#5693,#5694,#5695,#5696,#5697,#5698,#5699,#5700
      ,#5701,#5702,#5703,#5704,#5705,#5706,#5707,#5708,#5709,#5710,#5711
      ,#5712,#5713,#5714,#5715,#5716,#5717,#5718,#5719,#5720,#5721,#5722
      ,#5723,#5724,#5725,#5726,#5727,#5728,#5729,#5730,#5731,#5732,#5733
      ,#5734,#5735,#5736,#5737,#5738,#5739,#5740,#5741,#5742,#5743,#5744
      ,#5745,#5746,#5747,#5748,#5749,#5750,#5751,#5752,#5753,#5754,#5755
      ,#5756,#5757,#5758,#5759,#5760,#5761,#5762,#5763,#5764,#5765,#5766
      ,#5767,#5768,#5769
)),.UNSPECIFIED.,.F.,.F.,.F.) B_SPLINE_SURFACE_WITH_KNOTS((3,3),(15,13,
    13,13,13,13,15),(0.,51.710011498228),(1.221599137154,14.149102011711
    ,20.612853448989,27.076604886268,33.540356323546,40.004107760825,
52.931610635382),.UNSPECIFIED.) GEOMETRIC_REPRESENTATION_ITEM() 
RATIONAL_B_SPLINE_SURFACE((
    (1.,1.,0.999999999998,1.000000000006,0.999999999987,1.000000000022
      ,0.999999999969,1.000000000034,0.999999999969,1.000000000023
      ,0.999999999986,1.000000000007,0.999999999998,1.000000000001,1.
      ,1.000000000001,0.999999999997,1.000000000006,0.999999999992
      ,1.000000000009,0.999999999992,1.000000000005,0.999999999997
      ,1.000000000001,1.,1.,1.,0.999999999999,1.000000000004
      ,0.999999999989,1.000000000024,0.99999999996,1.000000000052
      ,0.999999999944,1.00000000005,0.999999999964,1.000000000021
      ,0.99999999999,1.000000000003,0.999999999999,1.000000000001
      ,0.999999999998,1.000000000005,0.999999999989,1.000000000018
      ,0.999999999977,1.000000000025,0.999999999978,1.000000000016
      ,0.999999999991,1.000000000004,0.999999999999,1.,1.,0.999999999999
      ,1.000000000003,0.999999999993,1.000000000012,0.999999999984
      ,1.000000000016,0.999999999986,1.00000000001,0.999999999994
      ,1.000000000002,0.999999999999,1.,1.,1.,1.000000000001
      ,0.999999999998,1.000000000003,0.999999999995,1.000000000006
      ,0.999999999994,1.000000000005,0.999999999997,1.000000000001
      ,0.999999999999,1.,1.)
    ,(0.719588165581,0.722520763782,0.725691677888,0.729127499012
      ,0.732873499087,0.736964036409,0.74144761172,0.746391752344
      ,0.751871364893,0.757964841041,0.764767059003,0.772399569906
      ,0.780977720513,0.790504316216,0.805830397426,0.811111012081
      ,0.816536609875,0.822048964789,0.827586543437,0.833063786625
      ,0.838364190382,0.843357825494,0.84793008967,0.852004501481
      ,0.85555004883,0.858574842862,0.861114431051,0.865319435714
      ,0.866984763663,0.868261993621,0.869210085318,0.869902416853
      ,0.870392478254,0.870728994583,0.870955019693,0.871099101422
      ,0.871183360563,0.871230647716,0.871251640353,0.871258634504
      ,0.871258560355,0.871251506326,0.871230037253,0.871183530645
      ,0.87109536584,0.870954082667,0.870726904249,0.870386713091
      ,0.869895549413,0.869203208819,0.868249403619,0.866969833935
      ,0.86530059922,0.861086764676,0.858541634767,0.855512490217
      ,0.851962363786,0.847881752942,0.843304297432,0.838309189688
      ,0.833009298497,0.827530154512,0.821987975369,0.816474812738
      ,0.811055668506,0.805776066312,0.790455067495,0.780930107153
      ,0.772374692921,0.764730778378,0.757943950813,0.751860223871
      ,0.746378064388,0.741444767282,0.736972402859,0.732875542083
      ,0.729130699951,0.725692026716,0.722521116948,0.719588165267)
    ,(1.,1.,0.999999999998,1.000000000006,0.999999999987,1.000000000022
      ,0.999999999969,1.000000000034,0.999999999969,1.000000000023
      ,0.999999999986,1.000000000007,0.999999999998,1.000000000001,1.
      ,1.000000000001,0.999999999997,1.000000000006,0.999999999992
      ,1.000000000009,0.999999999992,1.000000000005,0.999999999997
      ,1.000000000001,1.,1.,1.,0.999999999999,1.000000000004
      ,0.999999999989,1.000000000024,0.99999999996,1.000000000052
      ,0.999999999944,1.00000000005,0.999999999964,1.000000000021
      ,0.99999999999,1.000000000003,0.999999999999,1.000000000001
      ,0.999999999998,1.000000000005,0.999999999989,1.000000000018
      ,0.999999999977,1.000000000025,0.999999999978,1.000000000016
      ,0.999999999991,1.000000000004,0.999999999999,1.,1.,0.999999999999
      ,1.000000000003,0.999999999993,1.000000000012,0.999999999984
      ,1.000000000016,0.999999999986,1.00000000001,0.999999999994
      ,1.000000000002,0.999999999999,1.,1.,1.,1.000000000001
      ,0.999999999998,1.000000000003,0.999999999995,1.000000000006
      ,0.999999999994,1.000000000005,0.999999999997,1.000000000001
,0.999999999999,1.,1.))) REPRESENTATION_ITEM('') SURFACE() );
#5530 = CARTESIAN_POINT('',(-41.13374523344,28.007359903474,
    19.366100646457));
#5531 = CARTESIAN_POINT('',(-41.57424428487,27.957872601728,
    20.093151582586));
#5532 = CARTESIAN_POINT('',(-42.01330680834,27.895789776103,
    20.817831505665));
#5533 = CARTESIAN_POINT('',(-42.45053088453,27.820120612036,
    21.53947704126));
#5534 = CARTESIAN_POINT('',(-42.88597191317,27.729389875005,
    22.258179627505));
#5535 = CARTESIAN_POINT('',(-43.31890586671,27.622349846011,
    22.972744245036));
#5536 = CARTESIAN_POINT('',(-43.74878084887,27.49742014646,
    23.682259979922));
#5537 = CARTESIAN_POINT('',(-44.17532881144,27.352525075708,
    24.386284414241));
#5538 = CARTESIAN_POINT('',(-44.59798757759,27.185305424891,
    25.083889665788));
#5539 = CARTESIAN_POINT('',(-45.01559566182,26.993200674784,
    25.773158683741));
#5540 = CARTESIAN_POINT('',(-45.4267477379,26.773144790408,
    26.451771953909));
#5541 = CARTESIAN_POINT('',(-45.83021598593,26.521111074333,
    27.11770293942));
#5542 = CARTESIAN_POINT('',(-46.22443093314,26.231995510224,
    27.768361199583));
#5543 = CARTESIAN_POINT('',(-46.60615377275,25.899860307096,
    28.398401030502));
#5544 = CARTESIAN_POINT('',(-47.15513236409,25.325399882832,
    29.304499233108));
#5545 = CARTESIAN_POINT('',(-47.33417619042,25.121229605974,
    29.600014015986));
#5546 = CARTESIAN_POINT('',(-47.50889501643,24.903248308066,
    29.888390314643));
#5547 = CARTESIAN_POINT('',(-47.6785150751,24.670964795544,
    30.168351013842));
#5548 = CARTESIAN_POINT('',(-47.84266410586,24.422903408566,
    30.439281691449));
#5549 = CARTESIAN_POINT('',(-48.00077189242,24.157815209842,
    30.700241195995));
#5550 = CARTESIAN_POINT('',(-48.15192240119,23.875016295093,
    30.94971759908));
#5551 = CARTESIAN_POINT('',(-48.29516506962,23.573926541811,
    31.186141981439));
#5552 = CARTESIAN_POINT('',(-48.42976083594,23.253892907184,
    31.408294509571));
#5553 = CARTESIAN_POINT('',(-48.5550924734,22.914756597331,
    31.615156440449));
#5554 = CARTESIAN_POINT('',(-48.67048373056,22.557494813074,
    31.805611610037));
#5555 = CARTESIAN_POINT('',(-48.77542274977,22.183767182783,
    31.978815188815));
#5556 = CARTESIAN_POINT('',(-48.87014727668,21.794456167194,
    32.135159579891));
#5557 = CARTESIAN_POINT('',(-49.03924741649,20.988426851216,
    32.41426214446));
#5558 = CARTESIAN_POINT('',(-49.11364470137,20.57178627905,
    32.537056087937));
#5559 = CARTESIAN_POINT('',(-49.17808751546,20.142089183765,
    32.643420013481));
#5560 = CARTESIAN_POINT('',(-49.23283810709,19.705144779806,
    32.733786766302));
#5561 = CARTESIAN_POINT('',(-49.27884041966,19.254024735946,
    32.809714340519));
#5562 = CARTESIAN_POINT('',(-49.3164791898,18.799824433495,
    32.871837750258));
#5563 = CARTESIAN_POINT('',(-49.34660021436,18.340285534669,
    32.921552997175));
#5564 = CARTESIAN_POINT('',(-49.37025162683,17.870991233367,
    32.960590042801));
#5565 = CARTESIAN_POINT('',(-49.38805540756,17.400371501256,
    32.989975476013));
#5566 = CARTESIAN_POINT('',(-49.40068943621,16.929031166164,
    33.010828148269));
#5567 = CARTESIAN_POINT('',(-49.40920507556,16.446609118377,
    33.024883351227));
#5568 = CARTESIAN_POINT('',(-49.4140827837,15.968839376495,
    33.032934088793));
#5569 = CARTESIAN_POINT('',(-49.41617327193,15.483556735978,
    33.036384474043));
#5570 = CARTESIAN_POINT('',(-49.41615103524,14.510899568527,
    33.036347772019));
#5571 = CARTESIAN_POINT('',(-49.41402850134,14.023751731311,
    33.032844494876));
#5572 = CARTESIAN_POINT('',(-49.40913678263,13.547271706132,
    33.024770632599));
#5573 = CARTESIAN_POINT('',(-49.40025819855,13.069226588283,
    33.010116383438));
#5574 = CARTESIAN_POINT('',(-49.3889200355,12.603695717551,
    32.991402558629));
#5575 = CARTESIAN_POINT('',(-49.36837045957,12.09569430267,
    32.957485145327));
#5576 = CARTESIAN_POINT('',(-49.34793684058,11.69007530109,
    32.923759120697));
#5577 = CARTESIAN_POINT('',(-49.31502139363,11.167404246954,
    32.869431633731));
#5578 = CARTESIAN_POINT('',(-49.27881012222,10.754591580126,
    32.809664334059));
#5579 = CARTESIAN_POINT('',(-49.23223443081,10.28581769551,
    32.732790388683));
#5580 = CARTESIAN_POINT('',(-49.17743761393,9.853603817819,
    32.642347340311));
#5581 = CARTESIAN_POINT('',(-49.11289985244,9.42335754538,
    32.535826702519));
#5582 = CARTESIAN_POINT('',(-49.03840847446,9.006936266434,
    32.412877456837));
#5583 = CARTESIAN_POINT('',(-48.86910960361,8.201240752764,
    32.133446883409));
#5584 = CARTESIAN_POINT('',(-48.77428178039,7.812113473384,
    31.976932000076));
#5585 = CARTESIAN_POINT('',(-48.66922516535,7.438502331492,
    31.803534327445));
#5586 = CARTESIAN_POINT('',(-48.5537991205,7.081581765159,
    31.613021740216));
#5587 = CARTESIAN_POINT('',(-48.42835924685,6.742647442242,
    31.405981163669));
#5588 = CARTESIAN_POINT('',(-48.2936008678,6.422648668848,
    31.183560240624));
#5589 = CARTESIAN_POINT('',(-48.15029943048,6.121751849811,
    30.947038859158));
#5590 = CARTESIAN_POINT('',(-47.9992020115,5.839368865171,
    30.697650081731));
#5591 = CARTESIAN_POINT('',(-47.84106613307,5.574551006065,
    30.436644211034));
#5592 = CARTESIAN_POINT('',(-47.67671183217,5.326390012943,
    30.165374731706));
#5593 = CARTESIAN_POINT('',(-47.50695041005,5.094082647705,
    29.885180709784));
#5594 = CARTESIAN_POINT('',(-47.33237848787,4.876604246348,
    29.597046878335));
#5595 = CARTESIAN_POINT('',(-47.15327893868,4.67249971414,
    29.301440123957));
#5596 = CARTESIAN_POINT('',(-46.6041949136,4.098413198638,
    28.395167901224));
#5597 = CARTESIAN_POINT('',(-46.22241643553,3.766555469101,
    27.76503623812));
#5598 = CARTESIAN_POINT('',(-45.82832254698,3.477448130202,
    27.114577787262));
#5599 = CARTESIAN_POINT('',(-45.42462681705,3.226000091383,
    26.448271339165));
#5600 = CARTESIAN_POINT('',(-45.01446409525,3.006355582758,
    25.771291014447));
#5601 = CARTESIAN_POINT('',(-44.5971115318,2.814211946323,
    25.082443737851));
#5602 = CARTESIAN_POINT('',(-44.17406686017,2.647106913901,
    24.384201542835));
#5603 = CARTESIAN_POINT('',(-43.7481863441,2.502618766963,
    23.681278740061));
#5604 = CARTESIAN_POINT('',(-43.31946339369,2.377837890687,
    22.97366445245));
#5605 = CARTESIAN_POINT('',(-42.88655285827,2.270638835865,
    22.25913848698));
#5606 = CARTESIAN_POINT('',(-42.45071441676,2.179964348458,
    21.539779964215));
#5607 = CARTESIAN_POINT('',(-42.01345537011,2.104214762969,
    20.818076709324));
#5608 = CARTESIAN_POINT('',(-41.57430199455,2.042134095836,
    20.093246833368));
#5609 = CARTESIAN_POINT('',(-41.13374659823,1.992640302597,
    19.366102899064));
#5610 = CARTESIAN_POINT('',(-41.2117632786,29.931474104115,
    19.494870714363));
#5611 = CARTESIAN_POINT('',(-41.66505651846,29.863690322977,
    20.243038669134));
#5612 = CARTESIAN_POINT('',(-42.11793732287,29.781527599603,
    20.990525892399));
#5613 = CARTESIAN_POINT('',(-42.57011271448,29.683718042108,
    21.736848820208));
#5614 = CARTESIAN_POINT('',(-43.02182180177,29.568421807009,
    22.4824021051));
#5615 = CARTESIAN_POINT('',(-43.47246767192,29.43396713823,
    23.226200532523));
#5616 = CARTESIAN_POINT('',(-43.92171023004,29.278242285644,
    23.967682770445));
#5617 = CARTESIAN_POINT('',(-44.36954044138,29.098466902996,
    24.706833906638));
#5618 = CARTESIAN_POINT('',(-44.81563847833,28.891365229336,
    25.443126060606));
#5619 = CARTESIAN_POINT('',(-45.25909895171,28.653216386978,
    26.175064872367));
#5620 = CARTESIAN_POINT('',(-45.69883794784,28.379446756947,
    26.900861324748));
#5621 = CARTESIAN_POINT('',(-46.13393497433,28.063939600173,
    27.618996129771));
#5622 = CARTESIAN_POINT('',(-46.56285182626,27.698688254936,
    28.326930454952));
#5623 = CARTESIAN_POINT('',(-46.98171129469,27.274515806907,
    29.018264903096));
#5624 = CARTESIAN_POINT('',(-47.5829959484,26.542213814776,
    30.010695122738));
#5625 = CARTESIAN_POINT('',(-47.77691572465,26.285367235929,
    30.330762905858));
#5626 = CARTESIAN_POINT('',(-47.96643252813,26.011392271027,
    30.643563509953));
#5627 = CARTESIAN_POINT('',(-48.15058812823,25.719930258351,
    30.947515359546));
#5628 = CARTESIAN_POINT('',(-48.3288026404,25.409722463801,
    31.24166134582));
#5629 = CARTESIAN_POINT('',(-48.50031879505,25.079842253568,
    31.524751582585));
#5630 = CARTESIAN_POINT('',(-48.6640456606,24.730157072434,
    31.794985469645));
#5631 = CARTESIAN_POINT('',(-48.81884385207,24.360965812618,
    32.050482432943));
#5632 = CARTESIAN_POINT('',(-48.96378596068,23.972773649711,
    32.289711769398));
#5633 = CARTESIAN_POINT('',(-49.09813973501,23.566639912481,
    32.511464885684));
#5634 = CARTESIAN_POINT('',(-49.22125245293,23.144568758199,
    32.714664453395));
#5635 = CARTESIAN_POINT('',(-49.3327221478,22.709000985953,
    32.898647019841));
#5636 = CARTESIAN_POINT('',(-49.43283036529,22.261512344582,
    33.063877280852));
#5637 = CARTESIAN_POINT('',(-49.61034321774,21.349079043063,
    33.356865166127));
#5638 = CARTESIAN_POINT('',(-49.68804687775,20.88333349672,
    33.485116336189));
#5639 = CARTESIAN_POINT('',(-49.75515890806,20.408477438599,
    33.595885847035));
#5640 = CARTESIAN_POINT('',(-49.81195688492,19.928460796583,
    33.68963184291));
#5641 = CARTESIAN_POINT('',(-49.85949203159,19.441393603551,
    33.768089384985));
#5642 = CARTESIAN_POINT('',(-49.89826379977,18.952021651296,
    33.832082826745));
#5643 = CARTESIAN_POINT('',(-49.9291798326,18.461024453443,
    33.88311024778));
#5644 = CARTESIAN_POINT('',(-49.95335287915,17.967040410579,
    33.923008259161));
#5645 = CARTESIAN_POINT('',(-49.9714978128,17.472493036289,
    33.952956770772));
#5646 = CARTESIAN_POINT('',(-49.98434941011,16.978631008483,
    33.974168543767));
#5647 = CARTESIAN_POINT('',(-49.99297084581,16.48270965032,
    33.98839836529));
#5648 = CARTESIAN_POINT('',(-49.99790350586,15.987746987476,
    33.996539801926));
#5649 = CARTESIAN_POINT('',(-50.00001101724,15.492458491989,
    34.000018284135));
#5650 = CARTESIAN_POINT('',(-49.99998879891,14.501951993866,
    33.99998161242));
#5651 = CARTESIAN_POINT('',(-49.99785478119,14.006702605239,
    33.996459381046));
#5652 = CARTESIAN_POINT('',(-49.99287202947,13.51163959293,
    33.988235267307));
#5653 = CARTESIAN_POINT('',(-49.98422426182,13.016339192921,
    33.973961984417));
#5654 = CARTESIAN_POINT('',(-49.97138356313,12.52210695272,
    33.952768199867));
#5655 = CARTESIAN_POINT('',(-49.95292331233,12.025519935508,
    33.922299251984));
#5656 = CARTESIAN_POINT('',(-49.92911532065,11.536735007094,
    33.883003769814));
#5657 = CARTESIAN_POINT('',(-49.89773219318,11.039796963112,
    33.83120540125));
#5658 = CARTESIAN_POINT('',(-49.85899940259,10.553933234478,
    33.767276292751));
#5659 = CARTESIAN_POINT('',(-49.81149071647,10.066487250857,
    33.688862424185));
#5660 = CARTESIAN_POINT('',(-49.75443858927,9.585751619805,
    33.594696949022));
#5661 = CARTESIAN_POINT('',(-49.68727847643,9.111402411586,
    33.483848077156));
#5662 = CARTESIAN_POINT('',(-49.60946844862,8.645745240654,
    33.355421345304));
#5663 = CARTESIAN_POINT('',(-49.43173774034,7.733562353732,
    33.062073885378));
#5664 = CARTESIAN_POINT('',(-49.33150550038,7.286178863096,
    32.896638923253));
#5665 = CARTESIAN_POINT('',(-49.21992207349,6.850742701626,
    32.712468640212));
#5666 = CARTESIAN_POINT('',(-49.09674559762,6.428967947965,
    32.509163839008));
#5667 = CARTESIAN_POINT('',(-48.96226280944,6.023001664966,
    32.287197783144));
#5668 = CARTESIAN_POINT('',(-48.81716617108,5.634879566239,
    32.047713392913));
#5669 = CARTESIAN_POINT('',(-48.66231613552,5.265937586327,
    31.792130859939));
#5670 = CARTESIAN_POINT('',(-48.49862171994,4.916677058226,
    31.521950532241));
#5671 = CARTESIAN_POINT('',(-48.3270437476,4.587032097857,
    31.238758264244));
#5672 = CARTESIAN_POINT('',(-48.14860924699,4.276712243898,
    30.944249183517));
#5673 = CARTESIAN_POINT('',(-47.96432155603,3.985281303894,
    30.640079315735));
#5674 = CARTESIAN_POINT('',(-47.77495945025,3.711891354088,
    30.327534042756));
#5675 = CARTESIAN_POINT('',(-47.58098009043,3.455132874712,
    30.007367915977));
#5676 = CARTESIAN_POINT('',(-46.97958386058,2.72330066932,
    29.014753538081));
#5677 = CARTESIAN_POINT('',(-46.56056384206,2.29931783707,28.32315409937
    ));
#5678 = CARTESIAN_POINT('',(-46.13229491758,1.934950216264,
    27.61628918911));
#5679 = CARTESIAN_POINT('',(-45.696665547,1.619112733127,26.897275741381
    ));
#5680 = CARTESIAN_POINT('',(-45.25756420609,1.346057813179,
    26.172531749479));
#5681 = CARTESIAN_POINT('',(-44.81465567394,1.108248238359,
    25.441503925729));
#5682 = CARTESIAN_POINT('',(-44.36838014568,0.901002254802,
    24.70491881952));
#5683 = CARTESIAN_POINT('',(-43.92105110652,0.721724051652,
    23.966594876183));
#5684 = CARTESIAN_POINT('',(-43.47301798217,0.566407738009,
    23.227108828679));
#5685 = CARTESIAN_POINT('',(-43.0225833256,0.431556834967,
    22.483659012699));
#5686 = CARTESIAN_POINT('',(-42.57021852565,0.316400606463,
    21.737023463299));
#5687 = CARTESIAN_POINT('',(-42.11808587628,0.218474509781,
    20.990771082233));
#5688 = CARTESIAN_POINT('',(-41.66511122738,0.136317853285,
    20.243128967101));
#5689 = CARTESIAN_POINT('',(-41.21176332615,6.852590129042E-02,
    19.494870792847));
#5690 = CARTESIAN_POINT('',(-42.86416167673,30.,18.5));
#5691 = CARTESIAN_POINT('',(-43.30604351031,29.947520067869,
    19.261912659351));
#5692 = CARTESIAN_POINT('',(-43.74662357935,29.881527268765,
    20.024467682763));
#5693 = CARTESIAN_POINT('',(-44.18555301147,29.800781015349,
    20.787420170871));
#5694 = CARTESIAN_POINT('',(-44.62282787307,29.703571612763,
    21.551318845307));
#5695 = CARTESIAN_POINT('',(-45.05779022798,29.588225833843,
    22.315520419964));
#5696 = CARTESIAN_POINT('',(-45.4899394439,29.452663776629,
    23.079815652153));
#5697 = CARTESIAN_POINT('',(-45.91898179772,29.294180590783,
    23.844580018555));
#5698 = CARTESIAN_POINT('',(-46.34430870934,29.10951459944,
    24.609790854665));
#5699 = CARTESIAN_POINT('',(-46.76474637976,28.894840660397,
    25.374575250877));
#5700 = CARTESIAN_POINT('',(-47.17885972424,28.645389227552,
    26.137875793962));
#5701 = CARTESIAN_POINT('',(-47.58521881418,28.35473235825,
    26.899051203428));
#5702 = CARTESIAN_POINT('',(-47.98174408276,28.0141927863,
    27.656472839208));
#5703 = CARTESIAN_POINT('',(-48.3644348341,27.613116021405,
    28.404142747395));
#5704 = CARTESIAN_POINT('',(-48.91181005561,26.904481714958,
    29.497055409098));
#5705 = CARTESIAN_POINT('',(-49.08979928035,26.650485035557,
    29.856542006746));
#5706 = CARTESIAN_POINT('',(-49.26290676378,26.377090321759,
    30.2102465582));
#5707 = CARTESIAN_POINT('',(-49.43030546472,26.083574806007,
    30.5561183031));
#5708 = CARTESIAN_POINT('',(-49.59152696996,25.768419289907,
    30.892638353886));
#5709 = CARTESIAN_POINT('',(-49.7460196646,25.430477822461,
    31.217823510201));
#5710 = CARTESIAN_POINT('',(-49.89304047349,25.069522848957,
    31.528935761944));
#5711 = CARTESIAN_POINT('',(-50.03189877506,24.6859943508,
    31.823086834508));
#5712 = CARTESIAN_POINT('',(-50.16212666259,24.280782204467,
    32.097894121512));
#5713 = CARTESIAN_POINT('',(-50.28335833959,23.855478775458,
    32.351613906051));
#5714 = CARTESIAN_POINT('',(-50.39513060957,23.412669105125,
    32.582954753425));
#5715 = CARTESIAN_POINT('',(-50.49703371432,22.955394512902,
    32.791263206294));
#5716 = CARTESIAN_POINT('',(-50.58921471327,22.485847494702,
    32.977180288436));
#5717 = CARTESIAN_POINT('',(-50.75424875254,21.527246524366,
    33.305611049581));
#5718 = CARTESIAN_POINT('',(-50.82710875401,21.038200370232,
    33.448134699653));
#5719 = CARTESIAN_POINT('',(-50.89048272873,20.541650091946,
    33.56985332709));
#5720 = CARTESIAN_POINT('',(-50.94449974075,20.040676933104,
    33.671735808977));
#5721 = CARTESIAN_POINT('',(-50.99001508026,19.536052229903,
    33.756161025594));
#5722 = CARTESIAN_POINT('',(-51.02738330097,19.029271478302,
    33.824425410486));
#5723 = CARTESIAN_POINT('',(-51.05734818032,18.522578554442,
    33.878408039278));
#5724 = CARTESIAN_POINT('',(-51.08088227093,18.016216061401,
    33.920291150453));
#5725 = CARTESIAN_POINT('',(-51.09862784069,17.50954391487,
    33.951518355339));
#5726 = CARTESIAN_POINT('',(-51.11125557192,17.004192978807,
    33.973494100423));
#5727 = CARTESIAN_POINT('',(-51.11974562551,16.501360442118,
    33.988143040645));
#5728 = CARTESIAN_POINT('',(-51.12462363834,15.997533254128,
    33.996476685476));
#5729 = CARTESIAN_POINT('',(-51.12671254574,15.497071263392,
    34.000018534257));
#5730 = CARTESIAN_POINT('',(-51.12669062809,14.497315544003,
    33.999981361417));
#5731 = CARTESIAN_POINT('',(-51.12457838442,13.997880055997,
    33.996400184431));
#5732 = CARTESIAN_POINT('',(-51.11963307832,13.493230189385,
    33.987949099604));
#5733 = CARTESIAN_POINT('',(-51.11128913508,12.989074640895,
    33.973551708123));
#5734 = CARTESIAN_POINT('',(-51.09802005104,12.480165167533,
    33.950465048803));
#5735 = CARTESIAN_POINT('',(-51.08121008346,11.989734819743,
    33.920819521642));
#5736 = CARTESIAN_POINT('',(-51.05656401466,11.458302627274,
    33.877085725396));
#5737 = CARTESIAN_POINT('',(-51.02735794852,10.975307214484,
    33.824305938292));
#5738 = CARTESIAN_POINT('',(-50.98930762029,10.452380221195,
    33.75490122399));
#5739 = CARTESIAN_POINT('',(-50.94413469769,9.956361827439,
    33.671040819459));
#5740 = CARTESIAN_POINT('',(-50.88977710416,9.451841006865,
    33.568519777613));
#5741 = CARTESIAN_POINT('',(-50.82638868203,8.956350850113,
    33.446746212253));
#5742 = CARTESIAN_POINT('',(-50.75343142692,8.467335115724,
    33.30401025737));
#5743 = CARTESIAN_POINT('',(-50.58820590382,7.508973095421,
    32.97514728739));
#5744 = CARTESIAN_POINT('',(-50.4959175008,7.0395168464,32.788979251257)
  );
#5745 = CARTESIAN_POINT('',(-50.39391225416,6.582399674158,
    32.580449601658));
#5746 = CARTESIAN_POINT('',(-50.28209524018,6.139900999176,
    32.348973194248));
#5747 = CARTESIAN_POINT('',(-50.1607554639,5.714780743975,32.09499466891
    ));
#5748 = CARTESIAN_POINT('',(-50.03038841871,5.309679488384,
    31.819896795021));
#5749 = CARTESIAN_POINT('',(-49.89148509363,4.926450227568,
    31.525658628224));
#5750 = CARTESIAN_POINT('',(-49.74449757138,4.565948922755,
    31.214609884215));
#5751 = CARTESIAN_POINT('',(-49.58994628612,4.228257364859,
    30.889305976659));
#5752 = CARTESIAN_POINT('',(-49.42851524434,3.913024215738,
    30.552389143762));
#5753 = CARTESIAN_POINT('',(-49.26098907158,3.619588420048,
    30.206305043586));
#5754 = CARTESIAN_POINT('',(-49.08801961385,3.346793520366,
    29.852911084359));
#5755 = CARTESIAN_POINT('',(-48.90997001311,3.092911737433,
    29.493342619264));
#5756 = CARTESIAN_POINT('',(-48.3624720015,2.384795558786,
    28.400302569416));
#5757 = CARTESIAN_POINT('',(-47.97958399038,1.983898281032,
    27.652334897245));
#5758 = CARTESIAN_POINT('',(-47.58376572652,1.644357380565,
    26.89636090967));
#5759 = CARTESIAN_POINT('',(-47.17675935771,1.353177065887,
    26.133980767713));
#5760 = CARTESIAN_POINT('',(-46.76321825502,1.104501113715,
    25.371810742874));
#5761 = CARTESIAN_POINT('',(-46.34337861541,0.89019444222,
    24.608130260293));
#5762 = CARTESIAN_POINT('',(-45.91787111048,0.705301853223,
    23.842589230917));
#5763 = CARTESIAN_POINT('',(-45.48922130328,0.547291091007,
    23.078600108121));
#5764 = CARTESIAN_POINT('',(-45.05828242455,0.412147514105,
    22.31643092574));
#5765 = CARTESIAN_POINT('',(-44.62364327121,0.296380086316,
    21.552683330743));
#5766 = CARTESIAN_POINT('',(-44.18561190402,0.199324082334,
    20.787555737538));
#5767 = CARTESIAN_POINT('',(-43.74678100125,0.11847395001,20.02473068362
    ));
#5768 = CARTESIAN_POINT('',(-43.30609690304,5.248627239233E-02,
    19.262004708382));
#5769 = CARTESIAN_POINT('',(-42.86416167885,0.,18.5));
#5770 = ADVANCED_FACE('',(#5771),#5818,.F.);
#5771 = FACE_BOUND('',#5772,.T.);
#5772 = EDGE_LOOP('',(#5773,#5774,#5782,#5789,#5790,#5791,#5804));
#5773 = ORIENTED_EDGE('',*,*,#2508,.T.);
#5774 = ORIENTED_EDGE('',*,*,#5775,.F.);
#5775 = EDGE_CURVE('',#5776,#2509,#5778,.T.);
#5776 = VERTEX_POINT('',#5777);
#5777 = CARTESIAN_POINT('',(-51.75,15.,32.5));
#5778 = LINE('',#5779,#5780);
#5779 = CARTESIAN_POINT('',(-51.75,15.,0.));
#5780 = VECTOR('',#5781,1.);
#5781 = DIRECTION('',(0.,0.,1.));
#5782 = ORIENTED_EDGE('',*,*,#5783,.T.);
#5783 = EDGE_CURVE('',#5776,#5776,#5784,.T.);
#5784 = CIRCLE('',#5785,3.5);
#5785 = AXIS2_PLACEMENT_3D('',#5786,#5787,#5788);
#5786 = CARTESIAN_POINT('',(-55.25,15.,32.5));
#5787 = DIRECTION('',(0.,0.,-1.));
#5788 = DIRECTION('',(1.,0.,0.));
#5789 = ORIENTED_EDGE('',*,*,#5775,.T.);
#5790 = ORIENTED_EDGE('',*,*,#2620,.T.);
#5791 = ORIENTED_EDGE('',*,*,#5792,.T.);
#5792 = EDGE_CURVE('',#2621,#5793,#5795,.T.);
#5793 = VERTEX_POINT('',#5794);
#5794 = CARTESIAN_POINT('',(-58.73213511523,15.353178480704,
    33.999115658596));
#5795 = ( BOUNDED_CURVE() B_SPLINE_CURVE(7,(#5796,#5797,#5798,#5799,
    #5800,#5801,#5802,#5803),.UNSPECIFIED.,.F.,.F.) 
B_SPLINE_CURVE_WITH_KNOTS((8,8),(16.349804723539,18.29745903061),
.PIECEWISE_BEZIER_KNOTS.) CURVE() GEOMETRIC_REPRESENTATION_ITEM() 
RATIONAL_B_SPLINE_CURVE((1.,1.,1.,1.,1.,1.,1.,1.)) REPRESENTATION_ITEM(
  '') );
#5796 = CARTESIAN_POINT('',(-57.86849541066,17.322387087526,
    33.947186818609));
#5797 = CARTESIAN_POINT('',(-58.11989932475,17.03892874469,
    33.96224615707));
#5798 = CARTESIAN_POINT('',(-58.3063553542,16.756717395153,
    33.974139785023));
#5799 = CARTESIAN_POINT('',(-58.45416903095,16.475197959715,
    33.983295808213));
#5800 = CARTESIAN_POINT('',(-58.56591635164,16.194242015354,
    33.99005417895));
#5801 = CARTESIAN_POINT('',(-58.64879338089,15.913633098127,
    33.994744159459));
#5802 = CARTESIAN_POINT('',(-58.70372388462,15.633296747171,
    33.99766609121));
#5803 = CARTESIAN_POINT('',(-58.73213511523,15.353178480704,
    33.999115658596));
#5804 = ORIENTED_EDGE('',*,*,#5805,.T.);
#5805 = EDGE_CURVE('',#5793,#2452,#5806,.T.);
#5806 = ( BOUNDED_CURVE() B_SPLINE_CURVE(10,(#5807,#5808,#5809,#5810,
    #5811,#5812,#5813,#5814,#5815,#5816,#5817),.UNSPECIFIED.,.F.,.F.) 
B_SPLINE_CURVE_WITH_KNOTS((11,11),(18.29745903061,20.946846872058),
.PIECEWISE_BEZIER_KNOTS.) CURVE() GEOMETRIC_REPRESENTATION_ITEM() 
RATIONAL_B_SPLINE_CURVE((1.,1.,1.,1.,0.999999999999,1.000000000001,
0.999999999999,1.,1.,1.,1.)) REPRESENTATION_ITEM('') );
#5807 = CARTESIAN_POINT('',(-58.73213511523,15.353178480704,
    33.999115658596));
#5808 = CARTESIAN_POINT('',(-58.75918850867,15.086447701706,
    34.000495947867));
#5809 = CARTESIAN_POINT('',(-58.76328122486,14.819872799992,
    34.000558693221));
#5810 = CARTESIAN_POINT('',(-58.74518782293,14.553691992927,
    33.99977918985));
#5811 = CARTESIAN_POINT('',(-58.70473029313,14.286588591113,
    33.998229385754));
#5812 = CARTESIAN_POINT('',(-58.64137734327,14.019792954294,
    33.994112066314));
#5813 = CARTESIAN_POINT('',(-58.55281995332,13.75227497792,
    33.989602661746));
#5814 = CARTESIAN_POINT('',(-58.43809693325,13.484613033057,
    33.982221591487));
#5815 = CARTESIAN_POINT('',(-58.29112331313,13.216385603012,
    33.973153268508));
#5816 = CARTESIAN_POINT('',(-58.1078923459,12.947533357992,
    33.961526950987));
#5817 = CARTESIAN_POINT('',(-57.86849537588,12.677612873258,
    33.947186816956));
#5818 = CYLINDRICAL_SURFACE('',#5819,3.5);
#5819 = AXIS2_PLACEMENT_3D('',#5820,#5821,#5822);
#5820 = CARTESIAN_POINT('',(-55.25,15.,0.));
#5821 = DIRECTION('',(-0.,-0.,-1.));
#5822 = DIRECTION('',(1.,0.,0.));
#5823 = ADVANCED_FACE('',(#5824),#5835,.F.);
#5824 = FACE_BOUND('',#5825,.F.);
#5825 = EDGE_LOOP('',(#5826,#5832,#5833,#5834));
#5826 = ORIENTED_EDGE('',*,*,#5827,.F.);
#5827 = EDGE_CURVE('',#5793,#2814,#5828,.T.);
#5828 = ( BOUNDED_CURVE() B_SPLINE_CURVE(2,(#5829,#5830,#5831),
.UNSPECIFIED.,.F.,.F.) B_SPLINE_CURVE_WITH_KNOTS((3,3),(0.,
1.947654307071),.PIECEWISE_BEZIER_KNOTS.) CURVE() 
GEOMETRIC_REPRESENTATION_ITEM() RATIONAL_B_SPLINE_CURVE((1.,
0.841284489253,1.)) REPRESENTATION_ITEM('') );
#5829 = CARTESIAN_POINT('',(-58.73213511523,15.353178480704,
    33.999115658596));
#5830 = CARTESIAN_POINT('',(-60.5736658253,15.348982467398,
    33.429089917997));
#5831 = CARTESIAN_POINT('',(-60.82035791824,15.338884225317,
    31.517226077418));
#5832 = ORIENTED_EDGE('',*,*,#5805,.T.);
#5833 = ORIENTED_EDGE('',*,*,#2907,.T.);
#5834 = ORIENTED_EDGE('',*,*,#2813,.F.);
#5835 = ( BOUNDED_SURFACE() B_SPLINE_SURFACE(2,10,(
    (#5836,#5837,#5838,#5839,#5840,#5841,#5842,#5843,#5844,#5845,#5846)
    ,(#5847,#5848,#5849,#5850,#5851,#5852,#5853,#5854,#5855,#5856,#5857)
    ,(#5858,#5859,#5860,#5861,#5862,#5863,#5864,#5865,#5866,#5867,#5868
)),.UNSPECIFIED.,.F.,.F.,.F.) B_SPLINE_SURFACE_WITH_KNOTS((3,3),(11,11),
  (0.,2.649387841448),(18.29745903061,20.946846872058),
.PIECEWISE_BEZIER_KNOTS.) GEOMETRIC_REPRESENTATION_ITEM() 
RATIONAL_B_SPLINE_SURFACE((
    (1.,1.,1.,1.,0.999999999999,1.000000000001,0.999999999999,1.,1.,1.
      ,1.)
    ,(0.841284489253,0.843959723241,0.844352620364,0.842576992847
      ,0.838592836729,0.832349128969,0.82349194687,0.81194561761
      ,0.796771188926,0.777481741013,0.750929797996)
    ,(1.,1.,1.,1.,0.999999999999,1.000000000001,0.999999999999,1.,1.,1.
,1.))) REPRESENTATION_ITEM('') SURFACE() );
#5836 = CARTESIAN_POINT('',(-60.82035791822,15.338884225318,
    31.517226077557));
#5837 = CARTESIAN_POINT('',(-60.81905477553,15.083924292589,
    31.527325434049));
#5838 = CARTESIAN_POINT('',(-60.81882859121,14.827591576538,
    31.529078362651));
#5839 = CARTESIAN_POINT('',(-60.8197263615,14.567090466127,
    31.522120642438));
#5840 = CARTESIAN_POINT('',(-60.82170309907,14.315872017175,
    31.506800925356));
#5841 = CARTESIAN_POINT('',(-60.82495264067,14.061965682021,
    31.481616976359));
#5842 = CARTESIAN_POINT('',(-60.82881352538,13.813887307977,
    31.451695117958));
#5843 = CARTESIAN_POINT('',(-60.83347717413,13.566173096408,
    31.415551837879));
#5844 = CARTESIAN_POINT('',(-60.83803379357,13.320968663328,
    31.380238035006));
#5845 = CARTESIAN_POINT('',(-60.84217510348,13.077810954876,
    31.348142881157));
#5846 = CARTESIAN_POINT('',(-60.84383770213,12.835487280602,
    31.335257740872));
#5847 = CARTESIAN_POINT('',(-60.5736658253,15.348982467398,
    33.429089917997));
#5848 = CARTESIAN_POINT('',(-60.57503709546,15.086477492899,
    33.418462573543));
#5849 = CARTESIAN_POINT('',(-60.57521898632,14.822251980476,
    33.417052919303));
#5850 = CARTESIAN_POINT('',(-60.57432533615,14.556005425001,
    33.423978708531));
#5851 = CARTESIAN_POINT('',(-60.57229054627,14.291322468268,
    33.439748331137));
#5852 = CARTESIAN_POINT('',(-60.5691949139,14.025445058656,
    33.463739483475));
#5853 = CARTESIAN_POINT('',(-60.5641997397,13.760638807998,
    33.502452085994));
#5854 = CARTESIAN_POINT('',(-60.55719887421,13.494929282684,
    33.556708796948));
#5855 = CARTESIAN_POINT('',(-60.54664309093,13.229459339443,
    33.638516122493));
#5856 = CARTESIAN_POINT('',(-60.53133676983,12.962745269855,
    33.757140118543));
#5857 = CARTESIAN_POINT('',(-60.506691986,12.695501777862,
    33.948137205166));
#5858 = CARTESIAN_POINT('',(-58.73213511523,15.353178480704,
    33.999115658596));
#5859 = CARTESIAN_POINT('',(-58.75918850867,15.086447701706,
    34.000495947867));
#5860 = CARTESIAN_POINT('',(-58.76328122486,14.819872799992,
    34.000558693221));
#5861 = CARTESIAN_POINT('',(-58.74518782293,14.553691992927,
    33.99977918985));
#5862 = CARTESIAN_POINT('',(-58.70473029313,14.286588591113,
    33.998229385754));
#5863 = CARTESIAN_POINT('',(-58.64137734327,14.019792954294,
    33.994112066314));
#5864 = CARTESIAN_POINT('',(-58.55281995332,13.75227497792,
    33.989602661746));
#5865 = CARTESIAN_POINT('',(-58.43809693325,13.484613033057,
    33.982221591487));
#5866 = CARTESIAN_POINT('',(-58.29112331313,13.216385603012,
    33.973153268508));
#5867 = CARTESIAN_POINT('',(-58.1078923459,12.947533357992,
    33.961526950987));
#5868 = CARTESIAN_POINT('',(-57.86849537588,12.677612873258,
    33.947186816956));
#5869 = ADVANCED_FACE('',(#5870),#5876,.F.);
#5870 = FACE_BOUND('',#5871,.F.);
#5871 = EDGE_LOOP('',(#5872,#5873,#5874,#5875));
#5872 = ORIENTED_EDGE('',*,*,#3078,.F.);
#5873 = ORIENTED_EDGE('',*,*,#5792,.T.);
#5874 = ORIENTED_EDGE('',*,*,#5827,.T.);
#5875 = ORIENTED_EDGE('',*,*,#2829,.F.);
#5876 = ( BOUNDED_SURFACE() B_SPLINE_SURFACE(2,7,(
    (#5877,#5878,#5879,#5880,#5881,#5882,#5883,#5884)
    ,(#5885,#5886,#5887,#5888,#5889,#5890,#5891,#5892)
    ,(#5893,#5894,#5895,#5896,#5897,#5898,#5899,#5900
)),.UNSPECIFIED.,.F.,.F.,.F.) B_SPLINE_SURFACE_WITH_KNOTS((3,3),(8,8),(
    0.,1.947654307071),(16.349804723539,18.29745903061),
.PIECEWISE_BEZIER_KNOTS.) GEOMETRIC_REPRESENTATION_ITEM() 
RATIONAL_B_SPLINE_SURFACE((
    (1.,1.,1.,1.,1.,1.,1.,1.)
    ,(0.750929801848,0.778813455862,0.798304184784,0.8135457694
      ,0.824750895981,0.833035554306,0.838474982566,0.841284489253)
,(1.,1.,1.,1.,1.,1.,1.,1.))) REPRESENTATION_ITEM('') SURFACE() );
#5877 = CARTESIAN_POINT('',(-60.8438409131,17.164985644518,
    31.335232855783));
#5878 = CARTESIAN_POINT('',(-60.84209514685,16.91062242581,
    31.348762545093));
#5879 = CARTESIAN_POINT('',(-60.83749294975,16.655203886943,
    31.384429574838));
#5880 = CARTESIAN_POINT('',(-60.83272259672,16.396827288668,
    31.421399813165));
#5881 = CARTESIAN_POINT('',(-60.82805606118,16.135900531764,
    31.457565465881));
#5882 = CARTESIAN_POINT('',(-60.8243428603,15.872398821087,
    31.486342774512));
#5883 = CARTESIAN_POINT('',(-60.82172646696,15.606640854842,
    31.506619824152));
#5884 = CARTESIAN_POINT('',(-60.82035791824,15.338884225317,
    31.517226077418));
#5885 = CARTESIAN_POINT('',(-60.50669235362,17.304551773545,
    33.948134356136));
#5886 = CARTESIAN_POINT('',(-60.53252917089,17.024427079453,
    33.747899009673));
#5887 = CARTESIAN_POINT('',(-60.5477101038,16.743668542662,
    33.630246772238));
#5888 = CARTESIAN_POINT('',(-60.55808779725,16.464239291709,
    33.549819642983));
#5889 = CARTESIAN_POINT('',(-60.56477719219,16.18435819058,
    33.497976828909));
#5890 = CARTESIAN_POINT('',(-60.56935737432,15.905201953175,
    33.462480415156));
#5891 = CARTESIAN_POINT('',(-60.57221630956,15.626466147916,
    33.440323665695));
#5892 = CARTESIAN_POINT('',(-60.5736658253,15.348982467398,
    33.429089917997));
#5893 = CARTESIAN_POINT('',(-57.86849541066,17.322387087526,
    33.947186818609));
#5894 = CARTESIAN_POINT('',(-58.11989932475,17.03892874469,
    33.96224615707));
#5895 = CARTESIAN_POINT('',(-58.3063553542,16.756717395153,
    33.974139785023));
#5896 = CARTESIAN_POINT('',(-58.45416903095,16.475197959715,
    33.983295808213));
#5897 = CARTESIAN_POINT('',(-58.56591635164,16.194242015354,
    33.99005417895));
#5898 = CARTESIAN_POINT('',(-58.64879338089,15.913633098127,
    33.994744159459));
#5899 = CARTESIAN_POINT('',(-58.70372388462,15.633296747171,
    33.99766609121));
#5900 = CARTESIAN_POINT('',(-58.73213511523,15.353178480704,
    33.999115658596));
#5901 = ADVANCED_FACE('',(#5902),#5908,.F.);
#5902 = FACE_BOUND('',#5903,.F.);
#5903 = EDGE_LOOP('',(#5904,#5905,#5906,#5907));
#5904 = ORIENTED_EDGE('',*,*,#3345,.T.);
#5905 = ORIENTED_EDGE('',*,*,#3444,.T.);
#5906 = ORIENTED_EDGE('',*,*,#4325,.F.);
#5907 = ORIENTED_EDGE('',*,*,#5435,.F.);
#5908 = ( BOUNDED_SURFACE() B_SPLINE_SURFACE(2,14,(
    (#5909,#5910,#5911,#5912,#5913,#5914,#5915,#5916,#5917,#5918,#5919
      ,#5920,#5921,#5922,#5923,#5924,#5925,#5926,#5927,#5928,#5929,#5930
      ,#5931,#5932,#5933,#5934,#5935,#5936,#5937,#5938,#5939,#5940,#5941
      ,#5942,#5943,#5944,#5945,#5946,#5947,#5948,#5949,#5950,#5951,#5952
      ,#5953,#5954,#5955,#5956,#5957,#5958,#5959,#5960,#5961,#5962,#5963
      ,#5964,#5965,#5966,#5967,#5968,#5969,#5970,#5971,#5972,#5973,#5974
      ,#5975,#5976,#5977,#5978,#5979,#5980,#5981,#5982,#5983,#5984,#5985
      ,#5986,#5987,#5988)
    ,(#5989,#5990,#5991,#5992,#5993,#5994,#5995,#5996,#5997,#5998,#5999
      ,#6000,#6001,#6002,#6003,#6004,#6005,#6006,#6007,#6008,#6009,#6010
      ,#6011,#6012,#6013,#6014,#6015,#6016,#6017,#6018,#6019,#6020,#6021
      ,#6022,#6023,#6024,#6025,#6026,#6027,#6028,#6029,#6030,#6031,#6032
      ,#6033,#6034,#6035,#6036,#6037,#6038,#6039,#6040,#6041,#6042,#6043
      ,#6044,#6045,#6046,#6047,#6048,#6049,#6050,#6051,#6052,#6053,#6054
      ,#6055,#6056,#6057,#6058,#6059,#6060,#6061,#6062,#6063,#6064,#6065
      ,#6066,#6067,#6068)
    ,(#6069,#6070,#6071,#6072,#6073,#6074,#6075,#6076,#6077,#6078,#6079
      ,#6080,#6081,#6082,#6083,#6084,#6085,#6086,#6087,#6088,#6089,#6090
      ,#6091,#6092,#6093,#6094,#6095,#6096,#6097,#6098,#6099,#6100,#6101
      ,#6102,#6103,#6104,#6105,#6106,#6107,#6108,#6109,#6110,#6111,#6112
      ,#6113,#6114,#6115,#6116,#6117,#6118,#6119,#6120,#6121,#6122,#6123
      ,#6124,#6125,#6126,#6127,#6128,#6129,#6130,#6131,#6132,#6133,#6134
      ,#6135,#6136,#6137,#6138,#6139,#6140,#6141,#6142,#6143,#6144,#6145
      ,#6146,#6147,#6148
)),.UNSPECIFIED.,.F.,.F.,.F.) B_SPLINE_SURFACE_WITH_KNOTS((3,3),(15,13,
    13,13,13,13,15),(0.,51.710011498228),(1.221599137154,14.149102011711
    ,20.612853448989,27.076604886268,33.540356323546,40.004107760825,
52.931610635382),.UNSPECIFIED.) GEOMETRIC_REPRESENTATION_ITEM() 
RATIONAL_B_SPLINE_SURFACE((
    (1.,1.,1.000000000001,0.999999999999,1.000000000003,0.999999999996
      ,1.000000000004,0.999999999996,1.000000000003,0.999999999998
      ,1.000000000001,1.,1.,1.,1.,1.000000000001,0.999999999998
      ,1.000000000005,0.999999999993,1.000000000009,0.999999999991
      ,1.000000000007,0.999999999995,1.000000000002,0.999999999999,1.,1.
      ,1.,0.999999999998,1.000000000005,0.999999999989,1.000000000018
      ,0.999999999975,1.000000000028,0.999999999975,1.000000000018
      ,0.99999999999,1.000000000005,0.999999999999,1.,1.,0.999999999998
      ,1.000000000006,0.999999999987,1.000000000023,0.999999999968
      ,1.000000000036,0.999999999966,1.000000000025,0.999999999985
      ,1.000000000007,0.999999999998,1.,1.,0.999999999999,1.000000000004
      ,0.999999999991,1.000000000015,0.999999999981,1.00000000002
      ,0.999999999983,1.000000000012,0.999999999993,1.000000000003
      ,0.999999999999,1.,1.,1.,1.,0.999999999999,1.000000000002
      ,0.999999999997,1.000000000004,0.999999999995,1.000000000004
      ,0.999999999998,1.000000000001,1.,1.,1.)
    ,(0.719588165581,0.722520763782,0.72569167789,0.729127499007
      ,0.732873499099,0.73696403639,0.741447611745,0.746391752316
      ,0.751871364918,0.757964841022,0.764767059014,0.772399569901
      ,0.780977720514,0.790504316216,0.805830397426,0.81111101208
      ,0.816536609876,0.822048964787,0.82758654344,0.833063786622
      ,0.838364190386,0.843357825492,0.847930089671,0.852004501481
      ,0.855550048829,0.858574842862,0.861114431051,0.865319435715
      ,0.866984763659,0.868261993635,0.869210085287,0.869902416904
      ,0.870392478185,0.870728994658,0.870955019626,0.871099101471
      ,0.871183360535,0.871230647729,0.871251640349,0.871258634504
      ,0.871258560355,0.871251506327,0.871230037251,0.871183530648
      ,0.871095365838,0.870954082667,0.870726904251,0.870386713088
      ,0.869895549416,0.869203208816,0.86824940362,0.866969833934
      ,0.86530059922,0.861086764676,0.858541634767,0.855512490217
      ,0.851962363785,0.847881752943,0.843304297431,0.838309189689
      ,0.833009298496,0.827530154512,0.821987975369,0.816474812738
      ,0.811055668506,0.805776066312,0.790455067496,0.780930107153
      ,0.772374692923,0.764730778374,0.75794395082,0.751860223862
      ,0.746378064397,0.741444767273,0.736972402866,0.732875542079
      ,0.729130699953,0.725692026715,0.722521116948,0.719588165267)
    ,(1.,1.,1.000000000001,0.999999999999,1.000000000003,0.999999999996
      ,1.000000000004,0.999999999996,1.000000000003,0.999999999998
      ,1.000000000001,1.,1.,1.,1.,1.000000000001,0.999999999998
      ,1.000000000005,0.999999999993,1.000000000009,0.999999999991
      ,1.000000000007,0.999999999995,1.000000000002,0.999999999999,1.,1.
      ,1.,0.999999999998,1.000000000005,0.999999999989,1.000000000018
      ,0.999999999975,1.000000000028,0.999999999975,1.000000000018
      ,0.99999999999,1.000000000005,0.999999999999,1.,1.,0.999999999998
      ,1.000000000006,0.999999999987,1.000000000023,0.999999999968
      ,1.000000000036,0.999999999966,1.000000000025,0.999999999985
      ,1.000000000007,0.999999999998,1.,1.,0.999999999999,1.000000000004
      ,0.999999999991,1.000000000015,0.999999999981,1.00000000002
      ,0.999999999983,1.000000000012,0.999999999993,1.000000000003
      ,0.999999999999,1.,1.,1.,1.,0.999999999999,1.000000000002
      ,0.999999999997,1.000000000004,0.999999999995,1.000000000004
,0.999999999998,1.000000000001,1.,1.,1.
))) REPRESENTATION_ITEM('') SURFACE() );
#5909 = CARTESIAN_POINT('',(41.133745233445,28.007359903473,
    19.366100646457));
#5910 = CARTESIAN_POINT('',(41.574244284872,27.957872601727,
    20.093151582584));
#5911 = CARTESIAN_POINT('',(42.013306808345,27.895789776109,
    20.817831505673));
#5912 = CARTESIAN_POINT('',(42.450530884525,27.820120612019,
    21.539477041243));
#5913 = CARTESIAN_POINT('',(42.885971913192,27.729389875042,
    22.25817962753));
#5914 = CARTESIAN_POINT('',(43.318905866701,27.622349845943,
    22.972744245011));
#5915 = CARTESIAN_POINT('',(43.748780848877,27.497420146563,
    23.682259979932));
#5916 = CARTESIAN_POINT('',(44.17532881146,27.352525075581,
    24.386284414256));
#5917 = CARTESIAN_POINT('',(44.597987577561,27.18530542502,
    25.083889665752));
#5918 = CARTESIAN_POINT('',(45.015595661856,26.993200674676,
    25.773158683784));
#5919 = CARTESIAN_POINT('',(45.426747737874,26.77314479048,
    26.451771953874));
#5920 = CARTESIAN_POINT('',(45.830215985947,26.521111074295,
    27.11770293944));
#5921 = CARTESIAN_POINT('',(46.224430933139,26.231995510238,
    27.768361199575));
#5922 = CARTESIAN_POINT('',(46.606153772758,25.899860307093,
    28.398401030503));
#5923 = CARTESIAN_POINT('',(47.155132364097,25.325399882834,
    29.304499233108));
#5924 = CARTESIAN_POINT('',(47.334176190426,25.121229605967,
    29.600014015983));
#5925 = CARTESIAN_POINT('',(47.508895016442,24.903248308089,
    29.888390314653));
#5926 = CARTESIAN_POINT('',(47.678515075095,24.670964795496,
    30.16835101382));
#5927 = CARTESIAN_POINT('',(47.84266410588,24.42290340865,
    30.439281691486));
#5928 = CARTESIAN_POINT('',(48.000771892404,24.157815209725,
    30.700241195944));
#5929 = CARTESIAN_POINT('',(48.151922401216,23.875016295227,
    30.949717599136));
#5930 = CARTESIAN_POINT('',(48.295165069606,23.573926541685,
    31.186141981389));
#5931 = CARTESIAN_POINT('',(48.429760835965,23.25389290728,
    31.408294509608));
#5932 = CARTESIAN_POINT('',(48.555092473391,22.914756597271,
    31.615156440428));
#5933 = CARTESIAN_POINT('',(48.670483730565,22.557494813104,
    31.805611610047));
#5934 = CARTESIAN_POINT('',(48.775422749775,22.183767182772,
    31.978815188812));
#5935 = CARTESIAN_POINT('',(48.870147276687,21.794456167197,
    32.135159579891));
#5936 = CARTESIAN_POINT('',(49.03924741649,20.988426851213,
    32.414262144459));
#5937 = CARTESIAN_POINT('',(49.113644701379,20.571786279063,
    32.537056087938));
#5938 = CARTESIAN_POINT('',(49.17808751546,20.142089183733,
    32.643420013476));
#5939 = CARTESIAN_POINT('',(49.232838107104,19.705144779857,
    32.733786766314));
#5940 = CARTESIAN_POINT('',(49.278840419647,19.254024735889,
    32.809714340496));
#5941 = CARTESIAN_POINT('',(49.316479189831,18.799824433533,
    32.871837750294));
#5942 = CARTESIAN_POINT('',(49.346600214334,18.340285534669,
    32.92155299713));
#5943 = CARTESIAN_POINT('',(49.37025162686,17.87099123333,
    32.960590042846));
#5944 = CARTESIAN_POINT('',(49.388055407545,17.400371501309,
    32.989975475977));
#5945 = CARTESIAN_POINT('',(49.400689436223,16.929031166119,
    33.010828148292));
#5946 = CARTESIAN_POINT('',(49.409205075564,16.446609118405,
    33.024883351216));
#5947 = CARTESIAN_POINT('',(49.414082783702,15.968839376484,
    33.032934088798));
#5948 = CARTESIAN_POINT('',(49.416173271937,15.483556735981,
    33.036384474042));
#5949 = CARTESIAN_POINT('',(49.416151035246,14.510899568526,
    33.03634777202));
#5950 = CARTESIAN_POINT('',(49.414028501347,14.023751731315,
    33.032844494869));
#5951 = CARTESIAN_POINT('',(49.409136782628,13.547271706126,
    33.02477063262));
#5952 = CARTESIAN_POINT('',(49.400258198562,13.069226588292,
    33.010116383392));
#5953 = CARTESIAN_POINT('',(49.388920035495,12.603695717541,
    32.991402558707));
#5954 = CARTESIAN_POINT('',(49.368370459594,12.09569430268,
    32.957485145221));
#5955 = CARTESIAN_POINT('',(49.347936840559,11.690075301082,
    32.923759120813));
#5956 = CARTESIAN_POINT('',(49.31502139366,11.167404246958,
    32.86943163363));
#5957 = CARTESIAN_POINT('',(49.278810122203,10.754591580125,
    32.809664334131));
#5958 = CARTESIAN_POINT('',(49.232234430828,10.28581769551,
    32.732790388641));
#5959 = CARTESIAN_POINT('',(49.177437613935,9.853603817819,
    32.642347340329));
#5960 = CARTESIAN_POINT('',(49.11289985245,9.42335754538,32.535826702512
    ));
#5961 = CARTESIAN_POINT('',(49.038408474466,9.006936266433,
    32.412877456838));
#5962 = CARTESIAN_POINT('',(48.869109603618,8.201240752765,
    32.133446883408));
#5963 = CARTESIAN_POINT('',(48.774281780401,7.812113473379,
    31.97693200008));
#5964 = CARTESIAN_POINT('',(48.669225165349,7.438502331507,
    31.803534327435));
#5965 = CARTESIAN_POINT('',(48.553799120522,7.081581765126,
    31.613021740236));
#5966 = CARTESIAN_POINT('',(48.428359246821,6.742647442299,
    31.405981163638));
#5967 = CARTESIAN_POINT('',(48.293600867852,6.422648668772,
    31.183560240665));
#5968 = CARTESIAN_POINT('',(48.150299430434,6.121751849893,
    30.947038859114));
#5969 = CARTESIAN_POINT('',(47.999202011547,5.839368865098,
    30.697650081771));
#5970 = CARTESIAN_POINT('',(47.84106613305,5.574551006118,
    30.436644211005));
#5971 = CARTESIAN_POINT('',(47.676711832186,5.326390012911,
    30.165374731723));
#5972 = CARTESIAN_POINT('',(47.506950410044,5.09408264772,
    29.885180709775));
#5973 = CARTESIAN_POINT('',(47.33237848788,4.876604246343,
    29.597046878338));
#5974 = CARTESIAN_POINT('',(47.153278938687,4.672499714141,
    29.301440123957));
#5975 = CARTESIAN_POINT('',(46.604194913605,4.098413198637,
    28.395167901224));
#5976 = CARTESIAN_POINT('',(46.222416435536,3.766555469106,
    27.765036238118));
#5977 = CARTESIAN_POINT('',(45.82832254699,3.47744813019,27.114577787268
    ));
#5978 = CARTESIAN_POINT('',(45.424626817054,3.226000091408,
    26.448271339154));
#5979 = CARTESIAN_POINT('',(45.014464095255,3.006355582719,
    25.771291014464));
#5980 = CARTESIAN_POINT('',(44.597111531801,2.814211946371,
    25.08244373783));
#5981 = CARTESIAN_POINT('',(44.174066860176,2.647106913851,
    24.384201542856));
#5982 = CARTESIAN_POINT('',(43.7481863441,2.502618767006,23.681278740044
    ));
#5983 = CARTESIAN_POINT('',(43.319463393693,2.377837890655,
    22.973664452462));
#5984 = CARTESIAN_POINT('',(42.886552858275,2.270638835884,
    22.259138486973));
#5985 = CARTESIAN_POINT('',(42.450714416766,2.179964348449,
    21.539779964218));
#5986 = CARTESIAN_POINT('',(42.013455370115,2.104214762972,
    20.818076709323));
#5987 = CARTESIAN_POINT('',(41.574301994557,2.042134095836,
    20.093246833369));
#5988 = CARTESIAN_POINT('',(41.133746598235,1.992640302597,
    19.366102899064));
#5989 = CARTESIAN_POINT('',(41.211763278601,29.931474104115,
    19.494870714363));
#5990 = CARTESIAN_POINT('',(41.665056518466,29.863690322977,
    20.243038669132));
#5991 = CARTESIAN_POINT('',(42.117937322883,29.781527599603,
    20.990525892409));
#5992 = CARTESIAN_POINT('',(42.570112714472,29.683718042107,
    21.736848820183));
#5993 = CARTESIAN_POINT('',(43.021821801801,29.568421807013,
    22.48240210514));
#5994 = CARTESIAN_POINT('',(43.472467671897,29.433967138219,
    23.226200532476));
#5995 = CARTESIAN_POINT('',(43.921710230064,29.278242285664,
    23.967682770482));
#5996 = CARTESIAN_POINT('',(44.369540441381,29.098466902965,
    24.706833906625));
#5997 = CARTESIAN_POINT('',(44.815638478326,28.891365229372,
    25.443126060593));
#5998 = CARTESIAN_POINT('',(45.259098951733,28.653216386944,
    26.175064872394));
#5999 = CARTESIAN_POINT('',(45.698837947829,28.379446756974,
    26.900861324721));
#6000 = CARTESIAN_POINT('',(46.133934974348,28.063939600158,
    27.618996129788));
#6001 = CARTESIAN_POINT('',(46.562851826257,27.698688254943,
    28.326930454944));
#6002 = CARTESIAN_POINT('',(46.981711294692,27.274515806905,
    29.018264903098));
#6003 = CARTESIAN_POINT('',(47.582995948402,26.542213814777,
    30.010695122737));
#6004 = CARTESIAN_POINT('',(47.776915724656,26.285367235925,
    30.330762905862));
#6005 = CARTESIAN_POINT('',(47.966432528136,26.011392271039,
    30.643563509942));
#6006 = CARTESIAN_POINT('',(48.150588128231,25.719930258327,
    30.94751535957));
#6007 = CARTESIAN_POINT('',(48.328802640402,25.409722463839,
    31.241661345781));
#6008 = CARTESIAN_POINT('',(48.500318795061,25.079842253519,
    31.524751582639));
#6009 = CARTESIAN_POINT('',(48.664045660606,24.730157072487,
    31.794985469584));
#6010 = CARTESIAN_POINT('',(48.818843852081,24.360965812569,
    32.050482432999));
#6011 = CARTESIAN_POINT('',(48.963785960684,23.972773649749,
    32.289711769355));
#6012 = CARTESIAN_POINT('',(49.098139735015,23.566639912455,
    32.51146488571));
#6013 = CARTESIAN_POINT('',(49.221252452936,23.144568758213,
    32.714664453383));
#6014 = CARTESIAN_POINT('',(49.332722147806,22.709000985947,
    32.898647019846));
#6015 = CARTESIAN_POINT('',(49.432830365296,22.261512344585,
    33.063877280851));
#6016 = CARTESIAN_POINT('',(49.61034321774,21.34907904306,
    33.356865166128));
#6017 = CARTESIAN_POINT('',(49.688046877756,20.883333496736,
    33.485116336186));
#6018 = CARTESIAN_POINT('',(49.755158908062,20.408477438558,
    33.595885847044));
#6019 = CARTESIAN_POINT('',(49.811956884927,19.928460796653,
    33.689631842895));
#6020 = CARTESIAN_POINT('',(49.859492031578,19.441393603465,
    33.768089385007));
#6021 = CARTESIAN_POINT('',(49.898263799803,18.95202165137,
    33.832082826721));
#6022 = CARTESIAN_POINT('',(49.929179832576,18.461024453405,
    33.883110247803));
#6023 = CARTESIAN_POINT('',(49.953352879183,17.967040410575,
    33.923008259143));
#6024 = CARTESIAN_POINT('',(49.971497812779,17.47249303632,
    33.952956770783));
#6025 = CARTESIAN_POINT('',(49.984349410128,16.978631008449,
    33.974168543761));
#6026 = CARTESIAN_POINT('',(49.992970845809,16.482709650343,
    33.988398365293));
#6027 = CARTESIAN_POINT('',(49.997903505871,15.987746987466,
    33.996539801925));
#6028 = CARTESIAN_POINT('',(50.000011017239,15.492458491991,
    34.000018284135));
#6029 = CARTESIAN_POINT('',(49.999988798912,14.501951993864,
    33.99998161242));
#6030 = CARTESIAN_POINT('',(49.997854781194,14.006702605245,
    33.996459381043));
#6031 = CARTESIAN_POINT('',(49.992872029479,13.511639592918,
    33.988235267318));
#6032 = CARTESIAN_POINT('',(49.98422426181,13.016339192943,
    33.973961984393));
#6033 = CARTESIAN_POINT('',(49.971383563154,12.522106952686,
    33.952768199908));
#6034 = CARTESIAN_POINT('',(49.952923312306,12.025519935548,
    33.92229925193));
#6035 = CARTESIAN_POINT('',(49.929115320683,11.536735007055,
    33.883003769871));
#6036 = CARTESIAN_POINT('',(49.897732193165,11.039796963143,
    33.831205401202));
#6037 = CARTESIAN_POINT('',(49.858999402603,10.55393323446,
    33.767276292784));
#6038 = CARTESIAN_POINT('',(49.811490716466,10.066487250865,
    33.688862424167));
#6039 = CARTESIAN_POINT('',(49.754438589273,9.585751619803,
    33.59469694903));
#6040 = CARTESIAN_POINT('',(49.687278476435,9.111402411585,
    33.483848077153));
#6041 = CARTESIAN_POINT('',(49.609468448626,8.645745240655,
    33.355421345305));
#6042 = CARTESIAN_POINT('',(49.431737740343,7.733562353731,
    33.062073885378));
#6043 = CARTESIAN_POINT('',(49.331505500388,7.286178863103,
    32.896638923256));
#6044 = CARTESIAN_POINT('',(49.219922073496,6.850742701605,
    32.712468640206));
#6045 = CARTESIAN_POINT('',(49.096745597629,6.428967948009,
    32.50916383902));
#6046 = CARTESIAN_POINT('',(48.962262809443,6.023001664894,
    32.287197783127));
#6047 = CARTESIAN_POINT('',(48.817166171081,5.634879566334,
    32.047713392933));
#6048 = CARTESIAN_POINT('',(48.662316135527,5.265937586224,
    31.792130859919));
#6049 = CARTESIAN_POINT('',(48.498621719937,4.91667705832,
    31.521950532257));
#6050 = CARTESIAN_POINT('',(48.327043747608,4.587032097787,
    31.238758264234));
#6051 = CARTESIAN_POINT('',(48.148609246988,4.276712243941,
    30.944249183522));
#6052 = CARTESIAN_POINT('',(47.964321556038,3.985281303874,
    30.640079315733));
#6053 = CARTESIAN_POINT('',(47.774959450252,3.711891354094,
    30.327534042756));
#6054 = CARTESIAN_POINT('',(47.580980090435,3.455132874712,
    30.007367915977));
#6055 = CARTESIAN_POINT('',(46.979583860584,2.723300669319,
    29.014753538081));
#6056 = CARTESIAN_POINT('',(46.560563842068,2.299317837076,
    28.323154099372));
#6057 = CARTESIAN_POINT('',(46.132294917586,1.934950216246,
    27.616289189107));
#6058 = CARTESIAN_POINT('',(45.696665547003,1.619112733162,
    26.897275741384));
#6059 = CARTESIAN_POINT('',(45.257564206101,1.346057813126,
    26.172531749482));
#6060 = CARTESIAN_POINT('',(44.814655673919,1.108248238422,
    25.441503925714));
#6061 = CARTESIAN_POINT('',(44.368380145712,0.901002254745,
    24.704918819548));
#6062 = CARTESIAN_POINT('',(43.921051106489,0.721724051692,
    23.966594876148));
#6063 = CARTESIAN_POINT('',(43.473017982204,0.566407737988,
    23.227108828714));
#6064 = CARTESIAN_POINT('',(43.022583325585,0.431556834973,
    22.483659012672));
#6065 = CARTESIAN_POINT('',(42.570218525672,0.316400606462,
    21.737023463315));
#6066 = CARTESIAN_POINT('',(42.118085876275,0.218474509781,
    20.990771082227));
#6067 = CARTESIAN_POINT('',(41.665111227384,0.136317853285,
    20.243128967103));
#6068 = CARTESIAN_POINT('',(41.211763326152,6.852590129041E-02,
    19.494870792847));
#6069 = CARTESIAN_POINT('',(42.864161676738,30.,18.5));
#6070 = CARTESIAN_POINT('',(43.30604351031,29.947520067869,
    19.261912659349));
#6071 = CARTESIAN_POINT('',(43.74662357936,29.881527268769,
    20.024467682769));
#6072 = CARTESIAN_POINT('',(44.185553011456,29.800781015339,
    20.787420170857));
#6073 = CARTESIAN_POINT('',(44.622827873094,29.703571612787,
    21.551318845324));
#6074 = CARTESIAN_POINT('',(45.057790227959,29.588225833798,
    22.315520419955));
#6075 = CARTESIAN_POINT('',(45.489939443919,29.452663776696,
    23.079815652139));
#6076 = CARTESIAN_POINT('',(45.918981797718,29.294180590699,
    23.8445800186));
#6077 = CARTESIAN_POINT('',(46.344308709333,29.109514599527,
    24.609790854598));
#6078 = CARTESIAN_POINT('',(46.764746379781,28.894840660323,
    25.374575250946));
#6079 = CARTESIAN_POINT('',(47.178859724229,28.645389227602,
    26.137875793909));
#6080 = CARTESIAN_POINT('',(47.585218814195,28.354732358224,
    26.899051203457));
#6081 = CARTESIAN_POINT('',(47.98174408276,28.014192786309,
    27.656472839197));
#6082 = CARTESIAN_POINT('',(48.364434834109,27.613116021403,
    28.404142747397));
#6083 = CARTESIAN_POINT('',(48.911810055612,26.904481714958,
    29.497055409097));
#6084 = CARTESIAN_POINT('',(49.089799280351,26.650485035561,
    29.85654200675));
#6085 = CARTESIAN_POINT('',(49.262906763792,26.377090321745,
    30.21024655819));
#6086 = CARTESIAN_POINT('',(49.430305464718,26.083574806039,
    30.556118303119));
#6087 = CARTESIAN_POINT('',(49.591526969979,25.768419289851,
    30.892638353857));
#6088 = CARTESIAN_POINT('',(49.746019664581,25.430477822539,
    31.217823510236));
#6089 = CARTESIAN_POINT('',(49.893040473517,25.06952284887,
    31.528935761908));
#6090 = CARTESIAN_POINT('',(50.031898775041,24.68599435088,
    31.823086834538));
#6091 = CARTESIAN_POINT('',(50.162126662614,24.280782204409,
    32.09789412149));
#6092 = CARTESIAN_POINT('',(50.283358339589,23.855478775492,
    32.351613906064));
#6093 = CARTESIAN_POINT('',(50.395130609577,23.412669105112,
    32.582954753419));
#6094 = CARTESIAN_POINT('',(50.497033714325,22.955394512905,
    32.791263206296));
#6095 = CARTESIAN_POINT('',(50.589214713272,22.485847494703,
    32.977180288436));
#6096 = CARTESIAN_POINT('',(50.754248752545,21.527246524364,
    33.305611049581));
#6097 = CARTESIAN_POINT('',(50.82710875401,21.038200370246,
    33.448134699652));
#6098 = CARTESIAN_POINT('',(50.890482728735,20.54165009191,
    33.569853327088));
#6099 = CARTESIAN_POINT('',(50.944499740759,20.040676933162,
    33.671735808984));
#6100 = CARTESIAN_POINT('',(50.990015080255,19.536052229835,
    33.756161025579));
#6101 = CARTESIAN_POINT('',(51.027383300992,19.029271478353,
    33.824425410512));
#6102 = CARTESIAN_POINT('',(51.057348180302,18.522578554428,
    33.878408039247));
#6103 = CARTESIAN_POINT('',(51.08088227095,18.016216061377,
    33.920291150484));
#6104 = CARTESIAN_POINT('',(51.098627840684,17.509543914914,
    33.951518355316));
#6105 = CARTESIAN_POINT('',(51.111255571926,17.004192978765,
    33.973494100436));
#6106 = CARTESIAN_POINT('',(51.119745625516,16.501360442145,
    33.988143040639));
#6107 = CARTESIAN_POINT('',(51.124623638345,15.997533254117,
    33.996476685479));
#6108 = CARTESIAN_POINT('',(51.126712545747,15.497071263394,
    34.000018534256));
#6109 = CARTESIAN_POINT('',(51.12669062809,14.497315544001,
    33.999981361419));
#6110 = CARTESIAN_POINT('',(51.124578384424,13.997880056,33.996400184425
    ));
#6111 = CARTESIAN_POINT('',(51.119633078316,13.493230189379,
    33.987949099623));
#6112 = CARTESIAN_POINT('',(51.111289135096,12.989074640902,
    33.973551708081));
#6113 = CARTESIAN_POINT('',(51.098020051025,12.480165167531,
    33.950465048876));
#6114 = CARTESIAN_POINT('',(51.081210083497,11.989734819736,
    33.920819521543));
#6115 = CARTESIAN_POINT('',(51.056564014634,11.458302627291,
    33.877085725506));
#6116 = CARTESIAN_POINT('',(51.027357948544,10.975307214463,
    33.824305938194));
#6117 = CARTESIAN_POINT('',(50.989307620281,10.452380221213,
    33.754901224062));
#6118 = CARTESIAN_POINT('',(50.944134697702,9.956361827426,
    33.671040819416));
#6119 = CARTESIAN_POINT('',(50.889777104165,9.451841006872,
    33.568519777633));
#6120 = CARTESIAN_POINT('',(50.826388682031,8.95635085011,
    33.446746212246));
#6121 = CARTESIAN_POINT('',(50.753431426925,8.467335115725,
    33.304010257371));
#6122 = CARTESIAN_POINT('',(50.588205903826,7.508973095421,
    32.975147287388));
#6123 = CARTESIAN_POINT('',(50.495917500801,7.039516846402,
    32.788979251261));
#6124 = CARTESIAN_POINT('',(50.39391225416,6.582399674155,
    32.580449601646));
#6125 = CARTESIAN_POINT('',(50.282095240186,6.139900999184,
    32.348973194272));
#6126 = CARTESIAN_POINT('',(50.160755463902,5.714780743955,
    32.094994668874));
#6127 = CARTESIAN_POINT('',(50.030388418721,5.309679488419,
    31.819896795066));
#6128 = CARTESIAN_POINT('',(49.891485093631,4.926450227522,
    31.525658628178));
#6129 = CARTESIAN_POINT('',(49.744497571381,4.565948922805,
    31.214609884252));
#6130 = CARTESIAN_POINT('',(49.589946286125,4.228257364817,
    30.889305976634));
#6131 = CARTESIAN_POINT('',(49.428515244348,3.913024215765,
    30.552389143775));
#6132 = CARTESIAN_POINT('',(49.260989071587,3.619588420035,
    30.20630504358));
#6133 = CARTESIAN_POINT('',(49.088019613851,3.346793520371,
    29.852911084361));
#6134 = CARTESIAN_POINT('',(48.909970013113,3.092911737433,
    29.493342619263));
#6135 = CARTESIAN_POINT('',(48.362472001506,2.384795558786,
    28.400302569417));
#6136 = CARTESIAN_POINT('',(47.979583990379,1.983898281033,
    27.652334897245));
#6137 = CARTESIAN_POINT('',(47.583765726528,1.644357380561,
    26.896360909669));
#6138 = CARTESIAN_POINT('',(47.176759357712,1.353177065896,
    26.133980767716));
#6139 = CARTESIAN_POINT('',(46.763218255036,1.1045011137,25.371810742868
    ));
#6140 = CARTESIAN_POINT('',(46.343378615403,0.890194442238,
    24.608130260303));
#6141 = CARTESIAN_POINT('',(45.917871110496,0.705301853207,
    23.842589230905));
#6142 = CARTESIAN_POINT('',(45.489221303267,0.547291091019,
    23.078600108133));
#6143 = CARTESIAN_POINT('',(45.058282424558,0.412147514099,
    22.316430925731));
#6144 = CARTESIAN_POINT('',(44.62364327121,0.296380086317,
    21.552683330749));
#6145 = CARTESIAN_POINT('',(44.18561190403,0.199324082334,
    20.787555737535));
#6146 = CARTESIAN_POINT('',(43.746781001256,0.11847395001,
    20.024730683622));
#6147 = CARTESIAN_POINT('',(43.306096903041,5.248627239245E-02,
    19.262004708381));
#6148 = CARTESIAN_POINT('',(42.864161678853,-9.517755845424E-15,18.5));
#6149 = ADVANCED_FACE('',(#6150),#6197,.F.);
#6150 = FACE_BOUND('',#6151,.F.);
#6151 = EDGE_LOOP('',(#6152,#6153,#6161,#6168,#6169,#6170,#6183));
#6152 = ORIENTED_EDGE('',*,*,#3586,.T.);
#6153 = ORIENTED_EDGE('',*,*,#6154,.F.);
#6154 = EDGE_CURVE('',#6155,#3587,#6157,.T.);
#6155 = VERTEX_POINT('',#6156);
#6156 = CARTESIAN_POINT('',(51.75,15.,32.5));
#6157 = LINE('',#6158,#6159);
#6158 = CARTESIAN_POINT('',(51.75,15.,1.06581410364E-14));
#6159 = VECTOR('',#6160,1.);
#6160 = DIRECTION('',(-2.22044604925E-16,2.465190328816E-32,1.));
#6161 = ORIENTED_EDGE('',*,*,#6162,.T.);
#6162 = EDGE_CURVE('',#6155,#6155,#6163,.T.);
#6163 = CIRCLE('',#6164,3.5);
#6164 = AXIS2_PLACEMENT_3D('',#6165,#6166,#6167);
#6165 = CARTESIAN_POINT('',(55.25,15.,32.5));
#6166 = DIRECTION('',(-2.22044604925E-16,2.465190328816E-32,1.));
#6167 = DIRECTION('',(-1.,2.22044604925E-16,-2.22044604925E-16));
#6168 = ORIENTED_EDGE('',*,*,#6154,.T.);
#6169 = ORIENTED_EDGE('',*,*,#3698,.T.);
#6170 = ORIENTED_EDGE('',*,*,#6171,.T.);
#6171 = EDGE_CURVE('',#3699,#6172,#6174,.T.);
#6172 = VERTEX_POINT('',#6173);
#6173 = CARTESIAN_POINT('',(58.732135115237,15.353178480704,
    33.999115658596));
#6174 = ( BOUNDED_CURVE() B_SPLINE_CURVE(7,(#6175,#6176,#6177,#6178,
    #6179,#6180,#6181,#6182),.UNSPECIFIED.,.F.,.F.) 
B_SPLINE_CURVE_WITH_KNOTS((8,8),(16.349804723539,18.29745903061),
.PIECEWISE_BEZIER_KNOTS.) CURVE() GEOMETRIC_REPRESENTATION_ITEM() 
RATIONAL_B_SPLINE_CURVE((1.,1.,1.,1.,1.,1.,1.,1.)) REPRESENTATION_ITEM(
  '') );
#6175 = CARTESIAN_POINT('',(57.868495410668,17.322387087526,
    33.947186818609));
#6176 = CARTESIAN_POINT('',(58.119899324753,17.03892874469,
    33.96224615707));
#6177 = CARTESIAN_POINT('',(58.306355354202,16.756717395153,
    33.974139785023));
#6178 = CARTESIAN_POINT('',(58.454169030954,16.475197959715,
    33.983295808213));
#6179 = CARTESIAN_POINT('',(58.565916351647,16.194242015354,
    33.99005417895));
#6180 = CARTESIAN_POINT('',(58.64879338089,15.913633098127,
    33.994744159459));
#6181 = CARTESIAN_POINT('',(58.703723884629,15.633296747171,
    33.99766609121));
#6182 = CARTESIAN_POINT('',(58.732135115237,15.353178480704,
    33.999115658596));
#6183 = ORIENTED_EDGE('',*,*,#6184,.T.);
#6184 = EDGE_CURVE('',#6172,#3530,#6185,.T.);
#6185 = ( BOUNDED_CURVE() B_SPLINE_CURVE(10,(#6186,#6187,#6188,#6189,
    #6190,#6191,#6192,#6193,#6194,#6195,#6196),.UNSPECIFIED.,.F.,.F.) 
B_SPLINE_CURVE_WITH_KNOTS((11,11),(18.29745903061,20.946846872058),
.PIECEWISE_BEZIER_KNOTS.) CURVE() GEOMETRIC_REPRESENTATION_ITEM() 
RATIONAL_B_SPLINE_CURVE((1.,1.,1.,1.,0.999999999999,1.000000000001,
0.999999999999,1.,1.,1.,1.)) REPRESENTATION_ITEM('') );
#6186 = CARTESIAN_POINT('',(58.732135115237,15.353178480704,
    33.999115658596));
#6187 = CARTESIAN_POINT('',(58.759188508677,15.086447701706,
    34.000495947867));
#6188 = CARTESIAN_POINT('',(58.763281224865,14.819872799992,
    34.000558693221));
#6189 = CARTESIAN_POINT('',(58.745187822939,14.553691992927,
    33.99977918985));
#6190 = CARTESIAN_POINT('',(58.704730293137,14.286588591113,
    33.998229385754));
#6191 = CARTESIAN_POINT('',(58.641377343274,14.019792954294,
    33.994112066314));
#6192 = CARTESIAN_POINT('',(58.552819953322,13.75227497792,
    33.989602661746));
#6193 = CARTESIAN_POINT('',(58.438096933252,13.484613033057,
    33.982221591487));
#6194 = CARTESIAN_POINT('',(58.291123313131,13.216385603012,
    33.973153268508));
#6195 = CARTESIAN_POINT('',(58.107892345904,12.947533357992,
    33.961526950987));
#6196 = CARTESIAN_POINT('',(57.868495375887,12.677612873258,
    33.947186816956));
#6197 = CYLINDRICAL_SURFACE('',#6198,3.5);
#6198 = AXIS2_PLACEMENT_3D('',#6199,#6200,#6201);
#6199 = CARTESIAN_POINT('',(55.25,15.,1.24344978758E-14));
#6200 = DIRECTION('',(2.22044604925E-16,-2.465190328816E-32,-1.));
#6201 = DIRECTION('',(-1.,2.22044604925E-16,-2.22044604925E-16));
#6202 = ADVANCED_FACE('',(#6203),#6214,.T.);
#6203 = FACE_BOUND('',#6204,.T.);
#6204 = EDGE_LOOP('',(#6205,#6211,#6212,#6213));
#6205 = ORIENTED_EDGE('',*,*,#6206,.F.);
#6206 = EDGE_CURVE('',#6172,#3892,#6207,.T.);
#6207 = ( BOUNDED_CURVE() B_SPLINE_CURVE(2,(#6208,#6209,#6210),
.UNSPECIFIED.,.F.,.F.) B_SPLINE_CURVE_WITH_KNOTS((3,3),(0.,
1.947654307071),.PIECEWISE_BEZIER_KNOTS.) CURVE() 
GEOMETRIC_REPRESENTATION_ITEM() RATIONAL_B_SPLINE_CURVE((1.,
0.841284489253,1.)) REPRESENTATION_ITEM('') );
#6208 = CARTESIAN_POINT('',(58.732135115237,15.353178480704,
    33.999115658596));
#6209 = CARTESIAN_POINT('',(60.573665825302,15.348982467398,
    33.429089917997));
#6210 = CARTESIAN_POINT('',(60.820357918246,15.338884225317,
    31.517226077418));
#6211 = ORIENTED_EDGE('',*,*,#6184,.T.);
#6212 = ORIENTED_EDGE('',*,*,#4154,.T.);
#6213 = ORIENTED_EDGE('',*,*,#3891,.F.);
#6214 = ( BOUNDED_SURFACE() B_SPLINE_SURFACE(2,10,(
    (#6215,#6216,#6217,#6218,#6219,#6220,#6221,#6222,#6223,#6224,#6225)
    ,(#6226,#6227,#6228,#6229,#6230,#6231,#6232,#6233,#6234,#6235,#6236)
    ,(#6237,#6238,#6239,#6240,#6241,#6242,#6243,#6244,#6245,#6246,#6247
)),.UNSPECIFIED.,.F.,.F.,.F.) B_SPLINE_SURFACE_WITH_KNOTS((3,3),(11,11),
  (0.,2.649387841448),(18.29745903061,20.946846872058),
.PIECEWISE_BEZIER_KNOTS.) GEOMETRIC_REPRESENTATION_ITEM() 
RATIONAL_B_SPLINE_SURFACE((
    (1.,1.,1.,1.,0.999999999999,1.000000000001,0.999999999999,1.,1.,1.
      ,1.)
    ,(0.841284489253,0.843959723241,0.844352620364,0.842576992847
      ,0.838592836729,0.832349128969,0.82349194687,0.81194561761
      ,0.796771188926,0.777481741013,0.750929797996)
    ,(1.,1.,1.,1.,0.999999999999,1.000000000001,0.999999999999,1.,1.,1.
,1.))) REPRESENTATION_ITEM('') SURFACE() );
#6215 = CARTESIAN_POINT('',(60.820357918228,15.338884225318,
    31.517226077557));
#6216 = CARTESIAN_POINT('',(60.819054775537,15.083924292589,
    31.527325434049));
#6217 = CARTESIAN_POINT('',(60.818828591216,14.827591576538,
    31.529078362651));
#6218 = CARTESIAN_POINT('',(60.819726361509,14.567090466127,
    31.522120642438));
#6219 = CARTESIAN_POINT('',(60.821703099073,14.315872017175,
    31.506800925356));
#6220 = CARTESIAN_POINT('',(60.824952640674,14.061965682021,
    31.481616976359));
#6221 = CARTESIAN_POINT('',(60.828813525387,13.813887307977,
    31.451695117958));
#6222 = CARTESIAN_POINT('',(60.833477174135,13.566173096408,
    31.415551837879));
#6223 = CARTESIAN_POINT('',(60.838033793575,13.320968663328,
    31.380238035006));
#6224 = CARTESIAN_POINT('',(60.842175103488,13.077810954876,
    31.348142881157));
#6225 = CARTESIAN_POINT('',(60.84383770213,12.835487280602,
    31.335257740872));
#6226 = CARTESIAN_POINT('',(60.573665825302,15.348982467398,
    33.429089917997));
#6227 = CARTESIAN_POINT('',(60.575037095468,15.086477492899,
    33.418462573543));
#6228 = CARTESIAN_POINT('',(60.575218986326,14.822251980476,
    33.417052919303));
#6229 = CARTESIAN_POINT('',(60.574325336159,14.556005425001,
    33.423978708531));
#6230 = CARTESIAN_POINT('',(60.572290546274,14.291322468268,
    33.439748331137));
#6231 = CARTESIAN_POINT('',(60.569194913908,14.025445058656,
    33.463739483476));
#6232 = CARTESIAN_POINT('',(60.564199739705,13.760638807998,
    33.502452085994));
#6233 = CARTESIAN_POINT('',(60.557198874215,13.494929282684,
    33.556708796948));
#6234 = CARTESIAN_POINT('',(60.546643090938,13.229459339443,
    33.638516122493));
#6235 = CARTESIAN_POINT('',(60.53133676983,12.962745269855,
    33.757140118543));
#6236 = CARTESIAN_POINT('',(60.506691986009,12.695501777862,
    33.948137205166));
#6237 = CARTESIAN_POINT('',(58.732135115237,15.353178480704,
    33.999115658596));
#6238 = CARTESIAN_POINT('',(58.759188508677,15.086447701706,
    34.000495947867));
#6239 = CARTESIAN_POINT('',(58.763281224865,14.819872799992,
    34.000558693221));
#6240 = CARTESIAN_POINT('',(58.745187822939,14.553691992927,
    33.99977918985));
#6241 = CARTESIAN_POINT('',(58.704730293137,14.286588591113,
    33.998229385754));
#6242 = CARTESIAN_POINT('',(58.641377343274,14.019792954294,
    33.994112066314));
#6243 = CARTESIAN_POINT('',(58.552819953322,13.75227497792,
    33.989602661746));
#6244 = CARTESIAN_POINT('',(58.438096933252,13.484613033057,
    33.982221591487));
#6245 = CARTESIAN_POINT('',(58.291123313131,13.216385603012,
    33.973153268508));
#6246 = CARTESIAN_POINT('',(58.107892345904,12.947533357992,
    33.961526950987));
#6247 = CARTESIAN_POINT('',(57.868495375887,12.677612873258,
    33.947186816956));
#6248 = ADVANCED_FACE('',(#6249),#6255,.T.);
#6249 = FACE_BOUND('',#6250,.T.);
#6250 = EDGE_LOOP('',(#6251,#6252,#6253,#6254));
#6251 = ORIENTED_EDGE('',*,*,#3987,.F.);
#6252 = ORIENTED_EDGE('',*,*,#6171,.T.);
#6253 = ORIENTED_EDGE('',*,*,#6206,.T.);
#6254 = ORIENTED_EDGE('',*,*,#3907,.F.);
#6255 = ( BOUNDED_SURFACE() B_SPLINE_SURFACE(2,7,(
    (#6256,#6257,#6258,#6259,#6260,#6261,#6262,#6263)
    ,(#6264,#6265,#6266,#6267,#6268,#6269,#6270,#6271)
    ,(#6272,#6273,#6274,#6275,#6276,#6277,#6278,#6279
)),.UNSPECIFIED.,.F.,.F.,.F.) B_SPLINE_SURFACE_WITH_KNOTS((3,3),(8,8),(
    0.,1.947654307071),(16.349804723539,18.29745903061),
.PIECEWISE_BEZIER_KNOTS.) GEOMETRIC_REPRESENTATION_ITEM() 
RATIONAL_B_SPLINE_SURFACE((
    (1.,1.,1.,1.,1.,1.,1.,1.)
    ,(0.750929801848,0.778813455862,0.798304184784,0.8135457694
      ,0.824750895981,0.833035554306,0.838474982566,0.841284489253)
,(1.,1.,1.,1.,1.,1.,1.,1.))) REPRESENTATION_ITEM('') SURFACE() );
#6256 = CARTESIAN_POINT('',(60.843840913109,17.164985644518,
    31.335232855783));
#6257 = CARTESIAN_POINT('',(60.842095146856,16.91062242581,
    31.348762545093));
#6258 = CARTESIAN_POINT('',(60.837492949759,16.655203886943,
    31.384429574838));
#6259 = CARTESIAN_POINT('',(60.832722596727,16.396827288668,
    31.421399813165));
#6260 = CARTESIAN_POINT('',(60.828056061186,16.135900531764,
    31.457565465881));
#6261 = CARTESIAN_POINT('',(60.824342860306,15.872398821087,
    31.486342774512));
#6262 = CARTESIAN_POINT('',(60.821726466968,15.606640854842,
    31.506619824152));
#6263 = CARTESIAN_POINT('',(60.820357918246,15.338884225317,
    31.517226077418));
#6264 = CARTESIAN_POINT('',(60.506692353626,17.304551773545,
    33.948134356136));
#6265 = CARTESIAN_POINT('',(60.532529170899,17.024427079453,
    33.747899009673));
#6266 = CARTESIAN_POINT('',(60.547710103807,16.743668542662,
    33.630246772238));
#6267 = CARTESIAN_POINT('',(60.558087797251,16.464239291709,
    33.549819642983));
#6268 = CARTESIAN_POINT('',(60.564777192195,16.18435819058,
    33.497976828909));
#6269 = CARTESIAN_POINT('',(60.569357374327,15.905201953175,
    33.462480415156));
#6270 = CARTESIAN_POINT('',(60.572216309561,15.626466147916,
    33.440323665695));
#6271 = CARTESIAN_POINT('',(60.573665825302,15.348982467398,
    33.429089917997));
#6272 = CARTESIAN_POINT('',(57.868495410668,17.322387087526,
    33.947186818609));
#6273 = CARTESIAN_POINT('',(58.119899324753,17.03892874469,
    33.96224615707));
#6274 = CARTESIAN_POINT('',(58.306355354202,16.756717395153,
    33.974139785023));
#6275 = CARTESIAN_POINT('',(58.454169030954,16.475197959715,
    33.983295808213));
#6276 = CARTESIAN_POINT('',(58.565916351647,16.194242015354,
    33.99005417895));
#6277 = CARTESIAN_POINT('',(58.64879338089,15.913633098127,
    33.994744159459));
#6278 = CARTESIAN_POINT('',(58.703723884629,15.633296747171,
    33.99766609121));
#6279 = CARTESIAN_POINT('',(58.732135115237,15.353178480704,
    33.999115658596));
#6280 = ADVANCED_FACE('',(#6281,#6299),#6383,.T.);
#6281 = FACE_BOUND('',#6282,.T.);
#6282 = EDGE_LOOP('',(#6283,#6284,#6285,#6286,#6287,#6288,#6289,#6290,
    #6291,#6292,#6293,#6294,#6295,#6296,#6297,#6298));
#6283 = ORIENTED_EDGE('',*,*,#4852,.F.);
#6284 = ORIENTED_EDGE('',*,*,#4833,.F.);
#6285 = ORIENTED_EDGE('',*,*,#4810,.F.);
#6286 = ORIENTED_EDGE('',*,*,#4784,.F.);
#6287 = ORIENTED_EDGE('',*,*,#4697,.F.);
#6288 = ORIENTED_EDGE('',*,*,#4647,.F.);
#6289 = ORIENTED_EDGE('',*,*,#4624,.F.);
#6290 = ORIENTED_EDGE('',*,*,#4598,.F.);
#6291 = ORIENTED_EDGE('',*,*,#4511,.T.);
#6292 = ORIENTED_EDGE('',*,*,#4454,.T.);
#6293 = ORIENTED_EDGE('',*,*,#4431,.T.);
#6294 = ORIENTED_EDGE('',*,*,#5325,.T.);
#6295 = ORIENTED_EDGE('',*,*,#5245,.T.);
#6296 = ORIENTED_EDGE('',*,*,#5188,.T.);
#6297 = ORIENTED_EDGE('',*,*,#5165,.T.);
#6298 = ORIENTED_EDGE('',*,*,#5139,.T.);
#6299 = FACE_BOUND('',#6300,.T.);
#6300 = EDGE_LOOP('',(#6301,#6311,#6319,#6328,#6336,#6344,#6352,#6361,
    #6369,#6377));
#6301 = ORIENTED_EDGE('',*,*,#6302,.F.);
#6302 = EDGE_CURVE('',#6303,#6305,#6307,.T.);
#6303 = VERTEX_POINT('',#6304);
#6304 = CARTESIAN_POINT('',(-60.1,2.4,14.2));
#6305 = VERTEX_POINT('',#6306);
#6306 = CARTESIAN_POINT('',(-60.1,27.6,14.2));
#6307 = LINE('',#6308,#6309);
#6308 = CARTESIAN_POINT('',(-60.1,14.875735931288,14.2));
#6309 = VECTOR('',#6310,1.);
#6310 = DIRECTION('',(0.,1.,0.));
#6311 = ORIENTED_EDGE('',*,*,#6312,.F.);
#6312 = EDGE_CURVE('',#6313,#6303,#6315,.T.);
#6313 = VERTEX_POINT('',#6314);
#6314 = CARTESIAN_POINT('',(-16.6,2.4,14.2));
#6315 = LINE('',#6316,#6317);
#6316 = CARTESIAN_POINT('',(-42.5,2.4,14.2));
#6317 = VECTOR('',#6318,1.);
#6318 = DIRECTION('',(-1.,1.224646799147E-16,0.));
#6319 = ORIENTED_EDGE('',*,*,#6320,.F.);
#6320 = EDGE_CURVE('',#6321,#6313,#6323,.T.);
#6321 = VERTEX_POINT('',#6322);
#6322 = CARTESIAN_POINT('',(-13.6,-0.6,14.2));
#6323 = CIRCLE('',#6324,3.);
#6324 = AXIS2_PLACEMENT_3D('',#6325,#6326,#6327);
#6325 = CARTESIAN_POINT('',(-16.6,-0.6,14.2));
#6326 = DIRECTION('',(-0.,0.,1.));
#6327 = DIRECTION('',(0.,-1.,0.));
#6328 = ORIENTED_EDGE('',*,*,#6329,.F.);
#6329 = EDGE_CURVE('',#6330,#6321,#6332,.T.);
#6330 = VERTEX_POINT('',#6331);
#6331 = CARTESIAN_POINT('',(-13.6,-27.6,14.2));
#6332 = LINE('',#6333,#6334);
#6333 = CARTESIAN_POINT('',(-13.6,-12.72426406871,14.2));
#6334 = VECTOR('',#6335,1.);
#6335 = DIRECTION('',(0.,1.,0.));
#6336 = ORIENTED_EDGE('',*,*,#6337,.F.);
#6337 = EDGE_CURVE('',#6338,#6330,#6340,.T.);
#6338 = VERTEX_POINT('',#6339);
#6339 = CARTESIAN_POINT('',(13.6,-27.6,14.2));
#6340 = LINE('',#6341,#6342);
#6341 = CARTESIAN_POINT('',(-16.,-27.6,14.2));
#6342 = VECTOR('',#6343,1.);
#6343 = DIRECTION('',(-1.,1.224646799147E-16,0.));
#6344 = ORIENTED_EDGE('',*,*,#6345,.T.);
#6345 = EDGE_CURVE('',#6338,#6346,#6348,.T.);
#6346 = VERTEX_POINT('',#6347);
#6347 = CARTESIAN_POINT('',(13.6,-0.6,14.2));
#6348 = LINE('',#6349,#6350);
#6349 = CARTESIAN_POINT('',(13.6,-12.72426406871,14.2));
#6350 = VECTOR('',#6351,1.);
#6351 = DIRECTION('',(2.22044604925E-16,1.,2.465190328816E-32));
#6352 = ORIENTED_EDGE('',*,*,#6353,.T.);
#6353 = EDGE_CURVE('',#6346,#6354,#6356,.T.);
#6354 = VERTEX_POINT('',#6355);
#6355 = CARTESIAN_POINT('',(16.6,2.4,14.2));
#6356 = CIRCLE('',#6357,3.);
#6357 = AXIS2_PLACEMENT_3D('',#6358,#6359,#6360);
#6358 = CARTESIAN_POINT('',(16.6,-0.6,14.2));
#6359 = DIRECTION('',(2.22044604925E-16,-2.465190328816E-32,-1.));
#6360 = DIRECTION('',(-2.22044604925E-16,-1.,-2.465190328816E-32));
#6361 = ORIENTED_EDGE('',*,*,#6362,.T.);
#6362 = EDGE_CURVE('',#6354,#6363,#6365,.T.);
#6363 = VERTEX_POINT('',#6364);
#6364 = CARTESIAN_POINT('',(60.1,2.4,14.2));
#6365 = LINE('',#6366,#6367);
#6366 = CARTESIAN_POINT('',(42.5,2.4,14.2));
#6367 = VECTOR('',#6368,1.);
#6368 = DIRECTION('',(1.,-9.95799250103E-17,2.22044604925E-16));
#6369 = ORIENTED_EDGE('',*,*,#6370,.T.);
#6370 = EDGE_CURVE('',#6363,#6371,#6373,.T.);
#6371 = VERTEX_POINT('',#6372);
#6372 = CARTESIAN_POINT('',(60.1,27.6,14.2));
#6373 = LINE('',#6374,#6375);
#6374 = CARTESIAN_POINT('',(60.1,14.875735931288,14.2));
#6375 = VECTOR('',#6376,1.);
#6376 = DIRECTION('',(2.22044604925E-16,1.,2.465190328816E-32));
#6377 = ORIENTED_EDGE('',*,*,#6378,.T.);
#6378 = EDGE_CURVE('',#6371,#6305,#6379,.T.);
#6379 = LINE('',#6380,#6381);
#6380 = CARTESIAN_POINT('',(30.174264068712,27.6,14.2));
#6381 = VECTOR('',#6382,1.);
#6382 = DIRECTION('',(-1.,2.22044604925E-16,-2.22044604925E-16));
#6383 = PLANE('',#6384);
#6384 = AXIS2_PLACEMENT_3D('',#6385,#6386,#6387);
#6385 = CARTESIAN_POINT('',(-4.115167024411E-16,7.871289717208,14.2));
#6386 = DIRECTION('',(-0.,-0.,-1.));
#6387 = DIRECTION('',(-1.,0.,0.));
#6388 = ADVANCED_FACE('',(#6389),#6395,.F.);
#6389 = FACE_BOUND('',#6390,.T.);
#6390 = EDGE_LOOP('',(#6391,#6392,#6393,#6394));
#6391 = ORIENTED_EDGE('',*,*,#4495,.T.);
#6392 = ORIENTED_EDGE('',*,*,#4573,.T.);
#6393 = ORIENTED_EDGE('',*,*,#4549,.F.);
#6394 = ORIENTED_EDGE('',*,*,#4525,.F.);
#6395 = PLANE('',#6396);
#6396 = AXIS2_PLACEMENT_3D('',#6397,#6398,#6399);
#6397 = CARTESIAN_POINT('',(-4.5,-28.8,12.4));
#6398 = DIRECTION('',(0.,4.440892098501E-16,-1.));
#6399 = DIRECTION('',(-0.,-1.,-4.440892098501E-16));
#6400 = ADVANCED_FACE('',(#6401),#6407,.F.);
#6401 = FACE_BOUND('',#6402,.T.);
#6402 = EDGE_LOOP('',(#6403,#6404,#6405,#6406));
#6403 = ORIENTED_EDGE('',*,*,#4674,.T.);
#6404 = ORIENTED_EDGE('',*,*,#4759,.T.);
#6405 = ORIENTED_EDGE('',*,*,#4735,.F.);
#6406 = ORIENTED_EDGE('',*,*,#4711,.F.);
#6407 = PLANE('',#6408);
#6408 = AXIS2_PLACEMENT_3D('',#6409,#6410,#6411);
#6409 = CARTESIAN_POINT('',(40.5,1.2,12.4));
#6410 = DIRECTION('',(-0.,-4.440892098501E-16,-1.));
#6411 = DIRECTION('',(0.,-1.,4.440892098501E-16));
#6412 = ADVANCED_FACE('',(#6413),#6419,.F.);
#6413 = FACE_BOUND('',#6414,.F.);
#6414 = EDGE_LOOP('',(#6415,#6416,#6417,#6418));
#6415 = ORIENTED_EDGE('',*,*,#4921,.T.);
#6416 = ORIENTED_EDGE('',*,*,#4943,.T.);
#6417 = ORIENTED_EDGE('',*,*,#4967,.F.);
#6418 = ORIENTED_EDGE('',*,*,#4991,.F.);
#6419 = PLANE('',#6420);
#6420 = AXIS2_PLACEMENT_3D('',#6421,#6422,#6423);
#6421 = CARTESIAN_POINT('',(40.5,28.8,12.4));
#6422 = DIRECTION('',(0.,0.,-1.));
#6423 = DIRECTION('',(0.,-1.,0.));
#6424 = ADVANCED_FACE('',(#6425),#6431,.F.);
#6425 = FACE_BOUND('',#6426,.F.);
#6426 = EDGE_LOOP('',(#6427,#6428,#6429,#6430));
#6427 = ORIENTED_EDGE('',*,*,#4898,.T.);
#6428 = ORIENTED_EDGE('',*,*,#5008,.T.);
#6429 = ORIENTED_EDGE('',*,*,#5032,.F.);
#6430 = ORIENTED_EDGE('',*,*,#5056,.F.);
#6431 = PLANE('',#6432);
#6432 = AXIS2_PLACEMENT_3D('',#6433,#6434,#6435);
#6433 = CARTESIAN_POINT('',(-4.5,28.8,12.4));
#6434 = DIRECTION('',(0.,0.,-1.));
#6435 = DIRECTION('',(0.,-1.,0.));
#6436 = ADVANCED_FACE('',(#6437),#6443,.F.);
#6437 = FACE_BOUND('',#6438,.F.);
#6438 = EDGE_LOOP('',(#6439,#6440,#6441,#6442));
#6439 = ORIENTED_EDGE('',*,*,#4875,.T.);
#6440 = ORIENTED_EDGE('',*,*,#5073,.T.);
#6441 = ORIENTED_EDGE('',*,*,#5097,.F.);
#6442 = ORIENTED_EDGE('',*,*,#5121,.F.);
#6443 = PLANE('',#6444);
#6444 = AXIS2_PLACEMENT_3D('',#6445,#6446,#6447);
#6445 = CARTESIAN_POINT('',(-49.5,28.8,12.4));
#6446 = DIRECTION('',(0.,0.,-1.));
#6447 = DIRECTION('',(0.,-1.,0.));
#6448 = ADVANCED_FACE('',(#6449),#6455,.F.);
#6449 = FACE_BOUND('',#6450,.T.);
#6450 = EDGE_LOOP('',(#6451,#6452,#6453,#6454));
#6451 = ORIENTED_EDGE('',*,*,#5229,.T.);
#6452 = ORIENTED_EDGE('',*,*,#5307,.T.);
#6453 = ORIENTED_EDGE('',*,*,#5283,.F.);
#6454 = ORIENTED_EDGE('',*,*,#5259,.F.);
#6455 = PLANE('',#6456);
#6456 = AXIS2_PLACEMENT_3D('',#6457,#6458,#6459);
#6457 = CARTESIAN_POINT('',(-49.5,1.2,12.4));
#6458 = DIRECTION('',(-0.,-4.440892098501E-16,-1.));
#6459 = DIRECTION('',(0.,-1.,4.440892098501E-16));
#6460 = ADVANCED_FACE('',(#6461,#6495),#6498,.T.);
#6461 = FACE_BOUND('',#6462,.T.);
#6462 = EDGE_LOOP('',(#6463,#6473,#6481,#6489));
#6463 = ORIENTED_EDGE('',*,*,#6464,.T.);
#6464 = EDGE_CURVE('',#6465,#6467,#6469,.T.);
#6465 = VERTEX_POINT('',#6466);
#6466 = CARTESIAN_POINT('',(-51.05,10.,32.5));
#6467 = VERTEX_POINT('',#6468);
#6468 = CARTESIAN_POINT('',(-59.45,10.,32.5));
#6469 = LINE('',#6470,#6471);
#6470 = CARTESIAN_POINT('',(-51.05,10.,32.5));
#6471 = VECTOR('',#6472,1.);
#6472 = DIRECTION('',(-1.,-0.,-0.));
#6473 = ORIENTED_EDGE('',*,*,#6474,.T.);
#6474 = EDGE_CURVE('',#6467,#6475,#6477,.T.);
#6475 = VERTEX_POINT('',#6476);
#6476 = CARTESIAN_POINT('',(-59.45,20.,32.5));
#6477 = LINE('',#6478,#6479);
#6478 = CARTESIAN_POINT('',(-59.45,10.,32.5));
#6479 = VECTOR('',#6480,1.);
#6480 = DIRECTION('',(0.,1.,0.));
#6481 = ORIENTED_EDGE('',*,*,#6482,.F.);
#6482 = EDGE_CURVE('',#6483,#6475,#6485,.T.);
#6483 = VERTEX_POINT('',#6484);
#6484 = CARTESIAN_POINT('',(-51.05,20.,32.5));
#6485 = LINE('',#6486,#6487);
#6486 = CARTESIAN_POINT('',(-51.05,20.,32.5));
#6487 = VECTOR('',#6488,1.);
#6488 = DIRECTION('',(-1.,-0.,-0.));
#6489 = ORIENTED_EDGE('',*,*,#6490,.F.);
#6490 = EDGE_CURVE('',#6465,#6483,#6491,.T.);
#6491 = LINE('',#6492,#6493);
#6492 = CARTESIAN_POINT('',(-51.05,10.,32.5));
#6493 = VECTOR('',#6494,1.);
#6494 = DIRECTION('',(0.,1.,0.));
#6495 = FACE_BOUND('',#6496,.T.);
#6496 = EDGE_LOOP('',(#6497));
#6497 = ORIENTED_EDGE('',*,*,#5783,.F.);
#6498 = PLANE('',#6499);
#6499 = AXIS2_PLACEMENT_3D('',#6500,#6501,#6502);
#6500 = CARTESIAN_POINT('',(-51.05,10.,32.5));
#6501 = DIRECTION('',(0.,0.,-1.));
#6502 = DIRECTION('',(0.,1.,0.));
#6503 = ADVANCED_FACE('',(#6504,#6538),#6541,.T.);
#6504 = FACE_BOUND('',#6505,.F.);
#6505 = EDGE_LOOP('',(#6506,#6516,#6524,#6532));
#6506 = ORIENTED_EDGE('',*,*,#6507,.T.);
#6507 = EDGE_CURVE('',#6508,#6510,#6512,.T.);
#6508 = VERTEX_POINT('',#6509);
#6509 = CARTESIAN_POINT('',(51.05,10.,32.5));
#6510 = VERTEX_POINT('',#6511);
#6511 = CARTESIAN_POINT('',(59.45,10.,32.5));
#6512 = LINE('',#6513,#6514);
#6513 = CARTESIAN_POINT('',(51.05,10.,32.5));
#6514 = VECTOR('',#6515,1.);
#6515 = DIRECTION('',(1.,-2.22044604925E-16,2.22044604925E-16));
#6516 = ORIENTED_EDGE('',*,*,#6517,.T.);
#6517 = EDGE_CURVE('',#6510,#6518,#6520,.T.);
#6518 = VERTEX_POINT('',#6519);
#6519 = CARTESIAN_POINT('',(59.45,20.,32.5));
#6520 = LINE('',#6521,#6522);
#6521 = CARTESIAN_POINT('',(59.45,10.,32.5));
#6522 = VECTOR('',#6523,1.);
#6523 = DIRECTION('',(2.22044604925E-16,1.,2.465190328816E-32));
#6524 = ORIENTED_EDGE('',*,*,#6525,.F.);
#6525 = EDGE_CURVE('',#6526,#6518,#6528,.T.);
#6526 = VERTEX_POINT('',#6527);
#6527 = CARTESIAN_POINT('',(51.05,20.,32.5));
#6528 = LINE('',#6529,#6530);
#6529 = CARTESIAN_POINT('',(51.05,20.,32.5));
#6530 = VECTOR('',#6531,1.);
#6531 = DIRECTION('',(1.,-2.22044604925E-16,2.22044604925E-16));
#6532 = ORIENTED_EDGE('',*,*,#6533,.F.);
#6533 = EDGE_CURVE('',#6508,#6526,#6534,.T.);
#6534 = LINE('',#6535,#6536);
#6535 = CARTESIAN_POINT('',(51.05,10.,32.5));
#6536 = VECTOR('',#6537,1.);
#6537 = DIRECTION('',(2.22044604925E-16,1.,2.465190328816E-32));
#6538 = FACE_BOUND('',#6539,.F.);
#6539 = EDGE_LOOP('',(#6540));
#6540 = ORIENTED_EDGE('',*,*,#6162,.F.);
#6541 = PLANE('',#6542);
#6542 = AXIS2_PLACEMENT_3D('',#6543,#6544,#6545);
#6543 = CARTESIAN_POINT('',(51.05,10.,32.5));
#6544 = DIRECTION('',(2.22044604925E-16,-2.465190328816E-32,-1.));
#6545 = DIRECTION('',(-2.22044604925E-16,-1.,-2.465190328816E-32));
#6546 = ADVANCED_FACE('',(#6547),#6572,.T.);
#6547 = FACE_BOUND('',#6548,.T.);
#6548 = EDGE_LOOP('',(#6549,#6550,#6558,#6566));
#6549 = ORIENTED_EDGE('',*,*,#6302,.T.);
#6550 = ORIENTED_EDGE('',*,*,#6551,.T.);
#6551 = EDGE_CURVE('',#6305,#6552,#6554,.T.);
#6552 = VERTEX_POINT('',#6553);
#6553 = CARTESIAN_POINT('',(-60.1,27.6,15.6));
#6554 = LINE('',#6555,#6556);
#6555 = CARTESIAN_POINT('',(-60.1,27.6,10.));
#6556 = VECTOR('',#6557,1.);
#6557 = DIRECTION('',(0.,1.224646799147E-16,1.));
#6558 = ORIENTED_EDGE('',*,*,#6559,.T.);
#6559 = EDGE_CURVE('',#6552,#6560,#6562,.T.);
#6560 = VERTEX_POINT('',#6561);
#6561 = CARTESIAN_POINT('',(-60.1,2.4,15.6));
#6562 = LINE('',#6563,#6564);
#6563 = CARTESIAN_POINT('',(-60.1,27.6,15.6));
#6564 = VECTOR('',#6565,1.);
#6565 = DIRECTION('',(0.,-1.,1.224646799147E-16));
#6566 = ORIENTED_EDGE('',*,*,#6567,.F.);
#6567 = EDGE_CURVE('',#6303,#6560,#6568,.T.);
#6568 = LINE('',#6569,#6570);
#6569 = CARTESIAN_POINT('',(-60.1,2.4,10.));
#6570 = VECTOR('',#6571,1.);
#6571 = DIRECTION('',(0.,1.224646799147E-16,1.));
#6572 = PLANE('',#6573);
#6573 = AXIS2_PLACEMENT_3D('',#6574,#6575,#6576);
#6574 = CARTESIAN_POINT('',(-60.1,27.6,10.));
#6575 = DIRECTION('',(1.,0.,0.));
#6576 = DIRECTION('',(0.,-1.,1.224646799147E-16));
#6577 = ADVANCED_FACE('',(#6578),#6596,.T.);
#6578 = FACE_BOUND('',#6579,.T.);
#6579 = EDGE_LOOP('',(#6580,#6581,#6582,#6590));
#6580 = ORIENTED_EDGE('',*,*,#6312,.T.);
#6581 = ORIENTED_EDGE('',*,*,#6567,.T.);
#6582 = ORIENTED_EDGE('',*,*,#6583,.T.);
#6583 = EDGE_CURVE('',#6560,#6584,#6586,.T.);
#6584 = VERTEX_POINT('',#6585);
#6585 = CARTESIAN_POINT('',(-16.6,2.4,15.6));
#6586 = LINE('',#6587,#6588);
#6587 = CARTESIAN_POINT('',(-60.1,2.4,15.6));
#6588 = VECTOR('',#6589,1.);
#6589 = DIRECTION('',(1.,0.,0.));
#6590 = ORIENTED_EDGE('',*,*,#6591,.F.);
#6591 = EDGE_CURVE('',#6313,#6584,#6592,.T.);
#6592 = LINE('',#6593,#6594);
#6593 = CARTESIAN_POINT('',(-16.6,2.4,10.));
#6594 = VECTOR('',#6595,1.);
#6595 = DIRECTION('',(0.,1.224646799147E-16,1.));
#6596 = PLANE('',#6597);
#6597 = AXIS2_PLACEMENT_3D('',#6598,#6599,#6600);
#6598 = CARTESIAN_POINT('',(-60.1,2.4,10.));
#6599 = DIRECTION('',(0.,1.,-1.224646799147E-16));
#6600 = DIRECTION('',(1.,0.,0.));
#6601 = ADVANCED_FACE('',(#6602),#6621,.T.);
#6602 = FACE_BOUND('',#6603,.T.);
#6603 = EDGE_LOOP('',(#6604,#6612,#6613,#6614));
#6604 = ORIENTED_EDGE('',*,*,#6605,.F.);
#6605 = EDGE_CURVE('',#6321,#6606,#6608,.T.);
#6606 = VERTEX_POINT('',#6607);
#6607 = CARTESIAN_POINT('',(-13.6,-0.6,15.6));
#6608 = LINE('',#6609,#6610);
#6609 = CARTESIAN_POINT('',(-13.6,-0.6,10.));
#6610 = VECTOR('',#6611,1.);
#6611 = DIRECTION('',(0.,1.224646799147E-16,1.));
#6612 = ORIENTED_EDGE('',*,*,#6320,.T.);
#6613 = ORIENTED_EDGE('',*,*,#6591,.T.);
#6614 = ORIENTED_EDGE('',*,*,#6615,.F.);
#6615 = EDGE_CURVE('',#6606,#6584,#6616,.T.);
#6616 = CIRCLE('',#6617,3.);
#6617 = AXIS2_PLACEMENT_3D('',#6618,#6619,#6620);
#6618 = CARTESIAN_POINT('',(-16.6,-0.6,15.6));
#6619 = DIRECTION('',(-0.,1.224646799147E-16,1.));
#6620 = DIRECTION('',(0.,-1.,1.224646799147E-16));
#6621 = CYLINDRICAL_SURFACE('',#6622,3.);
#6622 = AXIS2_PLACEMENT_3D('',#6623,#6624,#6625);
#6623 = CARTESIAN_POINT('',(-16.6,-0.6,10.));
#6624 = DIRECTION('',(0.,1.224646799147E-16,1.));
#6625 = DIRECTION('',(1.,0.,0.));
#6626 = ADVANCED_FACE('',(#6627),#6645,.T.);
#6627 = FACE_BOUND('',#6628,.T.);
#6628 = EDGE_LOOP('',(#6629,#6630,#6631,#6639));
#6629 = ORIENTED_EDGE('',*,*,#6329,.T.);
#6630 = ORIENTED_EDGE('',*,*,#6605,.T.);
#6631 = ORIENTED_EDGE('',*,*,#6632,.T.);
#6632 = EDGE_CURVE('',#6606,#6633,#6635,.T.);
#6633 = VERTEX_POINT('',#6634);
#6634 = CARTESIAN_POINT('',(-13.6,-27.6,15.6));
#6635 = LINE('',#6636,#6637);
#6636 = CARTESIAN_POINT('',(-13.6,2.4,15.6));
#6637 = VECTOR('',#6638,1.);
#6638 = DIRECTION('',(0.,-1.,1.224646799147E-16));
#6639 = ORIENTED_EDGE('',*,*,#6640,.F.);
#6640 = EDGE_CURVE('',#6330,#6633,#6641,.T.);
#6641 = LINE('',#6642,#6643);
#6642 = CARTESIAN_POINT('',(-13.6,-27.6,10.));
#6643 = VECTOR('',#6644,1.);
#6644 = DIRECTION('',(0.,1.224646799147E-16,1.));
#6645 = PLANE('',#6646);
#6646 = AXIS2_PLACEMENT_3D('',#6647,#6648,#6649);
#6647 = CARTESIAN_POINT('',(-13.6,2.4,10.));
#6648 = DIRECTION('',(1.,0.,0.));
#6649 = DIRECTION('',(0.,-1.,1.224646799147E-16));
#6650 = ADVANCED_FACE('',(#6651),#6669,.T.);
#6651 = FACE_BOUND('',#6652,.T.);
#6652 = EDGE_LOOP('',(#6653,#6654,#6655,#6663));
#6653 = ORIENTED_EDGE('',*,*,#6337,.T.);
#6654 = ORIENTED_EDGE('',*,*,#6640,.T.);
#6655 = ORIENTED_EDGE('',*,*,#6656,.F.);
#6656 = EDGE_CURVE('',#6657,#6633,#6659,.T.);
#6657 = VERTEX_POINT('',#6658);
#6658 = CARTESIAN_POINT('',(13.6,-27.6,15.6));
#6659 = LINE('',#6660,#6661);
#6660 = CARTESIAN_POINT('',(13.6,-27.6,15.6));
#6661 = VECTOR('',#6662,1.);
#6662 = DIRECTION('',(-1.,2.22044604925E-16,-2.22044604925E-16));
#6663 = ORIENTED_EDGE('',*,*,#6664,.F.);
#6664 = EDGE_CURVE('',#6338,#6657,#6665,.T.);
#6665 = LINE('',#6666,#6667);
#6666 = CARTESIAN_POINT('',(13.6,-27.6,10.));
#6667 = VECTOR('',#6668,1.);
#6668 = DIRECTION('',(-2.22044604925E-16,1.224646799147E-16,1.));
#6669 = PLANE('',#6670);
#6670 = AXIS2_PLACEMENT_3D('',#6671,#6672,#6673);
#6671 = CARTESIAN_POINT('',(-3.975064256001E-15,-27.6,14.9));
#6672 = DIRECTION('',(0.,1.,-1.206715934857E-15));
#6673 = DIRECTION('',(0.,1.206715934857E-15,1.));
#6674 = ADVANCED_FACE('',(#6675),#6693,.T.);
#6675 = FACE_BOUND('',#6676,.F.);
#6676 = EDGE_LOOP('',(#6677,#6678,#6686,#6692));
#6677 = ORIENTED_EDGE('',*,*,#6345,.T.);
#6678 = ORIENTED_EDGE('',*,*,#6679,.T.);
#6679 = EDGE_CURVE('',#6346,#6680,#6682,.T.);
#6680 = VERTEX_POINT('',#6681);
#6681 = CARTESIAN_POINT('',(13.6,-0.6,15.6));
#6682 = LINE('',#6683,#6684);
#6683 = CARTESIAN_POINT('',(13.6,-0.6,10.));
#6684 = VECTOR('',#6685,1.);
#6685 = DIRECTION('',(-2.22044604925E-16,1.224646799147E-16,1.));
#6686 = ORIENTED_EDGE('',*,*,#6687,.T.);
#6687 = EDGE_CURVE('',#6680,#6657,#6688,.T.);
#6688 = LINE('',#6689,#6690);
#6689 = CARTESIAN_POINT('',(13.6,2.4,15.6));
#6690 = VECTOR('',#6691,1.);
#6691 = DIRECTION('',(-2.22044604925E-16,-1.,1.224646799147E-16));
#6692 = ORIENTED_EDGE('',*,*,#6664,.F.);
#6693 = PLANE('',#6694);
#6694 = AXIS2_PLACEMENT_3D('',#6695,#6696,#6697);
#6695 = CARTESIAN_POINT('',(13.6,2.4,10.));
#6696 = DIRECTION('',(-1.,2.22044604925E-16,-2.22044604925E-16));
#6697 = DIRECTION('',(2.22044604925E-16,1.,-1.224646799147E-16));
#6698 = ADVANCED_FACE('',(#6699),#6718,.T.);
#6699 = FACE_BOUND('',#6700,.F.);
#6700 = EDGE_LOOP('',(#6701,#6702,#6703,#6711));
#6701 = ORIENTED_EDGE('',*,*,#6679,.F.);
#6702 = ORIENTED_EDGE('',*,*,#6353,.T.);
#6703 = ORIENTED_EDGE('',*,*,#6704,.T.);
#6704 = EDGE_CURVE('',#6354,#6705,#6707,.T.);
#6705 = VERTEX_POINT('',#6706);
#6706 = CARTESIAN_POINT('',(16.6,2.4,15.6));
#6707 = LINE('',#6708,#6709);
#6708 = CARTESIAN_POINT('',(16.6,2.4,10.));
#6709 = VECTOR('',#6710,1.);
#6710 = DIRECTION('',(-2.22044604925E-16,1.224646799147E-16,1.));
#6711 = ORIENTED_EDGE('',*,*,#6712,.F.);
#6712 = EDGE_CURVE('',#6680,#6705,#6713,.T.);
#6713 = CIRCLE('',#6714,3.);
#6714 = AXIS2_PLACEMENT_3D('',#6715,#6716,#6717);
#6715 = CARTESIAN_POINT('',(16.6,-0.6,15.6));
#6716 = DIRECTION('',(2.22044604925E-16,-1.224646799147E-16,-1.));
#6717 = DIRECTION('',(-2.22044604925E-16,-1.,1.224646799147E-16));
#6718 = CYLINDRICAL_SURFACE('',#6719,3.);
#6719 = AXIS2_PLACEMENT_3D('',#6720,#6721,#6722);
#6720 = CARTESIAN_POINT('',(16.6,-0.6,10.));
#6721 = DIRECTION('',(-2.22044604925E-16,1.224646799147E-16,1.));
#6722 = DIRECTION('',(-1.,2.22044604925E-16,-2.22044604925E-16));
#6723 = ADVANCED_FACE('',(#6724),#6742,.T.);
#6724 = FACE_BOUND('',#6725,.F.);
#6725 = EDGE_LOOP('',(#6726,#6727,#6735,#6741));
#6726 = ORIENTED_EDGE('',*,*,#6362,.T.);
#6727 = ORIENTED_EDGE('',*,*,#6728,.T.);
#6728 = EDGE_CURVE('',#6363,#6729,#6731,.T.);
#6729 = VERTEX_POINT('',#6730);
#6730 = CARTESIAN_POINT('',(60.1,2.4,15.6));
#6731 = LINE('',#6732,#6733);
#6732 = CARTESIAN_POINT('',(60.1,2.4,10.));
#6733 = VECTOR('',#6734,1.);
#6734 = DIRECTION('',(-2.22044604925E-16,1.224646799147E-16,1.));
#6735 = ORIENTED_EDGE('',*,*,#6736,.T.);
#6736 = EDGE_CURVE('',#6729,#6705,#6737,.T.);
#6737 = LINE('',#6738,#6739);
#6738 = CARTESIAN_POINT('',(60.1,2.4,15.6));
#6739 = VECTOR('',#6740,1.);
#6740 = DIRECTION('',(-1.,2.22044604925E-16,-2.22044604925E-16));
#6741 = ORIENTED_EDGE('',*,*,#6704,.F.);
#6742 = PLANE('',#6743);
#6743 = AXIS2_PLACEMENT_3D('',#6744,#6745,#6746);
#6744 = CARTESIAN_POINT('',(60.1,2.4,10.));
#6745 = DIRECTION('',(2.22044604925E-16,1.,-1.224646799147E-16));
#6746 = DIRECTION('',(1.,-2.22044604925E-16,2.22044604925E-16));
#6747 = ADVANCED_FACE('',(#6748),#6766,.T.);
#6748 = FACE_BOUND('',#6749,.F.);
#6749 = EDGE_LOOP('',(#6750,#6751,#6759,#6765));
#6750 = ORIENTED_EDGE('',*,*,#6370,.T.);
#6751 = ORIENTED_EDGE('',*,*,#6752,.T.);
#6752 = EDGE_CURVE('',#6371,#6753,#6755,.T.);
#6753 = VERTEX_POINT('',#6754);
#6754 = CARTESIAN_POINT('',(60.1,27.6,15.6));
#6755 = LINE('',#6756,#6757);
#6756 = CARTESIAN_POINT('',(60.1,27.6,10.));
#6757 = VECTOR('',#6758,1.);
#6758 = DIRECTION('',(-2.22044604925E-16,1.224646799147E-16,1.));
#6759 = ORIENTED_EDGE('',*,*,#6760,.T.);
#6760 = EDGE_CURVE('',#6753,#6729,#6761,.T.);
#6761 = LINE('',#6762,#6763);
#6762 = CARTESIAN_POINT('',(60.1,27.6,15.6));
#6763 = VECTOR('',#6764,1.);
#6764 = DIRECTION('',(-2.22044604925E-16,-1.,1.224646799147E-16));
#6765 = ORIENTED_EDGE('',*,*,#6728,.F.);
#6766 = PLANE('',#6767);
#6767 = AXIS2_PLACEMENT_3D('',#6768,#6769,#6770);
#6768 = CARTESIAN_POINT('',(60.1,27.6,10.));
#6769 = DIRECTION('',(-1.,2.22044604925E-16,-2.22044604925E-16));
#6770 = DIRECTION('',(2.22044604925E-16,1.,-1.224646799147E-16));
#6771 = ADVANCED_FACE('',(#6772),#6783,.T.);
#6772 = FACE_BOUND('',#6773,.T.);
#6773 = EDGE_LOOP('',(#6774,#6775,#6776,#6782));
#6774 = ORIENTED_EDGE('',*,*,#6378,.F.);
#6775 = ORIENTED_EDGE('',*,*,#6752,.T.);
#6776 = ORIENTED_EDGE('',*,*,#6777,.T.);
#6777 = EDGE_CURVE('',#6753,#6552,#6778,.T.);
#6778 = LINE('',#6779,#6780);
#6779 = CARTESIAN_POINT('',(0.,27.6,15.6));
#6780 = VECTOR('',#6781,1.);
#6781 = DIRECTION('',(-1.,0.,0.));
#6782 = ORIENTED_EDGE('',*,*,#6551,.F.);
#6783 = PLANE('',#6784);
#6784 = AXIS2_PLACEMENT_3D('',#6785,#6786,#6787);
#6785 = CARTESIAN_POINT('',(3.038505120027E-15,27.6,14.9));
#6786 = DIRECTION('',(-0.,-1.,-0.));
#6787 = DIRECTION('',(0.,0.,-1.));
#6788 = ADVANCED_FACE('',(#6789),#6814,.T.);
#6789 = FACE_BOUND('',#6790,.T.);
#6790 = EDGE_LOOP('',(#6791,#6801,#6807,#6808));
#6791 = ORIENTED_EDGE('',*,*,#6792,.T.);
#6792 = EDGE_CURVE('',#6793,#6795,#6797,.T.);
#6793 = VERTEX_POINT('',#6794);
#6794 = CARTESIAN_POINT('',(-51.05,10.,31.));
#6795 = VERTEX_POINT('',#6796);
#6796 = CARTESIAN_POINT('',(-59.45,10.,31.));
#6797 = LINE('',#6798,#6799);
#6798 = CARTESIAN_POINT('',(-51.05,10.,31.));
#6799 = VECTOR('',#6800,1.);
#6800 = DIRECTION('',(-1.,-0.,-0.));
#6801 = ORIENTED_EDGE('',*,*,#6802,.T.);
#6802 = EDGE_CURVE('',#6795,#6467,#6803,.T.);
#6803 = LINE('',#6804,#6805);
#6804 = CARTESIAN_POINT('',(-59.45,10.,31.));
#6805 = VECTOR('',#6806,1.);
#6806 = DIRECTION('',(0.,0.,1.));
#6807 = ORIENTED_EDGE('',*,*,#6464,.F.);
#6808 = ORIENTED_EDGE('',*,*,#6809,.F.);
#6809 = EDGE_CURVE('',#6793,#6465,#6810,.T.);
#6810 = LINE('',#6811,#6812);
#6811 = CARTESIAN_POINT('',(-51.05,10.,31.));
#6812 = VECTOR('',#6813,1.);
#6813 = DIRECTION('',(0.,0.,1.));
#6814 = PLANE('',#6815);
#6815 = AXIS2_PLACEMENT_3D('',#6816,#6817,#6818);
#6816 = CARTESIAN_POINT('',(-51.05,10.,31.));
#6817 = DIRECTION('',(0.,1.,0.));
#6818 = DIRECTION('',(0.,0.,1.));
#6819 = ADVANCED_FACE('',(#6820),#6870,.F.);
#6820 = FACE_BOUND('',#6821,.F.);
#6821 = EDGE_LOOP('',(#6822,#6832,#6840,#6848,#6856,#6862,#6863,#6864));
#6822 = ORIENTED_EDGE('',*,*,#6823,.T.);
#6823 = EDGE_CURVE('',#6824,#6826,#6828,.T.);
#6824 = VERTEX_POINT('',#6825);
#6825 = CARTESIAN_POINT('',(-51.05,8.,31.));
#6826 = VERTEX_POINT('',#6827);
#6827 = CARTESIAN_POINT('',(-51.05,8.,15.6));
#6828 = LINE('',#6829,#6830);
#6829 = CARTESIAN_POINT('',(-51.05,8.,31.));
#6830 = VECTOR('',#6831,1.);
#6831 = DIRECTION('',(0.,0.,-1.));
#6832 = ORIENTED_EDGE('',*,*,#6833,.T.);
#6833 = EDGE_CURVE('',#6826,#6834,#6836,.T.);
#6834 = VERTEX_POINT('',#6835);
#6835 = CARTESIAN_POINT('',(-51.05,21.999999999992,15.6));
#6836 = LINE('',#6837,#6838);
#6837 = CARTESIAN_POINT('',(-51.05,10.524718126626,15.6));
#6838 = VECTOR('',#6839,1.);
#6839 = DIRECTION('',(0.,1.,0.));
#6840 = ORIENTED_EDGE('',*,*,#6841,.F.);
#6841 = EDGE_CURVE('',#6842,#6834,#6844,.T.);
#6842 = VERTEX_POINT('',#6843);
#6843 = CARTESIAN_POINT('',(-51.05,21.999999999992,31.));
#6844 = LINE('',#6845,#6846);
#6845 = CARTESIAN_POINT('',(-51.05,21.999999999992,31.));
#6846 = VECTOR('',#6847,1.);
#6847 = DIRECTION('',(0.,0.,-1.));
#6848 = ORIENTED_EDGE('',*,*,#6849,.F.);
#6849 = EDGE_CURVE('',#6850,#6842,#6852,.T.);
#6850 = VERTEX_POINT('',#6851);
#6851 = CARTESIAN_POINT('',(-51.05,20.,31.));
#6852 = LINE('',#6853,#6854);
#6853 = CARTESIAN_POINT('',(-51.05,20.,31.));
#6854 = VECTOR('',#6855,1.);
#6855 = DIRECTION('',(0.,1.,0.));
#6856 = ORIENTED_EDGE('',*,*,#6857,.F.);
#6857 = EDGE_CURVE('',#6483,#6850,#6858,.T.);
#6858 = LINE('',#6859,#6860);
#6859 = CARTESIAN_POINT('',(-51.05,20.,32.5));
#6860 = VECTOR('',#6861,1.);
#6861 = DIRECTION('',(0.,0.,-1.));
#6862 = ORIENTED_EDGE('',*,*,#6490,.F.);
#6863 = ORIENTED_EDGE('',*,*,#6809,.F.);
#6864 = ORIENTED_EDGE('',*,*,#6865,.F.);
#6865 = EDGE_CURVE('',#6824,#6793,#6866,.T.);
#6866 = LINE('',#6867,#6868);
#6867 = CARTESIAN_POINT('',(-51.05,7.,31.));
#6868 = VECTOR('',#6869,1.);
#6869 = DIRECTION('',(0.,1.,0.));
#6870 = PLANE('',#6871);
#6871 = AXIS2_PLACEMENT_3D('',#6872,#6873,#6874);
#6872 = CARTESIAN_POINT('',(-51.05,15.,23.119565217391));
#6873 = DIRECTION('',(1.,0.,0.));
#6874 = DIRECTION('',(0.,0.,1.));
#6875 = ADVANCED_FACE('',(#6876),#6926,.T.);
#6876 = FACE_BOUND('',#6877,.T.);
#6877 = EDGE_LOOP('',(#6878,#6888,#6896,#6904,#6912,#6918,#6919,#6920));
#6878 = ORIENTED_EDGE('',*,*,#6879,.T.);
#6879 = EDGE_CURVE('',#6880,#6882,#6884,.T.);
#6880 = VERTEX_POINT('',#6881);
#6881 = CARTESIAN_POINT('',(-59.45,8.,31.));
#6882 = VERTEX_POINT('',#6883);
#6883 = CARTESIAN_POINT('',(-59.45,8.,15.6));
#6884 = LINE('',#6885,#6886);
#6885 = CARTESIAN_POINT('',(-59.45,8.,31.));
#6886 = VECTOR('',#6887,1.);
#6887 = DIRECTION('',(0.,0.,-1.));
#6888 = ORIENTED_EDGE('',*,*,#6889,.T.);
#6889 = EDGE_CURVE('',#6882,#6890,#6892,.T.);
#6890 = VERTEX_POINT('',#6891);
#6891 = CARTESIAN_POINT('',(-59.45,21.999999999992,15.6));
#6892 = LINE('',#6893,#6894);
#6893 = CARTESIAN_POINT('',(-59.45,10.524718126626,15.6));
#6894 = VECTOR('',#6895,1.);
#6895 = DIRECTION('',(0.,1.,0.));
#6896 = ORIENTED_EDGE('',*,*,#6897,.F.);
#6897 = EDGE_CURVE('',#6898,#6890,#6900,.T.);
#6898 = VERTEX_POINT('',#6899);
#6899 = CARTESIAN_POINT('',(-59.45,21.999999999992,31.));
#6900 = LINE('',#6901,#6902);
#6901 = CARTESIAN_POINT('',(-59.45,21.999999999992,31.));
#6902 = VECTOR('',#6903,1.);
#6903 = DIRECTION('',(0.,0.,-1.));
#6904 = ORIENTED_EDGE('',*,*,#6905,.F.);
#6905 = EDGE_CURVE('',#6906,#6898,#6908,.T.);
#6906 = VERTEX_POINT('',#6907);
#6907 = CARTESIAN_POINT('',(-59.45,20.,31.));
#6908 = LINE('',#6909,#6910);
#6909 = CARTESIAN_POINT('',(-59.45,20.,31.));
#6910 = VECTOR('',#6911,1.);
#6911 = DIRECTION('',(0.,1.,0.));
#6912 = ORIENTED_EDGE('',*,*,#6913,.F.);
#6913 = EDGE_CURVE('',#6475,#6906,#6914,.T.);
#6914 = LINE('',#6915,#6916);
#6915 = CARTESIAN_POINT('',(-59.45,20.,32.5));
#6916 = VECTOR('',#6917,1.);
#6917 = DIRECTION('',(0.,0.,-1.));
#6918 = ORIENTED_EDGE('',*,*,#6474,.F.);
#6919 = ORIENTED_EDGE('',*,*,#6802,.F.);
#6920 = ORIENTED_EDGE('',*,*,#6921,.F.);
#6921 = EDGE_CURVE('',#6880,#6795,#6922,.T.);
#6922 = LINE('',#6923,#6924);
#6923 = CARTESIAN_POINT('',(-59.45,7.,31.));
#6924 = VECTOR('',#6925,1.);
#6925 = DIRECTION('',(0.,1.,0.));
#6926 = PLANE('',#6927);
#6927 = AXIS2_PLACEMENT_3D('',#6928,#6929,#6930);
#6928 = CARTESIAN_POINT('',(-59.45,15.,23.119565217391));
#6929 = DIRECTION('',(1.,0.,0.));
#6930 = DIRECTION('',(0.,0.,1.));
#6931 = ADVANCED_FACE('',(#6932),#6943,.T.);
#6932 = FACE_BOUND('',#6933,.T.);
#6933 = EDGE_LOOP('',(#6934,#6935,#6936,#6942));
#6934 = ORIENTED_EDGE('',*,*,#6482,.T.);
#6935 = ORIENTED_EDGE('',*,*,#6913,.T.);
#6936 = ORIENTED_EDGE('',*,*,#6937,.F.);
#6937 = EDGE_CURVE('',#6850,#6906,#6938,.T.);
#6938 = LINE('',#6939,#6940);
#6939 = CARTESIAN_POINT('',(-51.05,20.,31.));
#6940 = VECTOR('',#6941,1.);
#6941 = DIRECTION('',(-1.,-0.,-0.));
#6942 = ORIENTED_EDGE('',*,*,#6857,.F.);
#6943 = PLANE('',#6944);
#6944 = AXIS2_PLACEMENT_3D('',#6945,#6946,#6947);
#6945 = CARTESIAN_POINT('',(-51.05,20.,32.5));
#6946 = DIRECTION('',(0.,-1.,0.));
#6947 = DIRECTION('',(0.,0.,-1.));
#6948 = ADVANCED_FACE('',(#6949),#6974,.T.);
#6949 = FACE_BOUND('',#6950,.F.);
#6950 = EDGE_LOOP('',(#6951,#6961,#6967,#6968));
#6951 = ORIENTED_EDGE('',*,*,#6952,.T.);
#6952 = EDGE_CURVE('',#6953,#6955,#6957,.T.);
#6953 = VERTEX_POINT('',#6954);
#6954 = CARTESIAN_POINT('',(51.05,10.,31.));
#6955 = VERTEX_POINT('',#6956);
#6956 = CARTESIAN_POINT('',(59.45,10.,31.));
#6957 = LINE('',#6958,#6959);
#6958 = CARTESIAN_POINT('',(51.05,10.,31.));
#6959 = VECTOR('',#6960,1.);
#6960 = DIRECTION('',(1.,-2.22044604925E-16,2.22044604925E-16));
#6961 = ORIENTED_EDGE('',*,*,#6962,.T.);
#6962 = EDGE_CURVE('',#6955,#6510,#6963,.T.);
#6963 = LINE('',#6964,#6965);
#6964 = CARTESIAN_POINT('',(59.45,10.,31.));
#6965 = VECTOR('',#6966,1.);
#6966 = DIRECTION('',(-2.22044604925E-16,2.465190328816E-32,1.));
#6967 = ORIENTED_EDGE('',*,*,#6507,.F.);
#6968 = ORIENTED_EDGE('',*,*,#6969,.F.);
#6969 = EDGE_CURVE('',#6953,#6508,#6970,.T.);
#6970 = LINE('',#6971,#6972);
#6971 = CARTESIAN_POINT('',(51.05,10.,31.));
#6972 = VECTOR('',#6973,1.);
#6973 = DIRECTION('',(-2.22044604925E-16,2.465190328816E-32,1.));
#6974 = PLANE('',#6975);
#6975 = AXIS2_PLACEMENT_3D('',#6976,#6977,#6978);
#6976 = CARTESIAN_POINT('',(51.05,10.,31.));
#6977 = DIRECTION('',(2.22044604925E-16,1.,2.465190328816E-32));
#6978 = DIRECTION('',(2.22044604925E-16,-2.465190328816E-32,-1.));
#6979 = ADVANCED_FACE('',(#6980),#7030,.F.);
#6980 = FACE_BOUND('',#6981,.T.);
#6981 = EDGE_LOOP('',(#6982,#6992,#7000,#7008,#7016,#7022,#7023,#7024));
#6982 = ORIENTED_EDGE('',*,*,#6983,.T.);
#6983 = EDGE_CURVE('',#6984,#6986,#6988,.T.);
#6984 = VERTEX_POINT('',#6985);
#6985 = CARTESIAN_POINT('',(51.05,8.,31.));
#6986 = VERTEX_POINT('',#6987);
#6987 = CARTESIAN_POINT('',(51.05,8.,15.6));
#6988 = LINE('',#6989,#6990);
#6989 = CARTESIAN_POINT('',(51.05,8.,31.));
#6990 = VECTOR('',#6991,1.);
#6991 = DIRECTION('',(2.22044604925E-16,-2.465190328816E-32,-1.));
#6992 = ORIENTED_EDGE('',*,*,#6993,.T.);
#6993 = EDGE_CURVE('',#6986,#6994,#6996,.T.);
#6994 = VERTEX_POINT('',#6995);
#6995 = CARTESIAN_POINT('',(51.05,21.999999999992,15.6));
#6996 = LINE('',#6997,#6998);
#6997 = CARTESIAN_POINT('',(51.05,10.524718126626,15.6));
#6998 = VECTOR('',#6999,1.);
#6999 = DIRECTION('',(2.22044604925E-16,1.,2.465190328816E-32));
#7000 = ORIENTED_EDGE('',*,*,#7001,.F.);
#7001 = EDGE_CURVE('',#7002,#6994,#7004,.T.);
#7002 = VERTEX_POINT('',#7003);
#7003 = CARTESIAN_POINT('',(51.05,21.999999999992,31.));
#7004 = LINE('',#7005,#7006);
#7005 = CARTESIAN_POINT('',(51.05,21.999999999992,31.));
#7006 = VECTOR('',#7007,1.);
#7007 = DIRECTION('',(2.22044604925E-16,-2.465190328816E-32,-1.));
#7008 = ORIENTED_EDGE('',*,*,#7009,.F.);
#7009 = EDGE_CURVE('',#7010,#7002,#7012,.T.);
#7010 = VERTEX_POINT('',#7011);
#7011 = CARTESIAN_POINT('',(51.05,20.,31.));
#7012 = LINE('',#7013,#7014);
#7013 = CARTESIAN_POINT('',(51.05,20.,31.));
#7014 = VECTOR('',#7015,1.);
#7015 = DIRECTION('',(2.22044604925E-16,1.,2.465190328816E-32));
#7016 = ORIENTED_EDGE('',*,*,#7017,.F.);
#7017 = EDGE_CURVE('',#6526,#7010,#7018,.T.);
#7018 = LINE('',#7019,#7020);
#7019 = CARTESIAN_POINT('',(51.05,20.,32.5));
#7020 = VECTOR('',#7021,1.);
#7021 = DIRECTION('',(2.22044604925E-16,-2.465190328816E-32,-1.));
#7022 = ORIENTED_EDGE('',*,*,#6533,.F.);
#7023 = ORIENTED_EDGE('',*,*,#6969,.F.);
#7024 = ORIENTED_EDGE('',*,*,#7025,.F.);
#7025 = EDGE_CURVE('',#6984,#6953,#7026,.T.);
#7026 = LINE('',#7027,#7028);
#7027 = CARTESIAN_POINT('',(51.05,7.,31.));
#7028 = VECTOR('',#7029,1.);
#7029 = DIRECTION('',(2.22044604925E-16,1.,2.465190328816E-32));
#7030 = PLANE('',#7031);
#7031 = AXIS2_PLACEMENT_3D('',#7032,#7033,#7034);
#7032 = CARTESIAN_POINT('',(51.05,15.,23.119565217391));
#7033 = DIRECTION('',(-1.,2.22044604925E-16,-2.22044604925E-16));
#7034 = DIRECTION('',(2.22044604925E-16,-2.465190328816E-32,-1.));
#7035 = ADVANCED_FACE('',(#7036),#7086,.T.);
#7036 = FACE_BOUND('',#7037,.F.);
#7037 = EDGE_LOOP('',(#7038,#7048,#7056,#7064,#7072,#7078,#7079,#7080));
#7038 = ORIENTED_EDGE('',*,*,#7039,.T.);
#7039 = EDGE_CURVE('',#7040,#7042,#7044,.T.);
#7040 = VERTEX_POINT('',#7041);
#7041 = CARTESIAN_POINT('',(59.45,8.,31.));
#7042 = VERTEX_POINT('',#7043);
#7043 = CARTESIAN_POINT('',(59.45,8.,15.6));
#7044 = LINE('',#7045,#7046);
#7045 = CARTESIAN_POINT('',(59.45,8.,31.));
#7046 = VECTOR('',#7047,1.);
#7047 = DIRECTION('',(2.22044604925E-16,-2.465190328816E-32,-1.));
#7048 = ORIENTED_EDGE('',*,*,#7049,.T.);
#7049 = EDGE_CURVE('',#7042,#7050,#7052,.T.);
#7050 = VERTEX_POINT('',#7051);
#7051 = CARTESIAN_POINT('',(59.45,21.999999999991,15.6));
#7052 = LINE('',#7053,#7054);
#7053 = CARTESIAN_POINT('',(59.45,10.524718126626,15.6));
#7054 = VECTOR('',#7055,1.);
#7055 = DIRECTION('',(2.22044604925E-16,1.,2.465190328816E-32));
#7056 = ORIENTED_EDGE('',*,*,#7057,.F.);
#7057 = EDGE_CURVE('',#7058,#7050,#7060,.T.);
#7058 = VERTEX_POINT('',#7059);
#7059 = CARTESIAN_POINT('',(59.45,21.999999999991,31.));
#7060 = LINE('',#7061,#7062);
#7061 = CARTESIAN_POINT('',(59.45,21.999999999991,31.));
#7062 = VECTOR('',#7063,1.);
#7063 = DIRECTION('',(2.22044604925E-16,-2.465190328816E-32,-1.));
#7064 = ORIENTED_EDGE('',*,*,#7065,.F.);
#7065 = EDGE_CURVE('',#7066,#7058,#7068,.T.);
#7066 = VERTEX_POINT('',#7067);
#7067 = CARTESIAN_POINT('',(59.45,20.,31.));
#7068 = LINE('',#7069,#7070);
#7069 = CARTESIAN_POINT('',(59.45,20.,31.));
#7070 = VECTOR('',#7071,1.);
#7071 = DIRECTION('',(2.22044604925E-16,1.,2.465190328816E-32));
#7072 = ORIENTED_EDGE('',*,*,#7073,.F.);
#7073 = EDGE_CURVE('',#6518,#7066,#7074,.T.);
#7074 = LINE('',#7075,#7076);
#7075 = CARTESIAN_POINT('',(59.45,20.,32.5));
#7076 = VECTOR('',#7077,1.);
#7077 = DIRECTION('',(2.22044604925E-16,-2.465190328816E-32,-1.));
#7078 = ORIENTED_EDGE('',*,*,#6517,.F.);
#7079 = ORIENTED_EDGE('',*,*,#6962,.F.);
#7080 = ORIENTED_EDGE('',*,*,#7081,.F.);
#7081 = EDGE_CURVE('',#7040,#6955,#7082,.T.);
#7082 = LINE('',#7083,#7084);
#7083 = CARTESIAN_POINT('',(59.45,7.,31.));
#7084 = VECTOR('',#7085,1.);
#7085 = DIRECTION('',(2.22044604925E-16,1.,2.465190328816E-32));
#7086 = PLANE('',#7087);
#7087 = AXIS2_PLACEMENT_3D('',#7088,#7089,#7090);
#7088 = CARTESIAN_POINT('',(59.45,15.,23.119565217391));
#7089 = DIRECTION('',(-1.,2.22044604925E-16,-2.22044604925E-16));
#7090 = DIRECTION('',(2.22044604925E-16,-2.465190328816E-32,-1.));
#7091 = ADVANCED_FACE('',(#7092),#7103,.T.);
#7092 = FACE_BOUND('',#7093,.F.);
#7093 = EDGE_LOOP('',(#7094,#7095,#7096,#7102));
#7094 = ORIENTED_EDGE('',*,*,#6525,.T.);
#7095 = ORIENTED_EDGE('',*,*,#7073,.T.);
#7096 = ORIENTED_EDGE('',*,*,#7097,.F.);
#7097 = EDGE_CURVE('',#7010,#7066,#7098,.T.);
#7098 = LINE('',#7099,#7100);
#7099 = CARTESIAN_POINT('',(51.05,20.,31.));
#7100 = VECTOR('',#7101,1.);
#7101 = DIRECTION('',(1.,-2.22044604925E-16,2.22044604925E-16));
#7102 = ORIENTED_EDGE('',*,*,#7017,.F.);
#7103 = PLANE('',#7104);
#7104 = AXIS2_PLACEMENT_3D('',#7105,#7106,#7107);
#7105 = CARTESIAN_POINT('',(51.05,20.,32.5));
#7106 = DIRECTION('',(-2.22044604925E-16,-1.,-2.465190328816E-32));
#7107 = DIRECTION('',(-2.22044604925E-16,2.465190328816E-32,1.));
#7108 = ADVANCED_FACE('',(#7109,#7121,#7201),#7281,.T.);
#7109 = FACE_BOUND('',#7110,.T.);
#7110 = EDGE_LOOP('',(#7111,#7112,#7113,#7114,#7115,#7116,#7117,#7118,
    #7119,#7120));
#7111 = ORIENTED_EDGE('',*,*,#6583,.F.);
#7112 = ORIENTED_EDGE('',*,*,#6559,.F.);
#7113 = ORIENTED_EDGE('',*,*,#6777,.F.);
#7114 = ORIENTED_EDGE('',*,*,#6760,.T.);
#7115 = ORIENTED_EDGE('',*,*,#6736,.T.);
#7116 = ORIENTED_EDGE('',*,*,#6712,.F.);
#7117 = ORIENTED_EDGE('',*,*,#6687,.T.);
#7118 = ORIENTED_EDGE('',*,*,#6656,.T.);
#7119 = ORIENTED_EDGE('',*,*,#6632,.F.);
#7120 = ORIENTED_EDGE('',*,*,#6615,.T.);
#7121 = FACE_BOUND('',#7122,.T.);
#7122 = EDGE_LOOP('',(#7123,#7124,#7132,#7140,#7148,#7156,#7162,#7163,
    #7171,#7179,#7187,#7195));
#7123 = ORIENTED_EDGE('',*,*,#6993,.F.);
#7124 = ORIENTED_EDGE('',*,*,#7125,.T.);
#7125 = EDGE_CURVE('',#6986,#7126,#7128,.T.);
#7126 = VERTEX_POINT('',#7127);
#7127 = CARTESIAN_POINT('',(52.55,8.,15.6));
#7128 = LINE('',#7129,#7130);
#7129 = CARTESIAN_POINT('',(38.275281873374,8.,15.6));
#7130 = VECTOR('',#7131,1.);
#7131 = DIRECTION('',(1.,-2.22044604925E-16,2.22044604925E-16));
#7132 = ORIENTED_EDGE('',*,*,#7133,.T.);
#7133 = EDGE_CURVE('',#7126,#7134,#7136,.T.);
#7134 = VERTEX_POINT('',#7135);
#7135 = CARTESIAN_POINT('',(52.55,7.,15.6));
#7136 = LINE('',#7137,#7138);
#7137 = CARTESIAN_POINT('',(52.55,6.524718126626,15.6));
#7138 = VECTOR('',#7139,1.);
#7139 = DIRECTION('',(-2.22044604925E-16,-1.,-2.465190328816E-32));
#7140 = ORIENTED_EDGE('',*,*,#7141,.T.);
#7141 = EDGE_CURVE('',#7134,#7142,#7144,.T.);
#7142 = VERTEX_POINT('',#7143);
#7143 = CARTESIAN_POINT('',(54.15,7.,15.6));
#7144 = LINE('',#7145,#7146);
#7145 = CARTESIAN_POINT('',(37.525281873374,7.,15.6));
#7146 = VECTOR('',#7147,1.);
#7147 = DIRECTION('',(1.,-2.22044604925E-16,2.22044604925E-16));
#7148 = ORIENTED_EDGE('',*,*,#7149,.T.);
#7149 = EDGE_CURVE('',#7142,#7150,#7152,.T.);
#7150 = VERTEX_POINT('',#7151);
#7151 = CARTESIAN_POINT('',(54.15,8.,15.6));
#7152 = LINE('',#7153,#7154);
#7153 = CARTESIAN_POINT('',(54.15,7.024718126626,15.6));
#7154 = VECTOR('',#7155,1.);
#7155 = DIRECTION('',(2.22044604925E-16,1.,2.465190328816E-32));
#7156 = ORIENTED_EDGE('',*,*,#7157,.T.);
#7157 = EDGE_CURVE('',#7150,#7042,#7158,.T.);
#7158 = LINE('',#7159,#7160);
#7159 = CARTESIAN_POINT('',(41.725281873374,8.,15.6));
#7160 = VECTOR('',#7161,1.);
#7161 = DIRECTION('',(1.,-2.22044604925E-16,2.22044604925E-16));
#7162 = ORIENTED_EDGE('',*,*,#7049,.T.);
#7163 = ORIENTED_EDGE('',*,*,#7164,.T.);
#7164 = EDGE_CURVE('',#7050,#7165,#7167,.T.);
#7165 = VERTEX_POINT('',#7166);
#7166 = CARTESIAN_POINT('',(54.15,21.999999999992,15.6));
#7167 = LINE('',#7168,#7169);
#7168 = CARTESIAN_POINT('',(39.075281873374,21.999999999992,15.6));
#7169 = VECTOR('',#7170,1.);
#7170 = DIRECTION('',(-1.,2.22044604925E-16,-2.22044604925E-16));
#7171 = ORIENTED_EDGE('',*,*,#7172,.T.);
#7172 = EDGE_CURVE('',#7165,#7173,#7175,.T.);
#7173 = VERTEX_POINT('',#7174);
#7174 = CARTESIAN_POINT('',(54.15,23.,15.6));
#7175 = LINE('',#7176,#7177);
#7176 = CARTESIAN_POINT('',(54.15,14.524718126626,15.6));
#7177 = VECTOR('',#7178,1.);
#7178 = DIRECTION('',(2.22044604925E-16,1.,2.465190328816E-32));
#7179 = ORIENTED_EDGE('',*,*,#7180,.T.);
#7180 = EDGE_CURVE('',#7173,#7181,#7183,.T.);
#7181 = VERTEX_POINT('',#7182);
#7182 = CARTESIAN_POINT('',(52.55,23.,15.6));
#7183 = LINE('',#7184,#7185);
#7184 = CARTESIAN_POINT('',(37.525281873374,23.,15.6));
#7185 = VECTOR('',#7186,1.);
#7186 = DIRECTION('',(-1.,2.22044604925E-16,-2.22044604925E-16));
#7187 = ORIENTED_EDGE('',*,*,#7188,.T.);
#7188 = EDGE_CURVE('',#7181,#7189,#7191,.T.);
#7189 = VERTEX_POINT('',#7190);
#7190 = CARTESIAN_POINT('',(52.55,21.999999999992,15.6));
#7191 = LINE('',#7192,#7193);
#7192 = CARTESIAN_POINT('',(52.55,14.024718126622,15.6));
#7193 = VECTOR('',#7194,1.);
#7194 = DIRECTION('',(-2.22044604925E-16,-1.,-2.465190328816E-32));
#7195 = ORIENTED_EDGE('',*,*,#7196,.T.);
#7196 = EDGE_CURVE('',#7189,#6994,#7197,.T.);
#7197 = LINE('',#7198,#7199);
#7198 = CARTESIAN_POINT('',(37.525281873374,21.999999999992,15.6));
#7199 = VECTOR('',#7200,1.);
#7200 = DIRECTION('',(-1.,2.22044604925E-16,-2.22044604925E-16));
#7201 = FACE_BOUND('',#7202,.T.);
#7202 = EDGE_LOOP('',(#7203,#7204,#7212,#7220,#7228,#7236,#7242,#7243,
    #7251,#7259,#7267,#7275));
#7203 = ORIENTED_EDGE('',*,*,#6833,.T.);
#7204 = ORIENTED_EDGE('',*,*,#7205,.F.);
#7205 = EDGE_CURVE('',#7206,#6834,#7208,.T.);
#7206 = VERTEX_POINT('',#7207);
#7207 = CARTESIAN_POINT('',(-52.55,21.999999999992,15.6));
#7208 = LINE('',#7209,#7210);
#7209 = CARTESIAN_POINT('',(-37.52528187337,21.999999999992,15.6));
#7210 = VECTOR('',#7211,1.);
#7211 = DIRECTION('',(1.,0.,0.));
#7212 = ORIENTED_EDGE('',*,*,#7213,.F.);
#7213 = EDGE_CURVE('',#7214,#7206,#7216,.T.);
#7214 = VERTEX_POINT('',#7215);
#7215 = CARTESIAN_POINT('',(-52.55,23.,15.6));
#7216 = LINE('',#7217,#7218);
#7217 = CARTESIAN_POINT('',(-52.55,14.024718126622,15.6));
#7218 = VECTOR('',#7219,1.);
#7219 = DIRECTION('',(0.,-1.,0.));
#7220 = ORIENTED_EDGE('',*,*,#7221,.F.);
#7221 = EDGE_CURVE('',#7222,#7214,#7224,.T.);
#7222 = VERTEX_POINT('',#7223);
#7223 = CARTESIAN_POINT('',(-54.15,23.,15.6));
#7224 = LINE('',#7225,#7226);
#7225 = CARTESIAN_POINT('',(-37.52528187337,23.,15.6));
#7226 = VECTOR('',#7227,1.);
#7227 = DIRECTION('',(1.,0.,0.));
#7228 = ORIENTED_EDGE('',*,*,#7229,.F.);
#7229 = EDGE_CURVE('',#7230,#7222,#7232,.T.);
#7230 = VERTEX_POINT('',#7231);
#7231 = CARTESIAN_POINT('',(-54.15,21.999999999992,15.6));
#7232 = LINE('',#7233,#7234);
#7233 = CARTESIAN_POINT('',(-54.15,14.524718126626,15.6));
#7234 = VECTOR('',#7235,1.);
#7235 = DIRECTION('',(0.,1.,0.));
#7236 = ORIENTED_EDGE('',*,*,#7237,.F.);
#7237 = EDGE_CURVE('',#6890,#7230,#7238,.T.);
#7238 = LINE('',#7239,#7240);
#7239 = CARTESIAN_POINT('',(-39.07528187337,21.999999999992,15.6));
#7240 = VECTOR('',#7241,1.);
#7241 = DIRECTION('',(1.,0.,0.));
#7242 = ORIENTED_EDGE('',*,*,#6889,.F.);
#7243 = ORIENTED_EDGE('',*,*,#7244,.F.);
#7244 = EDGE_CURVE('',#7245,#6882,#7247,.T.);
#7245 = VERTEX_POINT('',#7246);
#7246 = CARTESIAN_POINT('',(-54.15,8.,15.6));
#7247 = LINE('',#7248,#7249);
#7248 = CARTESIAN_POINT('',(-41.72528187337,8.,15.6));
#7249 = VECTOR('',#7250,1.);
#7250 = DIRECTION('',(-1.,0.,0.));
#7251 = ORIENTED_EDGE('',*,*,#7252,.F.);
#7252 = EDGE_CURVE('',#7253,#7245,#7255,.T.);
#7253 = VERTEX_POINT('',#7254);
#7254 = CARTESIAN_POINT('',(-54.15,7.,15.6));
#7255 = LINE('',#7256,#7257);
#7256 = CARTESIAN_POINT('',(-54.15,7.024718126626,15.6));
#7257 = VECTOR('',#7258,1.);
#7258 = DIRECTION('',(0.,1.,0.));
#7259 = ORIENTED_EDGE('',*,*,#7260,.F.);
#7260 = EDGE_CURVE('',#7261,#7253,#7263,.T.);
#7261 = VERTEX_POINT('',#7262);
#7262 = CARTESIAN_POINT('',(-52.55,7.,15.6));
#7263 = LINE('',#7264,#7265);
#7264 = CARTESIAN_POINT('',(-37.52528187337,7.,15.6));
#7265 = VECTOR('',#7266,1.);
#7266 = DIRECTION('',(-1.,0.,0.));
#7267 = ORIENTED_EDGE('',*,*,#7268,.F.);
#7268 = EDGE_CURVE('',#7269,#7261,#7271,.T.);
#7269 = VERTEX_POINT('',#7270);
#7270 = CARTESIAN_POINT('',(-52.55,8.,15.6));
#7271 = LINE('',#7272,#7273);
#7272 = CARTESIAN_POINT('',(-52.55,6.524718126626,15.6));
#7273 = VECTOR('',#7274,1.);
#7274 = DIRECTION('',(0.,-1.,0.));
#7275 = ORIENTED_EDGE('',*,*,#7276,.F.);
#7276 = EDGE_CURVE('',#6826,#7269,#7277,.T.);
#7277 = LINE('',#7278,#7279);
#7278 = CARTESIAN_POINT('',(-38.27528187337,8.,15.6));
#7279 = VECTOR('',#7280,1.);
#7280 = DIRECTION('',(-1.,0.,0.));
#7281 = PLANE('',#7282);
#7282 = AXIS2_PLACEMENT_3D('',#7283,#7284,#7285);
#7283 = CARTESIAN_POINT('',(2.143155409765E-16,7.99154391373,15.6));
#7284 = DIRECTION('',(-0.,-0.,-1.));
#7285 = DIRECTION('',(-1.,0.,0.));
#7286 = ADVANCED_FACE('',(#7287),#7330,.T.);
#7287 = FACE_BOUND('',#7288,.T.);
#7288 = EDGE_LOOP('',(#7289,#7299,#7307,#7315,#7321,#7322,#7323,#7324));
#7289 = ORIENTED_EDGE('',*,*,#7290,.F.);
#7290 = EDGE_CURVE('',#7291,#7293,#7295,.T.);
#7291 = VERTEX_POINT('',#7292);
#7292 = CARTESIAN_POINT('',(-52.55,7.,31.));
#7293 = VERTEX_POINT('',#7294);
#7294 = CARTESIAN_POINT('',(-52.55,8.,31.));
#7295 = LINE('',#7296,#7297);
#7296 = CARTESIAN_POINT('',(-52.55,7.,31.));
#7297 = VECTOR('',#7298,1.);
#7298 = DIRECTION('',(0.,1.,0.));
#7299 = ORIENTED_EDGE('',*,*,#7300,.T.);
#7300 = EDGE_CURVE('',#7291,#7301,#7303,.T.);
#7301 = VERTEX_POINT('',#7302);
#7302 = CARTESIAN_POINT('',(-54.15,7.,31.));
#7303 = LINE('',#7304,#7305);
#7304 = CARTESIAN_POINT('',(-51.05,7.,31.));
#7305 = VECTOR('',#7306,1.);
#7306 = DIRECTION('',(-1.,-0.,-0.));
#7307 = ORIENTED_EDGE('',*,*,#7308,.F.);
#7308 = EDGE_CURVE('',#7309,#7301,#7311,.T.);
#7309 = VERTEX_POINT('',#7310);
#7310 = CARTESIAN_POINT('',(-54.15,8.,31.));
#7311 = LINE('',#7312,#7313);
#7312 = CARTESIAN_POINT('',(-54.15,8.,31.));
#7313 = VECTOR('',#7314,1.);
#7314 = DIRECTION('',(0.,-1.,0.));
#7315 = ORIENTED_EDGE('',*,*,#7316,.F.);
#7316 = EDGE_CURVE('',#6880,#7309,#7317,.T.);
#7317 = LINE('',#7318,#7319);
#7318 = CARTESIAN_POINT('',(-59.45,8.,31.));
#7319 = VECTOR('',#7320,1.);
#7320 = DIRECTION('',(1.,0.,0.));
#7321 = ORIENTED_EDGE('',*,*,#6921,.T.);
#7322 = ORIENTED_EDGE('',*,*,#6792,.F.);
#7323 = ORIENTED_EDGE('',*,*,#6865,.F.);
#7324 = ORIENTED_EDGE('',*,*,#7325,.F.);
#7325 = EDGE_CURVE('',#7293,#6824,#7326,.T.);
#7326 = LINE('',#7327,#7328);
#7327 = CARTESIAN_POINT('',(-52.55,8.,31.));
#7328 = VECTOR('',#7329,1.);
#7329 = DIRECTION('',(1.,0.,0.));
#7330 = PLANE('',#7331);
#7331 = AXIS2_PLACEMENT_3D('',#7332,#7333,#7334);
#7332 = CARTESIAN_POINT('',(-51.05,7.,31.));
#7333 = DIRECTION('',(0.,0.,-1.));
#7334 = DIRECTION('',(0.,1.,0.));
#7335 = ADVANCED_FACE('',(#7336),#7347,.F.);
#7336 = FACE_BOUND('',#7337,.F.);
#7337 = EDGE_LOOP('',(#7338,#7339,#7345,#7346));
#7338 = ORIENTED_EDGE('',*,*,#7325,.F.);
#7339 = ORIENTED_EDGE('',*,*,#7340,.T.);
#7340 = EDGE_CURVE('',#7293,#7269,#7341,.T.);
#7341 = LINE('',#7342,#7343);
#7342 = CARTESIAN_POINT('',(-52.55,8.,31.));
#7343 = VECTOR('',#7344,1.);
#7344 = DIRECTION('',(0.,0.,-1.));
#7345 = ORIENTED_EDGE('',*,*,#7276,.F.);
#7346 = ORIENTED_EDGE('',*,*,#6823,.F.);
#7347 = PLANE('',#7348);
#7348 = AXIS2_PLACEMENT_3D('',#7349,#7350,#7351);
#7349 = CARTESIAN_POINT('',(-52.55,8.,31.));
#7350 = DIRECTION('',(0.,-1.,0.));
#7351 = DIRECTION('',(1.,0.,0.));
#7352 = ADVANCED_FACE('',(#7353),#7396,.T.);
#7353 = FACE_BOUND('',#7354,.T.);
#7354 = EDGE_LOOP('',(#7355,#7356,#7357,#7358,#7366,#7374,#7382,#7390));
#7355 = ORIENTED_EDGE('',*,*,#6849,.F.);
#7356 = ORIENTED_EDGE('',*,*,#6937,.T.);
#7357 = ORIENTED_EDGE('',*,*,#6905,.T.);
#7358 = ORIENTED_EDGE('',*,*,#7359,.F.);
#7359 = EDGE_CURVE('',#7360,#6898,#7362,.T.);
#7360 = VERTEX_POINT('',#7361);
#7361 = CARTESIAN_POINT('',(-54.15,21.999999999992,31.));
#7362 = LINE('',#7363,#7364);
#7363 = CARTESIAN_POINT('',(-54.15,21.999999999992,31.));
#7364 = VECTOR('',#7365,1.);
#7365 = DIRECTION('',(-1.,0.,0.));
#7366 = ORIENTED_EDGE('',*,*,#7367,.F.);
#7367 = EDGE_CURVE('',#7368,#7360,#7370,.T.);
#7368 = VERTEX_POINT('',#7369);
#7369 = CARTESIAN_POINT('',(-54.15,23.,31.));
#7370 = LINE('',#7371,#7372);
#7371 = CARTESIAN_POINT('',(-54.15,23.,31.));
#7372 = VECTOR('',#7373,1.);
#7373 = DIRECTION('',(0.,-1.,0.));
#7374 = ORIENTED_EDGE('',*,*,#7375,.F.);
#7375 = EDGE_CURVE('',#7376,#7368,#7378,.T.);
#7376 = VERTEX_POINT('',#7377);
#7377 = CARTESIAN_POINT('',(-52.55,23.,31.));
#7378 = LINE('',#7379,#7380);
#7379 = CARTESIAN_POINT('',(-51.05,23.,31.));
#7380 = VECTOR('',#7381,1.);
#7381 = DIRECTION('',(-1.,-0.,-0.));
#7382 = ORIENTED_EDGE('',*,*,#7383,.F.);
#7383 = EDGE_CURVE('',#7384,#7376,#7386,.T.);
#7384 = VERTEX_POINT('',#7385);
#7385 = CARTESIAN_POINT('',(-52.55,21.999999999992,31.));
#7386 = LINE('',#7387,#7388);
#7387 = CARTESIAN_POINT('',(-52.55,21.999999999992,31.));
#7388 = VECTOR('',#7389,1.);
#7389 = DIRECTION('',(0.,1.,0.));
#7390 = ORIENTED_EDGE('',*,*,#7391,.F.);
#7391 = EDGE_CURVE('',#6842,#7384,#7392,.T.);
#7392 = LINE('',#7393,#7394);
#7393 = CARTESIAN_POINT('',(-51.05,21.999999999992,31.));
#7394 = VECTOR('',#7395,1.);
#7395 = DIRECTION('',(-1.,0.,0.));
#7396 = PLANE('',#7397);
#7397 = AXIS2_PLACEMENT_3D('',#7398,#7399,#7400);
#7398 = CARTESIAN_POINT('',(-51.05,20.,31.));
#7399 = DIRECTION('',(0.,0.,-1.));
#7400 = DIRECTION('',(0.,1.,0.));
#7401 = ADVANCED_FACE('',(#7402),#7413,.F.);
#7402 = FACE_BOUND('',#7403,.F.);
#7403 = EDGE_LOOP('',(#7404,#7405,#7406,#7407));
#7404 = ORIENTED_EDGE('',*,*,#7391,.F.);
#7405 = ORIENTED_EDGE('',*,*,#6841,.T.);
#7406 = ORIENTED_EDGE('',*,*,#7205,.F.);
#7407 = ORIENTED_EDGE('',*,*,#7408,.F.);
#7408 = EDGE_CURVE('',#7384,#7206,#7409,.T.);
#7409 = LINE('',#7410,#7411);
#7410 = CARTESIAN_POINT('',(-52.55,21.999999999992,31.));
#7411 = VECTOR('',#7412,1.);
#7412 = DIRECTION('',(0.,0.,-1.));
#7413 = PLANE('',#7414);
#7414 = AXIS2_PLACEMENT_3D('',#7415,#7416,#7417);
#7415 = CARTESIAN_POINT('',(-51.05,21.999999999992,31.));
#7416 = DIRECTION('',(0.,1.,0.));
#7417 = DIRECTION('',(-1.,0.,0.));
#7418 = ADVANCED_FACE('',(#7419),#7430,.F.);
#7419 = FACE_BOUND('',#7420,.F.);
#7420 = EDGE_LOOP('',(#7421,#7422,#7423,#7424));
#7421 = ORIENTED_EDGE('',*,*,#7316,.F.);
#7422 = ORIENTED_EDGE('',*,*,#6879,.T.);
#7423 = ORIENTED_EDGE('',*,*,#7244,.F.);
#7424 = ORIENTED_EDGE('',*,*,#7425,.F.);
#7425 = EDGE_CURVE('',#7309,#7245,#7426,.T.);
#7426 = LINE('',#7427,#7428);
#7427 = CARTESIAN_POINT('',(-54.15,8.,31.));
#7428 = VECTOR('',#7429,1.);
#7429 = DIRECTION('',(0.,0.,-1.));
#7430 = PLANE('',#7431);
#7431 = AXIS2_PLACEMENT_3D('',#7432,#7433,#7434);
#7432 = CARTESIAN_POINT('',(-59.45,8.,31.));
#7433 = DIRECTION('',(0.,-1.,0.));
#7434 = DIRECTION('',(1.,0.,0.));
#7435 = ADVANCED_FACE('',(#7436),#7447,.F.);
#7436 = FACE_BOUND('',#7437,.F.);
#7437 = EDGE_LOOP('',(#7438,#7439,#7445,#7446));
#7438 = ORIENTED_EDGE('',*,*,#7359,.F.);
#7439 = ORIENTED_EDGE('',*,*,#7440,.T.);
#7440 = EDGE_CURVE('',#7360,#7230,#7441,.T.);
#7441 = LINE('',#7442,#7443);
#7442 = CARTESIAN_POINT('',(-54.15,21.999999999992,31.));
#7443 = VECTOR('',#7444,1.);
#7444 = DIRECTION('',(0.,0.,-1.));
#7445 = ORIENTED_EDGE('',*,*,#7237,.F.);
#7446 = ORIENTED_EDGE('',*,*,#6897,.F.);
#7447 = PLANE('',#7448);
#7448 = AXIS2_PLACEMENT_3D('',#7449,#7450,#7451);
#7449 = CARTESIAN_POINT('',(-54.15,21.999999999992,31.));
#7450 = DIRECTION('',(0.,1.,0.));
#7451 = DIRECTION('',(-1.,0.,0.));
#7452 = ADVANCED_FACE('',(#7453),#7496,.T.);
#7453 = FACE_BOUND('',#7454,.F.);
#7454 = EDGE_LOOP('',(#7455,#7465,#7473,#7481,#7487,#7488,#7489,#7490));
#7455 = ORIENTED_EDGE('',*,*,#7456,.F.);
#7456 = EDGE_CURVE('',#7457,#7459,#7461,.T.);
#7457 = VERTEX_POINT('',#7458);
#7458 = CARTESIAN_POINT('',(52.55,7.,31.));
#7459 = VERTEX_POINT('',#7460);
#7460 = CARTESIAN_POINT('',(52.55,8.,31.));
#7461 = LINE('',#7462,#7463);
#7462 = CARTESIAN_POINT('',(52.55,7.,31.));
#7463 = VECTOR('',#7464,1.);
#7464 = DIRECTION('',(2.22044604925E-16,1.,2.465190328816E-32));
#7465 = ORIENTED_EDGE('',*,*,#7466,.T.);
#7466 = EDGE_CURVE('',#7457,#7467,#7469,.T.);
#7467 = VERTEX_POINT('',#7468);
#7468 = CARTESIAN_POINT('',(54.15,7.,31.));
#7469 = LINE('',#7470,#7471);
#7470 = CARTESIAN_POINT('',(51.05,7.,31.));
#7471 = VECTOR('',#7472,1.);
#7472 = DIRECTION('',(1.,-2.22044604925E-16,2.22044604925E-16));
#7473 = ORIENTED_EDGE('',*,*,#7474,.F.);
#7474 = EDGE_CURVE('',#7475,#7467,#7477,.T.);
#7475 = VERTEX_POINT('',#7476);
#7476 = CARTESIAN_POINT('',(54.15,8.,31.));
#7477 = LINE('',#7478,#7479);
#7478 = CARTESIAN_POINT('',(54.15,8.,31.));
#7479 = VECTOR('',#7480,1.);
#7480 = DIRECTION('',(-2.22044604925E-16,-1.,-2.465190328816E-32));
#7481 = ORIENTED_EDGE('',*,*,#7482,.F.);
#7482 = EDGE_CURVE('',#7040,#7475,#7483,.T.);
#7483 = LINE('',#7484,#7485);
#7484 = CARTESIAN_POINT('',(59.45,8.,31.));
#7485 = VECTOR('',#7486,1.);
#7486 = DIRECTION('',(-1.,2.22044604925E-16,-2.22044604925E-16));
#7487 = ORIENTED_EDGE('',*,*,#7081,.T.);
#7488 = ORIENTED_EDGE('',*,*,#6952,.F.);
#7489 = ORIENTED_EDGE('',*,*,#7025,.F.);
#7490 = ORIENTED_EDGE('',*,*,#7491,.F.);
#7491 = EDGE_CURVE('',#7459,#6984,#7492,.T.);
#7492 = LINE('',#7493,#7494);
#7493 = CARTESIAN_POINT('',(52.55,8.,31.));
#7494 = VECTOR('',#7495,1.);
#7495 = DIRECTION('',(-1.,2.22044604925E-16,-2.22044604925E-16));
#7496 = PLANE('',#7497);
#7497 = AXIS2_PLACEMENT_3D('',#7498,#7499,#7500);
#7498 = CARTESIAN_POINT('',(51.05,7.,31.));
#7499 = DIRECTION('',(2.22044604925E-16,-2.465190328816E-32,-1.));
#7500 = DIRECTION('',(-2.22044604925E-16,-1.,-2.465190328816E-32));
#7501 = ADVANCED_FACE('',(#7502),#7513,.F.);
#7502 = FACE_BOUND('',#7503,.T.);
#7503 = EDGE_LOOP('',(#7504,#7505,#7511,#7512));
#7504 = ORIENTED_EDGE('',*,*,#7491,.F.);
#7505 = ORIENTED_EDGE('',*,*,#7506,.T.);
#7506 = EDGE_CURVE('',#7459,#7126,#7507,.T.);
#7507 = LINE('',#7508,#7509);
#7508 = CARTESIAN_POINT('',(52.55,8.,31.));
#7509 = VECTOR('',#7510,1.);
#7510 = DIRECTION('',(2.22044604925E-16,-2.465190328816E-32,-1.));
#7511 = ORIENTED_EDGE('',*,*,#7125,.F.);
#7512 = ORIENTED_EDGE('',*,*,#6983,.F.);
#7513 = PLANE('',#7514);
#7514 = AXIS2_PLACEMENT_3D('',#7515,#7516,#7517);
#7515 = CARTESIAN_POINT('',(52.55,8.,31.));
#7516 = DIRECTION('',(-2.22044604925E-16,-1.,-2.465190328816E-32));
#7517 = DIRECTION('',(1.,-2.22044604925E-16,2.22044604925E-16));
#7518 = ADVANCED_FACE('',(#7519),#7562,.T.);
#7519 = FACE_BOUND('',#7520,.F.);
#7520 = EDGE_LOOP('',(#7521,#7522,#7523,#7524,#7532,#7540,#7548,#7556));
#7521 = ORIENTED_EDGE('',*,*,#7009,.F.);
#7522 = ORIENTED_EDGE('',*,*,#7097,.T.);
#7523 = ORIENTED_EDGE('',*,*,#7065,.T.);
#7524 = ORIENTED_EDGE('',*,*,#7525,.F.);
#7525 = EDGE_CURVE('',#7526,#7058,#7528,.T.);
#7526 = VERTEX_POINT('',#7527);
#7527 = CARTESIAN_POINT('',(54.15,21.999999999992,31.));
#7528 = LINE('',#7529,#7530);
#7529 = CARTESIAN_POINT('',(54.15,21.999999999992,31.));
#7530 = VECTOR('',#7531,1.);
#7531 = DIRECTION('',(1.,-2.22044604925E-16,2.22044604925E-16));
#7532 = ORIENTED_EDGE('',*,*,#7533,.F.);
#7533 = EDGE_CURVE('',#7534,#7526,#7536,.T.);
#7534 = VERTEX_POINT('',#7535);
#7535 = CARTESIAN_POINT('',(54.15,23.,31.));
#7536 = LINE('',#7537,#7538);
#7537 = CARTESIAN_POINT('',(54.15,23.,31.));
#7538 = VECTOR('',#7539,1.);
#7539 = DIRECTION('',(-2.22044604925E-16,-1.,-2.465190328816E-32));
#7540 = ORIENTED_EDGE('',*,*,#7541,.F.);
#7541 = EDGE_CURVE('',#7542,#7534,#7544,.T.);
#7542 = VERTEX_POINT('',#7543);
#7543 = CARTESIAN_POINT('',(52.55,23.,31.));
#7544 = LINE('',#7545,#7546);
#7545 = CARTESIAN_POINT('',(51.05,23.,31.));
#7546 = VECTOR('',#7547,1.);
#7547 = DIRECTION('',(1.,-2.22044604925E-16,2.22044604925E-16));
#7548 = ORIENTED_EDGE('',*,*,#7549,.F.);
#7549 = EDGE_CURVE('',#7550,#7542,#7552,.T.);
#7550 = VERTEX_POINT('',#7551);
#7551 = CARTESIAN_POINT('',(52.55,21.999999999992,31.));
#7552 = LINE('',#7553,#7554);
#7553 = CARTESIAN_POINT('',(52.55,21.999999999992,31.));
#7554 = VECTOR('',#7555,1.);
#7555 = DIRECTION('',(2.22044604925E-16,1.,2.465190328816E-32));
#7556 = ORIENTED_EDGE('',*,*,#7557,.F.);
#7557 = EDGE_CURVE('',#7002,#7550,#7558,.T.);
#7558 = LINE('',#7559,#7560);
#7559 = CARTESIAN_POINT('',(51.05,21.999999999992,31.));
#7560 = VECTOR('',#7561,1.);
#7561 = DIRECTION('',(1.,-2.22044604925E-16,2.22044604925E-16));
#7562 = PLANE('',#7563);
#7563 = AXIS2_PLACEMENT_3D('',#7564,#7565,#7566);
#7564 = CARTESIAN_POINT('',(51.05,20.,31.));
#7565 = DIRECTION('',(2.22044604925E-16,-2.465190328816E-32,-1.));
#7566 = DIRECTION('',(-2.22044604925E-16,-1.,-2.465190328816E-32));
#7567 = ADVANCED_FACE('',(#7568),#7579,.F.);
#7568 = FACE_BOUND('',#7569,.T.);
#7569 = EDGE_LOOP('',(#7570,#7571,#7572,#7573));
#7570 = ORIENTED_EDGE('',*,*,#7557,.F.);
#7571 = ORIENTED_EDGE('',*,*,#7001,.T.);
#7572 = ORIENTED_EDGE('',*,*,#7196,.F.);
#7573 = ORIENTED_EDGE('',*,*,#7574,.F.);
#7574 = EDGE_CURVE('',#7550,#7189,#7575,.T.);
#7575 = LINE('',#7576,#7577);
#7576 = CARTESIAN_POINT('',(52.55,21.999999999992,31.));
#7577 = VECTOR('',#7578,1.);
#7578 = DIRECTION('',(2.22044604925E-16,-2.465190328816E-32,-1.));
#7579 = PLANE('',#7580);
#7580 = AXIS2_PLACEMENT_3D('',#7581,#7582,#7583);
#7581 = CARTESIAN_POINT('',(51.05,21.999999999992,31.));
#7582 = DIRECTION('',(2.22044604925E-16,1.,2.465190328816E-32));
#7583 = DIRECTION('',(-1.,2.22044604925E-16,-2.22044604925E-16));
#7584 = ADVANCED_FACE('',(#7585),#7596,.F.);
#7585 = FACE_BOUND('',#7586,.T.);
#7586 = EDGE_LOOP('',(#7587,#7588,#7589,#7590));
#7587 = ORIENTED_EDGE('',*,*,#7482,.F.);
#7588 = ORIENTED_EDGE('',*,*,#7039,.T.);
#7589 = ORIENTED_EDGE('',*,*,#7157,.F.);
#7590 = ORIENTED_EDGE('',*,*,#7591,.F.);
#7591 = EDGE_CURVE('',#7475,#7150,#7592,.T.);
#7592 = LINE('',#7593,#7594);
#7593 = CARTESIAN_POINT('',(54.15,8.,31.));
#7594 = VECTOR('',#7595,1.);
#7595 = DIRECTION('',(2.22044604925E-16,-2.465190328816E-32,-1.));
#7596 = PLANE('',#7597);
#7597 = AXIS2_PLACEMENT_3D('',#7598,#7599,#7600);
#7598 = CARTESIAN_POINT('',(59.45,8.,31.));
#7599 = DIRECTION('',(-2.22044604925E-16,-1.,-2.465190328816E-32));
#7600 = DIRECTION('',(1.,-2.22044604925E-16,2.22044604925E-16));
#7601 = ADVANCED_FACE('',(#7602),#7613,.F.);
#7602 = FACE_BOUND('',#7603,.T.);
#7603 = EDGE_LOOP('',(#7604,#7605,#7611,#7612));
#7604 = ORIENTED_EDGE('',*,*,#7525,.F.);
#7605 = ORIENTED_EDGE('',*,*,#7606,.T.);
#7606 = EDGE_CURVE('',#7526,#7165,#7607,.T.);
#7607 = LINE('',#7608,#7609);
#7608 = CARTESIAN_POINT('',(54.15,21.999999999992,31.));
#7609 = VECTOR('',#7610,1.);
#7610 = DIRECTION('',(2.22044604925E-16,-2.465190328816E-32,-1.));
#7611 = ORIENTED_EDGE('',*,*,#7164,.F.);
#7612 = ORIENTED_EDGE('',*,*,#7057,.F.);
#7613 = PLANE('',#7614);
#7614 = AXIS2_PLACEMENT_3D('',#7615,#7616,#7617);
#7615 = CARTESIAN_POINT('',(54.15,21.999999999992,31.));
#7616 = DIRECTION('',(2.22044604925E-16,1.,2.465190328816E-32));
#7617 = DIRECTION('',(-1.,2.22044604925E-16,-2.22044604925E-16));
#7618 = ADVANCED_FACE('',(#7619),#7630,.F.);
#7619 = FACE_BOUND('',#7620,.T.);
#7620 = EDGE_LOOP('',(#7621,#7622,#7628,#7629));
#7621 = ORIENTED_EDGE('',*,*,#7456,.F.);
#7622 = ORIENTED_EDGE('',*,*,#7623,.T.);
#7623 = EDGE_CURVE('',#7457,#7134,#7624,.T.);
#7624 = LINE('',#7625,#7626);
#7625 = CARTESIAN_POINT('',(52.55,7.,31.));
#7626 = VECTOR('',#7627,1.);
#7627 = DIRECTION('',(2.22044604925E-16,-2.465190328816E-32,-1.));
#7628 = ORIENTED_EDGE('',*,*,#7133,.F.);
#7629 = ORIENTED_EDGE('',*,*,#7506,.F.);
#7630 = PLANE('',#7631);
#7631 = AXIS2_PLACEMENT_3D('',#7632,#7633,#7634);
#7632 = CARTESIAN_POINT('',(52.55,7.,31.));
#7633 = DIRECTION('',(-1.,2.22044604925E-16,-2.22044604925E-16));
#7634 = DIRECTION('',(-2.22044604925E-16,-1.,-2.465190328816E-32));
#7635 = ADVANCED_FACE('',(#7636),#7647,.T.);
#7636 = FACE_BOUND('',#7637,.F.);
#7637 = EDGE_LOOP('',(#7638,#7639,#7640,#7646));
#7638 = ORIENTED_EDGE('',*,*,#7623,.T.);
#7639 = ORIENTED_EDGE('',*,*,#7141,.T.);
#7640 = ORIENTED_EDGE('',*,*,#7641,.F.);
#7641 = EDGE_CURVE('',#7467,#7142,#7642,.T.);
#7642 = LINE('',#7643,#7644);
#7643 = CARTESIAN_POINT('',(54.15,7.,31.));
#7644 = VECTOR('',#7645,1.);
#7645 = DIRECTION('',(2.22044604925E-16,-2.465190328816E-32,-1.));
#7646 = ORIENTED_EDGE('',*,*,#7466,.F.);
#7647 = PLANE('',#7648);
#7648 = AXIS2_PLACEMENT_3D('',#7649,#7650,#7651);
#7649 = CARTESIAN_POINT('',(51.05,7.,14.));
#7650 = DIRECTION('',(2.22044604925E-16,1.,2.465190328816E-32));
#7651 = DIRECTION('',(2.22044604925E-16,-2.465190328816E-32,-1.));
#7652 = ADVANCED_FACE('',(#7653),#7659,.F.);
#7653 = FACE_BOUND('',#7654,.T.);
#7654 = EDGE_LOOP('',(#7655,#7656,#7657,#7658));
#7655 = ORIENTED_EDGE('',*,*,#7474,.F.);
#7656 = ORIENTED_EDGE('',*,*,#7591,.T.);
#7657 = ORIENTED_EDGE('',*,*,#7149,.F.);
#7658 = ORIENTED_EDGE('',*,*,#7641,.F.);
#7659 = PLANE('',#7660);
#7660 = AXIS2_PLACEMENT_3D('',#7661,#7662,#7663);
#7661 = CARTESIAN_POINT('',(54.15,8.,31.));
#7662 = DIRECTION('',(1.,-2.22044604925E-16,2.22044604925E-16));
#7663 = DIRECTION('',(2.22044604925E-16,1.,2.465190328816E-32));
#7664 = ADVANCED_FACE('',(#7665),#7676,.F.);
#7665 = FACE_BOUND('',#7666,.T.);
#7666 = EDGE_LOOP('',(#7667,#7668,#7674,#7675));
#7667 = ORIENTED_EDGE('',*,*,#7533,.F.);
#7668 = ORIENTED_EDGE('',*,*,#7669,.T.);
#7669 = EDGE_CURVE('',#7534,#7173,#7670,.T.);
#7670 = LINE('',#7671,#7672);
#7671 = CARTESIAN_POINT('',(54.15,23.,31.));
#7672 = VECTOR('',#7673,1.);
#7673 = DIRECTION('',(2.22044604925E-16,-2.465190328816E-32,-1.));
#7674 = ORIENTED_EDGE('',*,*,#7172,.F.);
#7675 = ORIENTED_EDGE('',*,*,#7606,.F.);
#7676 = PLANE('',#7677);
#7677 = AXIS2_PLACEMENT_3D('',#7678,#7679,#7680);
#7678 = CARTESIAN_POINT('',(54.15,23.,31.));
#7679 = DIRECTION('',(1.,-2.22044604925E-16,2.22044604925E-16));
#7680 = DIRECTION('',(2.22044604925E-16,1.,2.465190328816E-32));
#7681 = ADVANCED_FACE('',(#7682),#7693,.T.);
#7682 = FACE_BOUND('',#7683,.F.);
#7683 = EDGE_LOOP('',(#7684,#7690,#7691,#7692));
#7684 = ORIENTED_EDGE('',*,*,#7685,.F.);
#7685 = EDGE_CURVE('',#7542,#7181,#7686,.T.);
#7686 = LINE('',#7687,#7688);
#7687 = CARTESIAN_POINT('',(52.55,23.,31.));
#7688 = VECTOR('',#7689,1.);
#7689 = DIRECTION('',(2.22044604925E-16,-2.465190328816E-32,-1.));
#7690 = ORIENTED_EDGE('',*,*,#7541,.T.);
#7691 = ORIENTED_EDGE('',*,*,#7669,.T.);
#7692 = ORIENTED_EDGE('',*,*,#7180,.T.);
#7693 = PLANE('',#7694);
#7694 = AXIS2_PLACEMENT_3D('',#7695,#7696,#7697);
#7695 = CARTESIAN_POINT('',(51.05,23.,31.));
#7696 = DIRECTION('',(-2.22044604925E-16,-1.,-2.465190328816E-32));
#7697 = DIRECTION('',(-2.22044604925E-16,2.465190328816E-32,1.));
#7698 = ADVANCED_FACE('',(#7699),#7705,.F.);
#7699 = FACE_BOUND('',#7700,.T.);
#7700 = EDGE_LOOP('',(#7701,#7702,#7703,#7704));
#7701 = ORIENTED_EDGE('',*,*,#7549,.F.);
#7702 = ORIENTED_EDGE('',*,*,#7574,.T.);
#7703 = ORIENTED_EDGE('',*,*,#7188,.F.);
#7704 = ORIENTED_EDGE('',*,*,#7685,.F.);
#7705 = PLANE('',#7706);
#7706 = AXIS2_PLACEMENT_3D('',#7707,#7708,#7709);
#7707 = CARTESIAN_POINT('',(52.55,21.999999999992,31.));
#7708 = DIRECTION('',(-1.,2.22044604925E-16,-2.22044604925E-16));
#7709 = DIRECTION('',(-2.22044604925E-16,-1.,-2.465190328816E-32));
#7710 = ADVANCED_FACE('',(#7711),#7722,.F.);
#7711 = FACE_BOUND('',#7712,.F.);
#7712 = EDGE_LOOP('',(#7713,#7714,#7715,#7716));
#7713 = ORIENTED_EDGE('',*,*,#7383,.F.);
#7714 = ORIENTED_EDGE('',*,*,#7408,.T.);
#7715 = ORIENTED_EDGE('',*,*,#7213,.F.);
#7716 = ORIENTED_EDGE('',*,*,#7717,.F.);
#7717 = EDGE_CURVE('',#7376,#7214,#7718,.T.);
#7718 = LINE('',#7719,#7720);
#7719 = CARTESIAN_POINT('',(-52.55,23.,31.));
#7720 = VECTOR('',#7721,1.);
#7721 = DIRECTION('',(0.,0.,-1.));
#7722 = PLANE('',#7723);
#7723 = AXIS2_PLACEMENT_3D('',#7724,#7725,#7726);
#7724 = CARTESIAN_POINT('',(-52.55,21.999999999992,31.));
#7725 = DIRECTION('',(1.,0.,0.));
#7726 = DIRECTION('',(0.,1.,0.));
#7727 = ADVANCED_FACE('',(#7728),#7739,.T.);
#7728 = FACE_BOUND('',#7729,.T.);
#7729 = EDGE_LOOP('',(#7730,#7731,#7732,#7738));
#7730 = ORIENTED_EDGE('',*,*,#7717,.F.);
#7731 = ORIENTED_EDGE('',*,*,#7375,.T.);
#7732 = ORIENTED_EDGE('',*,*,#7733,.T.);
#7733 = EDGE_CURVE('',#7368,#7222,#7734,.T.);
#7734 = LINE('',#7735,#7736);
#7735 = CARTESIAN_POINT('',(-54.15,23.,31.));
#7736 = VECTOR('',#7737,1.);
#7737 = DIRECTION('',(0.,0.,-1.));
#7738 = ORIENTED_EDGE('',*,*,#7221,.T.);
#7739 = PLANE('',#7740);
#7740 = AXIS2_PLACEMENT_3D('',#7741,#7742,#7743);
#7741 = CARTESIAN_POINT('',(-51.05,23.,31.));
#7742 = DIRECTION('',(0.,-1.,0.));
#7743 = DIRECTION('',(0.,0.,-1.));
#7744 = ADVANCED_FACE('',(#7745),#7751,.F.);
#7745 = FACE_BOUND('',#7746,.F.);
#7746 = EDGE_LOOP('',(#7747,#7748,#7749,#7750));
#7747 = ORIENTED_EDGE('',*,*,#7367,.F.);
#7748 = ORIENTED_EDGE('',*,*,#7733,.T.);
#7749 = ORIENTED_EDGE('',*,*,#7229,.F.);
#7750 = ORIENTED_EDGE('',*,*,#7440,.F.);
#7751 = PLANE('',#7752);
#7752 = AXIS2_PLACEMENT_3D('',#7753,#7754,#7755);
#7753 = CARTESIAN_POINT('',(-54.15,23.,31.));
#7754 = DIRECTION('',(-1.,-0.,-0.));
#7755 = DIRECTION('',(0.,-1.,0.));
#7756 = ADVANCED_FACE('',(#7757),#7768,.F.);
#7757 = FACE_BOUND('',#7758,.F.);
#7758 = EDGE_LOOP('',(#7759,#7760,#7761,#7762));
#7759 = ORIENTED_EDGE('',*,*,#7308,.F.);
#7760 = ORIENTED_EDGE('',*,*,#7425,.T.);
#7761 = ORIENTED_EDGE('',*,*,#7252,.F.);
#7762 = ORIENTED_EDGE('',*,*,#7763,.F.);
#7763 = EDGE_CURVE('',#7301,#7253,#7764,.T.);
#7764 = LINE('',#7765,#7766);
#7765 = CARTESIAN_POINT('',(-54.15,7.,31.));
#7766 = VECTOR('',#7767,1.);
#7767 = DIRECTION('',(0.,0.,-1.));
#7768 = PLANE('',#7769);
#7769 = AXIS2_PLACEMENT_3D('',#7770,#7771,#7772);
#7770 = CARTESIAN_POINT('',(-54.15,8.,31.));
#7771 = DIRECTION('',(-1.,-0.,-0.));
#7772 = DIRECTION('',(0.,-1.,0.));
#7773 = ADVANCED_FACE('',(#7774),#7785,.T.);
#7774 = FACE_BOUND('',#7775,.T.);
#7775 = EDGE_LOOP('',(#7776,#7782,#7783,#7784));
#7776 = ORIENTED_EDGE('',*,*,#7777,.T.);
#7777 = EDGE_CURVE('',#7291,#7261,#7778,.T.);
#7778 = LINE('',#7779,#7780);
#7779 = CARTESIAN_POINT('',(-52.55,7.,31.));
#7780 = VECTOR('',#7781,1.);
#7781 = DIRECTION('',(0.,0.,-1.));
#7782 = ORIENTED_EDGE('',*,*,#7260,.T.);
#7783 = ORIENTED_EDGE('',*,*,#7763,.F.);
#7784 = ORIENTED_EDGE('',*,*,#7300,.F.);
#7785 = PLANE('',#7786);
#7786 = AXIS2_PLACEMENT_3D('',#7787,#7788,#7789);
#7787 = CARTESIAN_POINT('',(-51.05,7.,14.));
#7788 = DIRECTION('',(0.,1.,0.));
#7789 = DIRECTION('',(0.,0.,1.));
#7790 = ADVANCED_FACE('',(#7791),#7797,.F.);
#7791 = FACE_BOUND('',#7792,.F.);
#7792 = EDGE_LOOP('',(#7793,#7794,#7795,#7796));
#7793 = ORIENTED_EDGE('',*,*,#7290,.F.);
#7794 = ORIENTED_EDGE('',*,*,#7777,.T.);
#7795 = ORIENTED_EDGE('',*,*,#7268,.F.);
#7796 = ORIENTED_EDGE('',*,*,#7340,.F.);
#7797 = PLANE('',#7798);
#7798 = AXIS2_PLACEMENT_3D('',#7799,#7800,#7801);
#7799 = CARTESIAN_POINT('',(-52.55,7.,31.));
#7800 = DIRECTION('',(1.,0.,0.));
#7801 = DIRECTION('',(0.,1.,0.));
#7802 = ( GEOMETRIC_REPRESENTATION_CONTEXT(3) 
GLOBAL_UNCERTAINTY_ASSIGNED_CONTEXT((#7806)) 
GLOBAL_UNIT_ASSIGNED_CONTEXT((#7803,#7804,#7805)) REPRESENTATION_CONTEXT
('Context #1','3D Context with UNIT and UNCERTAINTY') );
#7803 = ( LENGTH_UNIT() NAMED_UNIT(*) SI_UNIT(.MILLI.,.METRE.) );
#7804 = ( NAMED_UNIT(*) PLANE_ANGLE_UNIT() SI_UNIT($,.RADIAN.) );
#7805 = ( NAMED_UNIT(*) SI_UNIT($,.STERADIAN.) SOLID_ANGLE_UNIT() );
#7806 = UNCERTAINTY_MEASURE_WITH_UNIT(LENGTH_MEASURE(2.E-03),#7803,
  'distance_accuracy_value','confusion accuracy');
#7807 = PRODUCT_RELATED_PRODUCT_CATEGORY('part',$,(#7));
#7808 = MECHANICAL_DESIGN_GEOMETRIC_PRESENTATION_REPRESENTATION('',(
    #7809),#7802);
#7809 = STYLED_ITEM('color',(#7810),#15);
#7810 = PRESENTATION_STYLE_ASSIGNMENT((#7811,#7817));
#7811 = SURFACE_STYLE_USAGE(.BOTH.,#7812);
#7812 = SURFACE_SIDE_STYLE('',(#7813));
#7813 = SURFACE_STYLE_FILL_AREA(#7814);
#7814 = FILL_AREA_STYLE('',(#7815));
#7815 = FILL_AREA_STYLE_COLOUR('',#7816);
#7816 = COLOUR_RGB('',0.447058818107,0.474509808674,0.501960817233);
#7817 = CURVE_STYLE('',#7818,POSITIVE_LENGTH_MEASURE(0.1),#7819);
#7818 = DRAUGHTING_PRE_DEFINED_CURVE_FONT('continuous');
#7819 = DRAUGHTING_PRE_DEFINED_COLOUR('white');
ENDSEC;
END-ISO-10303-21;
