ISO-10303-21;
HEADER;
FILE_DESCRIPTION(('FreeCAD Model'),'2;1');
FILE_NAME('Open CASCADE Shape Model','2026-09-18T21:03:37',(''),(''),
  'Open CASCADE STEP processor 7.8','FreeCAD','Unknown');
FILE_SCHEMA(('AUTOMOTIVE_DESIGN { 1 0 10303 214 1 1 1 1 }'));
ENDSEC;
DATA;
#1 = APPLICATION_PROTOCOL_DEFINITION('international standard',
  'automotive_design',2000,#2);
#2 = APPLICATION_CONTEXT(
  'core data for automotive mechanical design processes');
#3 = SHAPE_DEFINITION_REPRESENTATION(#4,#10);
#4 = PRODUCT_DEFINITION_SHAPE('','',#5);
#5 = PRODUCT_DEFINITION('design','',#6,#9);
#6 = PRODUCT_DEFINITION_FORMATION('','',#7);
#7 = PRODUCT('Gehaeuse','Gehaeuse','',(#8));
#8 = PRODUCT_CONTEXT('',#2,'mechanical');
#9 = PRODUCT_DEFINITION_CONTEXT('part definition',#2,'design');
#10 = ADVANCED_BREP_SHAPE_REPRESENTATION('',(#11,#15),#4709);
#11 = AXIS2_PLACEMENT_3D('',#12,#13,#14);
#12 = CARTESIAN_POINT('',(0.,0.,0.));
#13 = DIRECTION('',(0.,0.,1.));
#14 = DIRECTION('',(1.,0.,-0.));
#15 = MANIFOLD_SOLID_BREP('',#16);
#16 = CLOSED_SHELL('',(#17,#50,#76,#96,#306,#331,#371,#403,#443,#475,
    #501,#534,#559,#585,#611,#636,#661,#687,#713,#738,#763,#789,#815,
    #840,#865,#883,#909,#934,#988,#1008,#1062,#1167,#1187,#1212,#1236,
    #1261,#1286,#1310,#1334,#1359,#1384,#1408,#1432,#1457,#1482,#1506,
    #1530,#1548,#1573,#1582,#1607,#1769,#1801,#1825,#1850,#1874,#1899,
    #1923,#1948,#1965,#1990,#2010,#2035,#2067,#2091,#2116,#2140,#2165,
    #2189,#2214,#2238,#2263,#2287,#2312,#2336,#2361,#2385,#2410,#2427,
    #2477,#2502,#2527,#2536,#2568,#2688,#2713,#2737,#2762,#2818,#2843,
    #2867,#2892,#2948,#2973,#2997,#3022,#3078,#3103,#3120,#3153,#3186,
    #3469,#3494,#3503,#3528,#3552,#3576,#3593,#3617,#3641,#3658,#3682,
    #3706,#3723,#3747,#3771,#3788,#3812,#3836,#3853,#3877,#3901,#3918,
    #3942,#3968,#3994,#4113,#4138,#4162,#4187,#4211,#4236,#4260,#4285,
    #4309,#4334,#4358,#4383,#4400,#4412,#4424,#4436,#4448,#4460,#4472,
    #4481,#4499,#4517,#4535,#4553,#4571,#4589,#4607,#4625,#4643,#4661,
    #4679,#4697));
#17 = ADVANCED_FACE('',(#18),#45,.T.);
#18 = FACE_BOUND('',#19,.F.);
#19 = EDGE_LOOP('',(#20,#30,#37,#38));
#20 = ORIENTED_EDGE('',*,*,#21,.T.);
#21 = EDGE_CURVE('',#22,#24,#26,.T.);
#22 = VERTEX_POINT('',#23);
#23 = CARTESIAN_POINT('',(-4.2,-21.5,3.4));
#24 = VERTEX_POINT('',#25);
#25 = CARTESIAN_POINT('',(-4.2,-21.5,4.4));
#26 = LINE('',#27,#28);
#27 = CARTESIAN_POINT('',(-4.2,-21.5,2.4));
#28 = VECTOR('',#29,1.);
#29 = DIRECTION('',(0.,0.,1.));
#30 = ORIENTED_EDGE('',*,*,#31,.T.);
#31 = EDGE_CURVE('',#24,#24,#32,.T.);
#32 = CIRCLE('',#33,1.5);
#33 = AXIS2_PLACEMENT_3D('',#34,#35,#36);
#34 = CARTESIAN_POINT('',(-5.7,-21.5,4.4));
#35 = DIRECTION('',(0.,0.,1.));
#36 = DIRECTION('',(1.,0.,0.));
#37 = ORIENTED_EDGE('',*,*,#21,.F.);
#38 = ORIENTED_EDGE('',*,*,#39,.F.);
#39 = EDGE_CURVE('',#22,#22,#40,.T.);
#40 = CIRCLE('',#41,1.5);
#41 = AXIS2_PLACEMENT_3D('',#42,#43,#44);
#42 = CARTESIAN_POINT('',(-5.7,-21.5,3.4));
#43 = DIRECTION('',(0.,0.,1.));
#44 = DIRECTION('',(1.,0.,0.));
#45 = CYLINDRICAL_SURFACE('',#46,1.5);
#46 = AXIS2_PLACEMENT_3D('',#47,#48,#49);
#47 = CARTESIAN_POINT('',(-5.7,-21.5,2.4));
#48 = DIRECTION('',(-0.,-0.,-1.));
#49 = DIRECTION('',(1.,0.,0.));
#50 = ADVANCED_FACE('',(#51),#71,.F.);
#51 = FACE_BOUND('',#52,.F.);
#52 = EDGE_LOOP('',(#53,#62,#63,#64));
#53 = ORIENTED_EDGE('',*,*,#54,.F.);
#54 = EDGE_CURVE('',#22,#55,#57,.T.);
#55 = VERTEX_POINT('',#56);
#56 = CARTESIAN_POINT('',(-3.2,-21.5,2.4));
#57 = CIRCLE('',#58,1.);
#58 = AXIS2_PLACEMENT_3D('',#59,#60,#61);
#59 = CARTESIAN_POINT('',(-3.2,-21.5,3.4));
#60 = DIRECTION('',(0.,-1.,0.));
#61 = DIRECTION('',(1.,0.,0.));
#62 = ORIENTED_EDGE('',*,*,#39,.T.);
#63 = ORIENTED_EDGE('',*,*,#54,.T.);
#64 = ORIENTED_EDGE('',*,*,#65,.F.);
#65 = EDGE_CURVE('',#55,#55,#66,.T.);
#66 = CIRCLE('',#67,2.5);
#67 = AXIS2_PLACEMENT_3D('',#68,#69,#70);
#68 = CARTESIAN_POINT('',(-5.7,-21.5,2.4));
#69 = DIRECTION('',(0.,0.,1.));
#70 = DIRECTION('',(1.,0.,0.));
#71 = TOROIDAL_SURFACE('',#72,2.5,1.);
#72 = AXIS2_PLACEMENT_3D('',#73,#74,#75);
#73 = CARTESIAN_POINT('',(-5.7,-21.5,3.4));
#74 = DIRECTION('',(0.,0.,1.));
#75 = DIRECTION('',(1.,0.,0.));
#76 = ADVANCED_FACE('',(#77,#80),#91,.T.);
#77 = FACE_BOUND('',#78,.T.);
#78 = EDGE_LOOP('',(#79));
#79 = ORIENTED_EDGE('',*,*,#31,.T.);
#80 = FACE_BOUND('',#81,.T.);
#81 = EDGE_LOOP('',(#82));
#82 = ORIENTED_EDGE('',*,*,#83,.F.);
#83 = EDGE_CURVE('',#84,#84,#86,.T.);
#84 = VERTEX_POINT('',#85);
#85 = CARTESIAN_POINT('',(-4.7,-21.5,4.4));
#86 = CIRCLE('',#87,1.);
#87 = AXIS2_PLACEMENT_3D('',#88,#89,#90);
#88 = CARTESIAN_POINT('',(-5.7,-21.5,4.4));
#89 = DIRECTION('',(0.,0.,1.));
#90 = DIRECTION('',(1.,0.,0.));
#91 = PLANE('',#92);
#92 = AXIS2_PLACEMENT_3D('',#93,#94,#95);
#93 = CARTESIAN_POINT('',(-5.697667218914E-17,2.,4.4));
#94 = DIRECTION('',(0.,0.,1.));
#95 = DIRECTION('',(1.,0.,0.));
#96 = ADVANCED_FACE('',(#97,#287,#290),#301,.T.);
#97 = FACE_BOUND('',#98,.T.);
#98 = EDGE_LOOP('',(#99,#110,#119,#127,#136,#144,#153,#161,#170,#178,
    #187,#195,#204,#212,#221,#229,#238,#246,#255,#263,#272,#281));
#99 = ORIENTED_EDGE('',*,*,#100,.F.);
#100 = EDGE_CURVE('',#101,#103,#105,.T.);
#101 = VERTEX_POINT('',#102);
#102 = CARTESIAN_POINT('',(-4.2,25.5,2.4));
#103 = VERTEX_POINT('',#104);
#104 = CARTESIAN_POINT('',(-4.680196097281,26.6,2.4));
#105 = CIRCLE('',#106,1.5);
#106 = AXIS2_PLACEMENT_3D('',#107,#108,#109);
#107 = CARTESIAN_POINT('',(-5.7,25.5,2.4));
#108 = DIRECTION('',(0.,0.,1.));
#109 = DIRECTION('',(1.,0.,0.));
#110 = ORIENTED_EDGE('',*,*,#111,.F.);
#111 = EDGE_CURVE('',#112,#101,#114,.T.);
#112 = VERTEX_POINT('',#113);
#113 = CARTESIAN_POINT('',(-6.719803902719,26.6,2.4));
#114 = CIRCLE('',#115,1.5);
#115 = AXIS2_PLACEMENT_3D('',#116,#117,#118);
#116 = CARTESIAN_POINT('',(-5.7,25.5,2.4));
#117 = DIRECTION('',(0.,0.,1.));
#118 = DIRECTION('',(1.,0.,0.));
#119 = ORIENTED_EDGE('',*,*,#120,.T.);
#120 = EDGE_CURVE('',#112,#121,#123,.T.);
#121 = VERTEX_POINT('',#122);
#122 = CARTESIAN_POINT('',(-57.7,26.6,2.4));
#123 = LINE('',#124,#125);
#124 = CARTESIAN_POINT('',(57.7,26.6,2.4));
#125 = VECTOR('',#126,1.);
#126 = DIRECTION('',(-1.,0.,0.));
#127 = ORIENTED_EDGE('',*,*,#128,.T.);
#128 = EDGE_CURVE('',#121,#129,#131,.T.);
#129 = VERTEX_POINT('',#130);
#130 = CARTESIAN_POINT('',(-59.1,25.2,2.4));
#131 = CIRCLE('',#132,1.4);
#132 = AXIS2_PLACEMENT_3D('',#133,#134,#135);
#133 = CARTESIAN_POINT('',(-57.7,25.2,2.4));
#134 = DIRECTION('',(0.,-0.,1.));
#135 = DIRECTION('',(0.,1.,0.));
#136 = ORIENTED_EDGE('',*,*,#137,.T.);
#137 = EDGE_CURVE('',#129,#138,#140,.T.);
#138 = VERTEX_POINT('',#139);
#139 = CARTESIAN_POINT('',(-59.1,4.8,2.4));
#140 = LINE('',#141,#142);
#141 = CARTESIAN_POINT('',(-59.1,25.2,2.4));
#142 = VECTOR('',#143,1.);
#143 = DIRECTION('',(0.,-1.,0.));
#144 = ORIENTED_EDGE('',*,*,#145,.T.);
#145 = EDGE_CURVE('',#138,#146,#148,.T.);
#146 = VERTEX_POINT('',#147);
#147 = CARTESIAN_POINT('',(-57.7,3.4,2.4));
#148 = CIRCLE('',#149,1.4);
#149 = AXIS2_PLACEMENT_3D('',#150,#151,#152);
#150 = CARTESIAN_POINT('',(-57.7,4.8,2.4));
#151 = DIRECTION('',(0.,0.,1.));
#152 = DIRECTION('',(-1.,0.,0.));
#153 = ORIENTED_EDGE('',*,*,#154,.T.);
#154 = EDGE_CURVE('',#146,#155,#157,.T.);
#155 = VERTEX_POINT('',#156);
#156 = CARTESIAN_POINT('',(-16.,3.4,2.4));
#157 = LINE('',#158,#159);
#158 = CARTESIAN_POINT('',(-57.7,3.4,2.4));
#159 = VECTOR('',#160,1.);
#160 = DIRECTION('',(1.,0.,0.));
#161 = ORIENTED_EDGE('',*,*,#162,.T.);
#162 = EDGE_CURVE('',#155,#163,#165,.T.);
#163 = VERTEX_POINT('',#164);
#164 = CARTESIAN_POINT('',(-12.6,0.,2.4));
#165 = CIRCLE('',#166,3.4);
#166 = AXIS2_PLACEMENT_3D('',#167,#168,#169);
#167 = CARTESIAN_POINT('',(-16.,0.,2.4));
#168 = DIRECTION('',(0.,0.,-1.));
#169 = DIRECTION('',(0.,1.,0.));
#170 = ORIENTED_EDGE('',*,*,#171,.T.);
#171 = EDGE_CURVE('',#163,#172,#174,.T.);
#172 = VERTEX_POINT('',#173);
#173 = CARTESIAN_POINT('',(-12.6,-25.2,2.4));
#174 = LINE('',#175,#176);
#175 = CARTESIAN_POINT('',(-12.6,4.440892098501E-16,2.4));
#176 = VECTOR('',#177,1.);
#177 = DIRECTION('',(-0.,-1.,-0.));
#178 = ORIENTED_EDGE('',*,*,#179,.T.);
#179 = EDGE_CURVE('',#172,#180,#182,.T.);
#180 = VERTEX_POINT('',#181);
#181 = CARTESIAN_POINT('',(-11.2,-26.6,2.4));
#182 = CIRCLE('',#183,1.4);
#183 = AXIS2_PLACEMENT_3D('',#184,#185,#186);
#184 = CARTESIAN_POINT('',(-11.2,-25.2,2.4));
#185 = DIRECTION('',(0.,0.,1.));
#186 = DIRECTION('',(-1.,0.,0.));
#187 = ORIENTED_EDGE('',*,*,#188,.T.);
#188 = EDGE_CURVE('',#180,#189,#191,.T.);
#189 = VERTEX_POINT('',#190);
#190 = CARTESIAN_POINT('',(11.2,-26.6,2.4));
#191 = LINE('',#192,#193);
#192 = CARTESIAN_POINT('',(-11.2,-26.6,2.4));
#193 = VECTOR('',#194,1.);
#194 = DIRECTION('',(1.,0.,0.));
#195 = ORIENTED_EDGE('',*,*,#196,.T.);
#196 = EDGE_CURVE('',#189,#197,#199,.T.);
#197 = VERTEX_POINT('',#198);
#198 = CARTESIAN_POINT('',(12.6,-25.2,2.4));
#199 = CIRCLE('',#200,1.4);
#200 = AXIS2_PLACEMENT_3D('',#201,#202,#203);
#201 = CARTESIAN_POINT('',(11.2,-25.2,2.4));
#202 = DIRECTION('',(-0.,0.,1.));
#203 = DIRECTION('',(0.,-1.,0.));
#204 = ORIENTED_EDGE('',*,*,#205,.T.);
#205 = EDGE_CURVE('',#197,#206,#208,.T.);
#206 = VERTEX_POINT('',#207);
#207 = CARTESIAN_POINT('',(12.6,0.,2.4));
#208 = LINE('',#209,#210);
#209 = CARTESIAN_POINT('',(12.6,-25.2,2.4));
#210 = VECTOR('',#211,1.);
#211 = DIRECTION('',(0.,1.,0.));
#212 = ORIENTED_EDGE('',*,*,#213,.T.);
#213 = EDGE_CURVE('',#206,#214,#216,.T.);
#214 = VERTEX_POINT('',#215);
#215 = CARTESIAN_POINT('',(16.,3.4,2.4));
#216 = CIRCLE('',#217,3.4);
#217 = AXIS2_PLACEMENT_3D('',#218,#219,#220);
#218 = CARTESIAN_POINT('',(16.,0.,2.4));
#219 = DIRECTION('',(0.,0.,-1.));
#220 = DIRECTION('',(-1.,0.,0.));
#221 = ORIENTED_EDGE('',*,*,#222,.T.);
#222 = EDGE_CURVE('',#214,#223,#225,.T.);
#223 = VERTEX_POINT('',#224);
#224 = CARTESIAN_POINT('',(57.7,3.4,2.4));
#225 = LINE('',#226,#227);
#226 = CARTESIAN_POINT('',(16.,3.4,2.4));
#227 = VECTOR('',#228,1.);
#228 = DIRECTION('',(1.,0.,0.));
#229 = ORIENTED_EDGE('',*,*,#230,.T.);
#230 = EDGE_CURVE('',#223,#231,#233,.T.);
#231 = VERTEX_POINT('',#232);
#232 = CARTESIAN_POINT('',(59.1,4.8,2.4));
#233 = CIRCLE('',#234,1.4);
#234 = AXIS2_PLACEMENT_3D('',#235,#236,#237);
#235 = CARTESIAN_POINT('',(57.7,4.8,2.4));
#236 = DIRECTION('',(-0.,0.,1.));
#237 = DIRECTION('',(0.,-1.,0.));
#238 = ORIENTED_EDGE('',*,*,#239,.T.);
#239 = EDGE_CURVE('',#231,#240,#242,.T.);
#240 = VERTEX_POINT('',#241);
#241 = CARTESIAN_POINT('',(59.1,25.2,2.4));
#242 = LINE('',#243,#244);
#243 = CARTESIAN_POINT('',(59.1,4.8,2.4));
#244 = VECTOR('',#245,1.);
#245 = DIRECTION('',(0.,1.,0.));
#246 = ORIENTED_EDGE('',*,*,#247,.T.);
#247 = EDGE_CURVE('',#240,#248,#250,.T.);
#248 = VERTEX_POINT('',#249);
#249 = CARTESIAN_POINT('',(57.7,26.6,2.4));
#250 = CIRCLE('',#251,1.4);
#251 = AXIS2_PLACEMENT_3D('',#252,#253,#254);
#252 = CARTESIAN_POINT('',(57.7,25.2,2.4));
#253 = DIRECTION('',(0.,0.,1.));
#254 = DIRECTION('',(1.,0.,0.));
#255 = ORIENTED_EDGE('',*,*,#256,.T.);
#256 = EDGE_CURVE('',#248,#257,#259,.T.);
#257 = VERTEX_POINT('',#258);
#258 = CARTESIAN_POINT('',(6.719803902719,26.6,2.4));
#259 = LINE('',#260,#261);
#260 = CARTESIAN_POINT('',(57.7,26.6,2.4));
#261 = VECTOR('',#262,1.);
#262 = DIRECTION('',(-1.,0.,0.));
#263 = ORIENTED_EDGE('',*,*,#264,.F.);
#264 = EDGE_CURVE('',#265,#257,#267,.T.);
#265 = VERTEX_POINT('',#266);
#266 = CARTESIAN_POINT('',(7.2,25.5,2.4));
#267 = CIRCLE('',#268,1.5);
#268 = AXIS2_PLACEMENT_3D('',#269,#270,#271);
#269 = CARTESIAN_POINT('',(5.7,25.5,2.4));
#270 = DIRECTION('',(0.,0.,1.));
#271 = DIRECTION('',(1.,0.,0.));
#272 = ORIENTED_EDGE('',*,*,#273,.F.);
#273 = EDGE_CURVE('',#274,#265,#276,.T.);
#274 = VERTEX_POINT('',#275);
#275 = CARTESIAN_POINT('',(4.680196097281,26.6,2.4));
#276 = CIRCLE('',#277,1.5);
#277 = AXIS2_PLACEMENT_3D('',#278,#279,#280);
#278 = CARTESIAN_POINT('',(5.7,25.5,2.4));
#279 = DIRECTION('',(0.,0.,1.));
#280 = DIRECTION('',(1.,0.,0.));
#281 = ORIENTED_EDGE('',*,*,#282,.T.);
#282 = EDGE_CURVE('',#274,#103,#283,.T.);
#283 = LINE('',#284,#285);
#284 = CARTESIAN_POINT('',(57.7,26.6,2.4));
#285 = VECTOR('',#286,1.);
#286 = DIRECTION('',(-1.,0.,0.));
#287 = FACE_BOUND('',#288,.T.);
#288 = EDGE_LOOP('',(#289));
#289 = ORIENTED_EDGE('',*,*,#65,.F.);
#290 = FACE_BOUND('',#291,.T.);
#291 = EDGE_LOOP('',(#292));
#292 = ORIENTED_EDGE('',*,*,#293,.F.);
#293 = EDGE_CURVE('',#294,#294,#296,.T.);
#294 = VERTEX_POINT('',#295);
#295 = CARTESIAN_POINT('',(8.2,-21.5,2.4));
#296 = CIRCLE('',#297,2.5);
#297 = AXIS2_PLACEMENT_3D('',#298,#299,#300);
#298 = CARTESIAN_POINT('',(5.7,-21.5,2.4));
#299 = DIRECTION('',(0.,0.,1.));
#300 = DIRECTION('',(1.,0.,0.));
#301 = PLANE('',#302);
#302 = AXIS2_PLACEMENT_3D('',#303,#304,#305);
#303 = CARTESIAN_POINT('',(0.,7.540540540541,2.4));
#304 = DIRECTION('',(0.,0.,1.));
#305 = DIRECTION('',(1.,0.,0.));
#306 = ADVANCED_FACE('',(#307),#326,.T.);
#307 = FACE_BOUND('',#308,.F.);
#308 = EDGE_LOOP('',(#309,#317,#324,#325));
#309 = ORIENTED_EDGE('',*,*,#310,.T.);
#310 = EDGE_CURVE('',#84,#311,#313,.T.);
#311 = VERTEX_POINT('',#312);
#312 = CARTESIAN_POINT('',(-4.7,-21.5,6.4));
#313 = LINE('',#314,#315);
#314 = CARTESIAN_POINT('',(-4.7,-21.5,4.4));
#315 = VECTOR('',#316,1.);
#316 = DIRECTION('',(0.,0.,1.));
#317 = ORIENTED_EDGE('',*,*,#318,.T.);
#318 = EDGE_CURVE('',#311,#311,#319,.T.);
#319 = CIRCLE('',#320,1.);
#320 = AXIS2_PLACEMENT_3D('',#321,#322,#323);
#321 = CARTESIAN_POINT('',(-5.7,-21.5,6.4));
#322 = DIRECTION('',(0.,0.,1.));
#323 = DIRECTION('',(1.,0.,0.));
#324 = ORIENTED_EDGE('',*,*,#310,.F.);
#325 = ORIENTED_EDGE('',*,*,#83,.F.);
#326 = CYLINDRICAL_SURFACE('',#327,1.);
#327 = AXIS2_PLACEMENT_3D('',#328,#329,#330);
#328 = CARTESIAN_POINT('',(-5.7,-21.5,4.4));
#329 = DIRECTION('',(-0.,-0.,-1.));
#330 = DIRECTION('',(1.,0.,0.));
#331 = ADVANCED_FACE('',(#332),#366,.T.);
#332 = FACE_BOUND('',#333,.F.);
#333 = EDGE_LOOP('',(#334,#335,#343,#350,#351,#352));
#334 = ORIENTED_EDGE('',*,*,#100,.F.);
#335 = ORIENTED_EDGE('',*,*,#336,.T.);
#336 = EDGE_CURVE('',#101,#337,#339,.T.);
#337 = VERTEX_POINT('',#338);
#338 = CARTESIAN_POINT('',(-4.2,25.5,4.4));
#339 = LINE('',#340,#341);
#340 = CARTESIAN_POINT('',(-4.2,25.5,2.4));
#341 = VECTOR('',#342,1.);
#342 = DIRECTION('',(0.,0.,1.));
#343 = ORIENTED_EDGE('',*,*,#344,.T.);
#344 = EDGE_CURVE('',#337,#337,#345,.T.);
#345 = CIRCLE('',#346,1.5);
#346 = AXIS2_PLACEMENT_3D('',#347,#348,#349);
#347 = CARTESIAN_POINT('',(-5.7,25.5,4.4));
#348 = DIRECTION('',(0.,0.,1.));
#349 = DIRECTION('',(1.,0.,0.));
#350 = ORIENTED_EDGE('',*,*,#336,.F.);
#351 = ORIENTED_EDGE('',*,*,#111,.F.);
#352 = ORIENTED_EDGE('',*,*,#353,.F.);
#353 = EDGE_CURVE('',#103,#112,#354,.T.);
#354 = ( BOUNDED_CURVE() B_SPLINE_CURVE(10,(#355,#356,#357,#358,#359,
    #360,#361,#362,#363,#364,#365),.UNSPECIFIED.,.F.,.F.) 
B_SPLINE_CURVE_WITH_KNOTS((11,11),(261.59966320312,263.63927100856),
.PIECEWISE_BEZIER_KNOTS.) CURVE() GEOMETRIC_REPRESENTATION_ITEM() 
RATIONAL_B_SPLINE_CURVE((1.,1.,1.,1.,1.,1.,1.,1.,1.,1.,1.)) 
REPRESENTATION_ITEM('') );
#355 = CARTESIAN_POINT('',(-4.680196097281,26.6,2.4));
#356 = CARTESIAN_POINT('',(-4.884156877825,26.789090909091,2.4));
#357 = CARTESIAN_POINT('',(-5.088117658369,26.900167860556,2.4));
#358 = CARTESIAN_POINT('',(-5.292078438912,26.982116786243,2.4));
#359 = CARTESIAN_POINT('',(-5.496039219457,27.019044892493,2.4));
#360 = CARTESIAN_POINT('',(-5.7,27.040861794233,2.4));
#361 = CARTESIAN_POINT('',(-5.903960780543,27.019044892493,2.4));
#362 = CARTESIAN_POINT('',(-6.107921561088,26.982116786243,2.4));
#363 = CARTESIAN_POINT('',(-6.311882341631,26.900167860556,2.4));
#364 = CARTESIAN_POINT('',(-6.515843122175,26.789090909091,2.4));
#365 = CARTESIAN_POINT('',(-6.719803902719,26.6,2.4));
#366 = CYLINDRICAL_SURFACE('',#367,1.5);
#367 = AXIS2_PLACEMENT_3D('',#368,#369,#370);
#368 = CARTESIAN_POINT('',(-5.7,25.5,2.4));
#369 = DIRECTION('',(-0.,-0.,-1.));
#370 = DIRECTION('',(1.,0.,0.));
#371 = ADVANCED_FACE('',(#372),#398,.F.);
#372 = FACE_BOUND('',#373,.T.);
#373 = EDGE_LOOP('',(#374,#382,#390,#397));
#374 = ORIENTED_EDGE('',*,*,#375,.T.);
#375 = EDGE_CURVE('',#274,#376,#378,.T.);
#376 = VERTEX_POINT('',#377);
#377 = CARTESIAN_POINT('',(4.680196097281,27.6,3.4));
#378 = ( BOUNDED_CURVE() B_SPLINE_CURVE(2,(#379,#380,#381),
.UNSPECIFIED.,.F.,.F.) B_SPLINE_CURVE_WITH_KNOTS((3,3),(0.,
2.039607805437),.PIECEWISE_BEZIER_KNOTS.) CURVE() 
GEOMETRIC_REPRESENTATION_ITEM() RATIONAL_B_SPLINE_CURVE((1.,
0.707106781187,1.)) REPRESENTATION_ITEM('') );
#379 = CARTESIAN_POINT('',(4.680196097281,26.6,2.4));
#380 = CARTESIAN_POINT('',(4.680196097281,27.6,2.4));
#381 = CARTESIAN_POINT('',(4.680196097281,27.6,3.4));
#382 = ORIENTED_EDGE('',*,*,#383,.T.);
#383 = EDGE_CURVE('',#376,#384,#386,.T.);
#384 = VERTEX_POINT('',#385);
#385 = CARTESIAN_POINT('',(-4.680196097281,27.6,3.4));
#386 = LINE('',#387,#388);
#387 = CARTESIAN_POINT('',(57.7,27.6,3.4));
#388 = VECTOR('',#389,1.);
#389 = DIRECTION('',(-1.,0.,0.));
#390 = ORIENTED_EDGE('',*,*,#391,.F.);
#391 = EDGE_CURVE('',#103,#384,#392,.T.);
#392 = CIRCLE('',#393,1.);
#393 = AXIS2_PLACEMENT_3D('',#394,#395,#396);
#394 = CARTESIAN_POINT('',(-4.680196097281,26.6,3.4));
#395 = DIRECTION('',(1.,-0.,0.));
#396 = DIRECTION('',(0.,0.,-1.));
#397 = ORIENTED_EDGE('',*,*,#282,.F.);
#398 = CYLINDRICAL_SURFACE('',#399,1.);
#399 = AXIS2_PLACEMENT_3D('',#400,#401,#402);
#400 = CARTESIAN_POINT('',(57.7,26.6,3.4));
#401 = DIRECTION('',(-1.,0.,0.));
#402 = DIRECTION('',(0.,0.,-1.));
#403 = ADVANCED_FACE('',(#404),#438,.T.);
#404 = FACE_BOUND('',#405,.F.);
#405 = EDGE_LOOP('',(#406,#407,#415,#422,#423,#424));
#406 = ORIENTED_EDGE('',*,*,#264,.F.);
#407 = ORIENTED_EDGE('',*,*,#408,.T.);
#408 = EDGE_CURVE('',#265,#409,#411,.T.);
#409 = VERTEX_POINT('',#410);
#410 = CARTESIAN_POINT('',(7.2,25.5,4.4));
#411 = LINE('',#412,#413);
#412 = CARTESIAN_POINT('',(7.2,25.5,2.4));
#413 = VECTOR('',#414,1.);
#414 = DIRECTION('',(0.,0.,1.));
#415 = ORIENTED_EDGE('',*,*,#416,.T.);
#416 = EDGE_CURVE('',#409,#409,#417,.T.);
#417 = CIRCLE('',#418,1.5);
#418 = AXIS2_PLACEMENT_3D('',#419,#420,#421);
#419 = CARTESIAN_POINT('',(5.7,25.5,4.4));
#420 = DIRECTION('',(0.,0.,1.));
#421 = DIRECTION('',(1.,0.,0.));
#422 = ORIENTED_EDGE('',*,*,#408,.F.);
#423 = ORIENTED_EDGE('',*,*,#273,.F.);
#424 = ORIENTED_EDGE('',*,*,#425,.F.);
#425 = EDGE_CURVE('',#257,#274,#426,.T.);
#426 = ( BOUNDED_CURVE() B_SPLINE_CURVE(10,(#427,#428,#429,#430,#431,
    #432,#433,#434,#435,#436,#437),.UNSPECIFIED.,.F.,.F.) 
B_SPLINE_CURVE_WITH_KNOTS((11,11),(250.19966320312,252.23927100856),
.PIECEWISE_BEZIER_KNOTS.) CURVE() GEOMETRIC_REPRESENTATION_ITEM() 
RATIONAL_B_SPLINE_CURVE((1.,1.,1.,1.,1.,1.,1.,1.,1.,1.,1.)) 
REPRESENTATION_ITEM('') );
#427 = CARTESIAN_POINT('',(6.719803902719,26.6,2.4));
#428 = CARTESIAN_POINT('',(6.515843122175,26.789090909091,2.4));
#429 = CARTESIAN_POINT('',(6.311882341631,26.900167860556,2.4));
#430 = CARTESIAN_POINT('',(6.107921561087,26.982116786243,2.4));
#431 = CARTESIAN_POINT('',(5.903960780544,27.019044892493,2.4));
#432 = CARTESIAN_POINT('',(5.7,27.040861794233,2.4));
#433 = CARTESIAN_POINT('',(5.496039219456,27.019044892493,2.4));
#434 = CARTESIAN_POINT('',(5.292078438913,26.982116786243,2.4));
#435 = CARTESIAN_POINT('',(5.088117658369,26.900167860556,2.4));
#436 = CARTESIAN_POINT('',(4.884156877825,26.789090909091,2.4));
#437 = CARTESIAN_POINT('',(4.680196097281,26.6,2.4));
#438 = CYLINDRICAL_SURFACE('',#439,1.5);
#439 = AXIS2_PLACEMENT_3D('',#440,#441,#442);
#440 = CARTESIAN_POINT('',(5.7,25.5,2.4));
#441 = DIRECTION('',(-0.,-0.,-1.));
#442 = DIRECTION('',(1.,0.,0.));
#443 = ADVANCED_FACE('',(#444),#470,.F.);
#444 = FACE_BOUND('',#445,.T.);
#445 = EDGE_LOOP('',(#446,#454,#462,#469));
#446 = ORIENTED_EDGE('',*,*,#447,.T.);
#447 = EDGE_CURVE('',#112,#448,#450,.T.);
#448 = VERTEX_POINT('',#449);
#449 = CARTESIAN_POINT('',(-6.719803902719,27.6,3.4));
#450 = ( BOUNDED_CURVE() B_SPLINE_CURVE(2,(#451,#452,#453),
.UNSPECIFIED.,.F.,.F.) B_SPLINE_CURVE_WITH_KNOTS((3,3),(0.,
2.039607805437),.PIECEWISE_BEZIER_KNOTS.) CURVE() 
GEOMETRIC_REPRESENTATION_ITEM() RATIONAL_B_SPLINE_CURVE((1.,
0.707106781187,1.)) REPRESENTATION_ITEM('') );
#451 = CARTESIAN_POINT('',(-6.719803902719,26.6,2.4));
#452 = CARTESIAN_POINT('',(-6.719803902719,27.6,2.4));
#453 = CARTESIAN_POINT('',(-6.719803902719,27.6,3.4));
#454 = ORIENTED_EDGE('',*,*,#455,.T.);
#455 = EDGE_CURVE('',#448,#456,#458,.T.);
#456 = VERTEX_POINT('',#457);
#457 = CARTESIAN_POINT('',(-57.7,27.6,3.4));
#458 = LINE('',#459,#460);
#459 = CARTESIAN_POINT('',(57.7,27.6,3.4));
#460 = VECTOR('',#461,1.);
#461 = DIRECTION('',(-1.,0.,0.));
#462 = ORIENTED_EDGE('',*,*,#463,.F.);
#463 = EDGE_CURVE('',#121,#456,#464,.T.);
#464 = CIRCLE('',#465,1.);
#465 = AXIS2_PLACEMENT_3D('',#466,#467,#468);
#466 = CARTESIAN_POINT('',(-57.7,26.6,3.4));
#467 = DIRECTION('',(1.,-0.,0.));
#468 = DIRECTION('',(0.,0.,-1.));
#469 = ORIENTED_EDGE('',*,*,#120,.F.);
#470 = CYLINDRICAL_SURFACE('',#471,1.);
#471 = AXIS2_PLACEMENT_3D('',#472,#473,#474);
#472 = CARTESIAN_POINT('',(57.7,26.6,3.4));
#473 = DIRECTION('',(-1.,0.,0.));
#474 = DIRECTION('',(0.,0.,-1.));
#475 = ADVANCED_FACE('',(#476),#496,.F.);
#476 = FACE_BOUND('',#477,.F.);
#477 = EDGE_LOOP('',(#478,#479,#480,#489));
#478 = ORIENTED_EDGE('',*,*,#463,.F.);
#479 = ORIENTED_EDGE('',*,*,#128,.T.);
#480 = ORIENTED_EDGE('',*,*,#481,.T.);
#481 = EDGE_CURVE('',#129,#482,#484,.T.);
#482 = VERTEX_POINT('',#483);
#483 = CARTESIAN_POINT('',(-60.1,25.2,3.4));
#484 = CIRCLE('',#485,1.);
#485 = AXIS2_PLACEMENT_3D('',#486,#487,#488);
#486 = CARTESIAN_POINT('',(-59.1,25.2,3.4));
#487 = DIRECTION('',(6.123233995737E-17,1.,-0.));
#488 = DIRECTION('',(-1.,6.123233995737E-17,0.));
#489 = ORIENTED_EDGE('',*,*,#490,.F.);
#490 = EDGE_CURVE('',#456,#482,#491,.T.);
#491 = CIRCLE('',#492,2.4);
#492 = AXIS2_PLACEMENT_3D('',#493,#494,#495);
#493 = CARTESIAN_POINT('',(-57.7,25.2,3.4));
#494 = DIRECTION('',(0.,-0.,1.));
#495 = DIRECTION('',(0.,1.,0.));
#496 = TOROIDAL_SURFACE('',#497,1.4,1.);
#497 = AXIS2_PLACEMENT_3D('',#498,#499,#500);
#498 = CARTESIAN_POINT('',(-57.7,25.2,3.4));
#499 = DIRECTION('',(0.,0.,1.));
#500 = DIRECTION('',(0.,1.,0.));
#501 = ADVANCED_FACE('',(#502),#529,.F.);
#502 = FACE_BOUND('',#503,.T.);
#503 = EDGE_LOOP('',(#504,#513,#521,#528));
#504 = ORIENTED_EDGE('',*,*,#505,.T.);
#505 = EDGE_CURVE('',#248,#506,#508,.T.);
#506 = VERTEX_POINT('',#507);
#507 = CARTESIAN_POINT('',(57.7,27.6,3.4));
#508 = CIRCLE('',#509,1.);
#509 = AXIS2_PLACEMENT_3D('',#510,#511,#512);
#510 = CARTESIAN_POINT('',(57.7,26.6,3.4));
#511 = DIRECTION('',(1.,-6.123233995737E-17,0.));
#512 = DIRECTION('',(6.123233995737E-17,1.,0.));
#513 = ORIENTED_EDGE('',*,*,#514,.T.);
#514 = EDGE_CURVE('',#506,#515,#517,.T.);
#515 = VERTEX_POINT('',#516);
#516 = CARTESIAN_POINT('',(6.719803902719,27.6,3.4));
#517 = LINE('',#518,#519);
#518 = CARTESIAN_POINT('',(57.7,27.6,3.4));
#519 = VECTOR('',#520,1.);
#520 = DIRECTION('',(-1.,0.,0.));
#521 = ORIENTED_EDGE('',*,*,#522,.F.);
#522 = EDGE_CURVE('',#257,#515,#523,.T.);
#523 = CIRCLE('',#524,1.);
#524 = AXIS2_PLACEMENT_3D('',#525,#526,#527);
#525 = CARTESIAN_POINT('',(6.719803902719,26.6,3.4));
#526 = DIRECTION('',(1.,-0.,0.));
#527 = DIRECTION('',(0.,0.,-1.));
#528 = ORIENTED_EDGE('',*,*,#256,.F.);
#529 = CYLINDRICAL_SURFACE('',#530,1.);
#530 = AXIS2_PLACEMENT_3D('',#531,#532,#533);
#531 = CARTESIAN_POINT('',(57.7,26.6,3.4));
#532 = DIRECTION('',(-1.,0.,0.));
#533 = DIRECTION('',(0.,0.,-1.));
#534 = ADVANCED_FACE('',(#535),#554,.F.);
#535 = FACE_BOUND('',#536,.T.);
#536 = EDGE_LOOP('',(#537,#538,#546,#553));
#537 = ORIENTED_EDGE('',*,*,#481,.T.);
#538 = ORIENTED_EDGE('',*,*,#539,.T.);
#539 = EDGE_CURVE('',#482,#540,#542,.T.);
#540 = VERTEX_POINT('',#541);
#541 = CARTESIAN_POINT('',(-60.1,4.8,3.4));
#542 = LINE('',#543,#544);
#543 = CARTESIAN_POINT('',(-60.1,25.2,3.4));
#544 = VECTOR('',#545,1.);
#545 = DIRECTION('',(0.,-1.,0.));
#546 = ORIENTED_EDGE('',*,*,#547,.F.);
#547 = EDGE_CURVE('',#138,#540,#548,.T.);
#548 = CIRCLE('',#549,1.);
#549 = AXIS2_PLACEMENT_3D('',#550,#551,#552);
#550 = CARTESIAN_POINT('',(-59.1,4.8,3.4));
#551 = DIRECTION('',(0.,1.,0.));
#552 = DIRECTION('',(0.,0.,-1.));
#553 = ORIENTED_EDGE('',*,*,#137,.F.);
#554 = CYLINDRICAL_SURFACE('',#555,1.);
#555 = AXIS2_PLACEMENT_3D('',#556,#557,#558);
#556 = CARTESIAN_POINT('',(-59.1,25.2,3.4));
#557 = DIRECTION('',(0.,-1.,0.));
#558 = DIRECTION('',(-0.,-0.,-1.));
#559 = ADVANCED_FACE('',(#560),#580,.F.);
#560 = FACE_BOUND('',#561,.F.);
#561 = EDGE_LOOP('',(#562,#571,#572,#573));
#562 = ORIENTED_EDGE('',*,*,#563,.F.);
#563 = EDGE_CURVE('',#240,#564,#566,.T.);
#564 = VERTEX_POINT('',#565);
#565 = CARTESIAN_POINT('',(60.1,25.2,3.4));
#566 = CIRCLE('',#567,1.);
#567 = AXIS2_PLACEMENT_3D('',#568,#569,#570);
#568 = CARTESIAN_POINT('',(59.1,25.2,3.4));
#569 = DIRECTION('',(0.,-1.,0.));
#570 = DIRECTION('',(0.,0.,-1.));
#571 = ORIENTED_EDGE('',*,*,#247,.T.);
#572 = ORIENTED_EDGE('',*,*,#505,.T.);
#573 = ORIENTED_EDGE('',*,*,#574,.F.);
#574 = EDGE_CURVE('',#564,#506,#575,.T.);
#575 = CIRCLE('',#576,2.4);
#576 = AXIS2_PLACEMENT_3D('',#577,#578,#579);
#577 = CARTESIAN_POINT('',(57.7,25.2,3.4));
#578 = DIRECTION('',(0.,0.,1.));
#579 = DIRECTION('',(1.,0.,0.));
#580 = TOROIDAL_SURFACE('',#581,1.4,1.);
#581 = AXIS2_PLACEMENT_3D('',#582,#583,#584);
#582 = CARTESIAN_POINT('',(57.7,25.2,3.4));
#583 = DIRECTION('',(0.,0.,1.));
#584 = DIRECTION('',(1.,0.,0.));
#585 = ADVANCED_FACE('',(#586),#606,.F.);
#586 = FACE_BOUND('',#587,.F.);
#587 = EDGE_LOOP('',(#588,#589,#590,#599));
#588 = ORIENTED_EDGE('',*,*,#547,.F.);
#589 = ORIENTED_EDGE('',*,*,#145,.T.);
#590 = ORIENTED_EDGE('',*,*,#591,.T.);
#591 = EDGE_CURVE('',#146,#592,#594,.T.);
#592 = VERTEX_POINT('',#593);
#593 = CARTESIAN_POINT('',(-57.7,2.4,3.4));
#594 = CIRCLE('',#595,1.);
#595 = AXIS2_PLACEMENT_3D('',#596,#597,#598);
#596 = CARTESIAN_POINT('',(-57.7,3.4,3.4));
#597 = DIRECTION('',(-1.,-0.,-0.));
#598 = DIRECTION('',(0.,0.,-1.));
#599 = ORIENTED_EDGE('',*,*,#600,.F.);
#600 = EDGE_CURVE('',#540,#592,#601,.T.);
#601 = CIRCLE('',#602,2.4);
#602 = AXIS2_PLACEMENT_3D('',#603,#604,#605);
#603 = CARTESIAN_POINT('',(-57.7,4.8,3.4));
#604 = DIRECTION('',(0.,0.,1.));
#605 = DIRECTION('',(-1.,0.,0.));
#606 = TOROIDAL_SURFACE('',#607,1.4,1.);
#607 = AXIS2_PLACEMENT_3D('',#608,#609,#610);
#608 = CARTESIAN_POINT('',(-57.7,4.8,3.4));
#609 = DIRECTION('',(0.,0.,1.));
#610 = DIRECTION('',(-1.,0.,0.));
#611 = ADVANCED_FACE('',(#612),#631,.F.);
#612 = FACE_BOUND('',#613,.T.);
#613 = EDGE_LOOP('',(#614,#623,#629,#630));
#614 = ORIENTED_EDGE('',*,*,#615,.T.);
#615 = EDGE_CURVE('',#231,#616,#618,.T.);
#616 = VERTEX_POINT('',#617);
#617 = CARTESIAN_POINT('',(60.1,4.8,3.4));
#618 = CIRCLE('',#619,1.);
#619 = AXIS2_PLACEMENT_3D('',#620,#621,#622);
#620 = CARTESIAN_POINT('',(59.1,4.8,3.4));
#621 = DIRECTION('',(-6.123233995737E-17,-1.,0.));
#622 = DIRECTION('',(1.,-6.123233995737E-17,0.));
#623 = ORIENTED_EDGE('',*,*,#624,.T.);
#624 = EDGE_CURVE('',#616,#564,#625,.T.);
#625 = LINE('',#626,#627);
#626 = CARTESIAN_POINT('',(60.1,4.8,3.4));
#627 = VECTOR('',#628,1.);
#628 = DIRECTION('',(0.,1.,0.));
#629 = ORIENTED_EDGE('',*,*,#563,.F.);
#630 = ORIENTED_EDGE('',*,*,#239,.F.);
#631 = CYLINDRICAL_SURFACE('',#632,1.);
#632 = AXIS2_PLACEMENT_3D('',#633,#634,#635);
#633 = CARTESIAN_POINT('',(59.1,4.8,3.4));
#634 = DIRECTION('',(0.,1.,0.));
#635 = DIRECTION('',(0.,0.,-1.));
#636 = ADVANCED_FACE('',(#637),#656,.F.);
#637 = FACE_BOUND('',#638,.T.);
#638 = EDGE_LOOP('',(#639,#640,#648,#655));
#639 = ORIENTED_EDGE('',*,*,#591,.T.);
#640 = ORIENTED_EDGE('',*,*,#641,.T.);
#641 = EDGE_CURVE('',#592,#642,#644,.T.);
#642 = VERTEX_POINT('',#643);
#643 = CARTESIAN_POINT('',(-16.,2.4,3.4));
#644 = LINE('',#645,#646);
#645 = CARTESIAN_POINT('',(-57.7,2.4,3.4));
#646 = VECTOR('',#647,1.);
#647 = DIRECTION('',(1.,0.,0.));
#648 = ORIENTED_EDGE('',*,*,#649,.F.);
#649 = EDGE_CURVE('',#155,#642,#650,.T.);
#650 = CIRCLE('',#651,1.);
#651 = AXIS2_PLACEMENT_3D('',#652,#653,#654);
#652 = CARTESIAN_POINT('',(-16.,3.4,3.4));
#653 = DIRECTION('',(-1.,-0.,-0.));
#654 = DIRECTION('',(0.,0.,-1.));
#655 = ORIENTED_EDGE('',*,*,#154,.F.);
#656 = CYLINDRICAL_SURFACE('',#657,1.);
#657 = AXIS2_PLACEMENT_3D('',#658,#659,#660);
#658 = CARTESIAN_POINT('',(-57.7,3.4,3.4));
#659 = DIRECTION('',(1.,0.,0.));
#660 = DIRECTION('',(0.,0.,-1.));
#661 = ADVANCED_FACE('',(#662),#682,.F.);
#662 = FACE_BOUND('',#663,.F.);
#663 = EDGE_LOOP('',(#664,#673,#674,#675));
#664 = ORIENTED_EDGE('',*,*,#665,.F.);
#665 = EDGE_CURVE('',#223,#666,#668,.T.);
#666 = VERTEX_POINT('',#667);
#667 = CARTESIAN_POINT('',(57.7,2.4,3.4));
#668 = CIRCLE('',#669,1.);
#669 = AXIS2_PLACEMENT_3D('',#670,#671,#672);
#670 = CARTESIAN_POINT('',(57.7,3.4,3.4));
#671 = DIRECTION('',(-1.,-0.,-0.));
#672 = DIRECTION('',(0.,0.,-1.));
#673 = ORIENTED_EDGE('',*,*,#230,.T.);
#674 = ORIENTED_EDGE('',*,*,#615,.T.);
#675 = ORIENTED_EDGE('',*,*,#676,.F.);
#676 = EDGE_CURVE('',#666,#616,#677,.T.);
#677 = CIRCLE('',#678,2.4);
#678 = AXIS2_PLACEMENT_3D('',#679,#680,#681);
#679 = CARTESIAN_POINT('',(57.7,4.8,3.4));
#680 = DIRECTION('',(-0.,0.,1.));
#681 = DIRECTION('',(0.,-1.,0.));
#682 = TOROIDAL_SURFACE('',#683,1.4,1.);
#683 = AXIS2_PLACEMENT_3D('',#684,#685,#686);
#684 = CARTESIAN_POINT('',(57.7,4.8,3.4));
#685 = DIRECTION('',(0.,0.,1.));
#686 = DIRECTION('',(0.,-1.,0.));
#687 = ADVANCED_FACE('',(#688),#708,.F.);
#688 = FACE_BOUND('',#689,.F.);
#689 = EDGE_LOOP('',(#690,#691,#692,#701));
#690 = ORIENTED_EDGE('',*,*,#649,.F.);
#691 = ORIENTED_EDGE('',*,*,#162,.T.);
#692 = ORIENTED_EDGE('',*,*,#693,.T.);
#693 = EDGE_CURVE('',#163,#694,#696,.T.);
#694 = VERTEX_POINT('',#695);
#695 = CARTESIAN_POINT('',(-13.6,0.,3.4));
#696 = CIRCLE('',#697,1.);
#697 = AXIS2_PLACEMENT_3D('',#698,#699,#700);
#698 = CARTESIAN_POINT('',(-12.6,2.081899558551E-16,3.4));
#699 = DIRECTION('',(-6.123233995737E-17,1.,0.));
#700 = DIRECTION('',(1.,6.123233995737E-17,0.));
#701 = ORIENTED_EDGE('',*,*,#702,.F.);
#702 = EDGE_CURVE('',#642,#694,#703,.T.);
#703 = CIRCLE('',#704,2.4);
#704 = AXIS2_PLACEMENT_3D('',#705,#706,#707);
#705 = CARTESIAN_POINT('',(-16.,0.,3.4));
#706 = DIRECTION('',(0.,0.,-1.));
#707 = DIRECTION('',(0.,1.,0.));
#708 = TOROIDAL_SURFACE('',#709,3.4,1.);
#709 = AXIS2_PLACEMENT_3D('',#710,#711,#712);
#710 = CARTESIAN_POINT('',(-16.,0.,3.4));
#711 = DIRECTION('',(-0.,-0.,-1.));
#712 = DIRECTION('',(0.,1.,0.));
#713 = ADVANCED_FACE('',(#714),#733,.F.);
#714 = FACE_BOUND('',#715,.T.);
#715 = EDGE_LOOP('',(#716,#725,#731,#732));
#716 = ORIENTED_EDGE('',*,*,#717,.T.);
#717 = EDGE_CURVE('',#214,#718,#720,.T.);
#718 = VERTEX_POINT('',#719);
#719 = CARTESIAN_POINT('',(16.,2.4,3.4));
#720 = CIRCLE('',#721,1.);
#721 = AXIS2_PLACEMENT_3D('',#722,#723,#724);
#722 = CARTESIAN_POINT('',(16.,3.4,3.4));
#723 = DIRECTION('',(-1.,-6.123233995737E-17,-0.));
#724 = DIRECTION('',(-6.123233995737E-17,1.,0.));
#725 = ORIENTED_EDGE('',*,*,#726,.T.);
#726 = EDGE_CURVE('',#718,#666,#727,.T.);
#727 = LINE('',#728,#729);
#728 = CARTESIAN_POINT('',(16.,2.4,3.4));
#729 = VECTOR('',#730,1.);
#730 = DIRECTION('',(1.,0.,0.));
#731 = ORIENTED_EDGE('',*,*,#665,.F.);
#732 = ORIENTED_EDGE('',*,*,#222,.F.);
#733 = CYLINDRICAL_SURFACE('',#734,1.);
#734 = AXIS2_PLACEMENT_3D('',#735,#736,#737);
#735 = CARTESIAN_POINT('',(16.,3.4,3.4));
#736 = DIRECTION('',(1.,0.,0.));
#737 = DIRECTION('',(-0.,-0.,-1.));
#738 = ADVANCED_FACE('',(#739),#758,.F.);
#739 = FACE_BOUND('',#740,.T.);
#740 = EDGE_LOOP('',(#741,#742,#750,#757));
#741 = ORIENTED_EDGE('',*,*,#693,.T.);
#742 = ORIENTED_EDGE('',*,*,#743,.T.);
#743 = EDGE_CURVE('',#694,#744,#746,.T.);
#744 = VERTEX_POINT('',#745);
#745 = CARTESIAN_POINT('',(-13.6,-25.2,3.4));
#746 = LINE('',#747,#748);
#747 = CARTESIAN_POINT('',(-13.6,4.440892098501E-16,3.4));
#748 = VECTOR('',#749,1.);
#749 = DIRECTION('',(-0.,-1.,-0.));
#750 = ORIENTED_EDGE('',*,*,#751,.F.);
#751 = EDGE_CURVE('',#172,#744,#752,.T.);
#752 = CIRCLE('',#753,1.);
#753 = AXIS2_PLACEMENT_3D('',#754,#755,#756);
#754 = CARTESIAN_POINT('',(-12.6,-25.2,3.4));
#755 = DIRECTION('',(0.,1.,0.));
#756 = DIRECTION('',(0.,0.,-1.));
#757 = ORIENTED_EDGE('',*,*,#171,.F.);
#758 = CYLINDRICAL_SURFACE('',#759,1.);
#759 = AXIS2_PLACEMENT_3D('',#760,#761,#762);
#760 = CARTESIAN_POINT('',(-12.6,4.440892098501E-16,3.4));
#761 = DIRECTION('',(-0.,-1.,-0.));
#762 = DIRECTION('',(0.,0.,-1.));
#763 = ADVANCED_FACE('',(#764),#784,.F.);
#764 = FACE_BOUND('',#765,.F.);
#765 = EDGE_LOOP('',(#766,#775,#776,#777));
#766 = ORIENTED_EDGE('',*,*,#767,.F.);
#767 = EDGE_CURVE('',#206,#768,#770,.T.);
#768 = VERTEX_POINT('',#769);
#769 = CARTESIAN_POINT('',(13.6,0.,3.4));
#770 = CIRCLE('',#771,1.);
#771 = AXIS2_PLACEMENT_3D('',#772,#773,#774);
#772 = CARTESIAN_POINT('',(12.6,0.,3.4));
#773 = DIRECTION('',(0.,-1.,0.));
#774 = DIRECTION('',(0.,0.,-1.));
#775 = ORIENTED_EDGE('',*,*,#213,.T.);
#776 = ORIENTED_EDGE('',*,*,#717,.T.);
#777 = ORIENTED_EDGE('',*,*,#778,.F.);
#778 = EDGE_CURVE('',#768,#718,#779,.T.);
#779 = CIRCLE('',#780,2.4);
#780 = AXIS2_PLACEMENT_3D('',#781,#782,#783);
#781 = CARTESIAN_POINT('',(16.,0.,3.4));
#782 = DIRECTION('',(0.,0.,-1.));
#783 = DIRECTION('',(-1.,0.,0.));
#784 = TOROIDAL_SURFACE('',#785,3.4,1.);
#785 = AXIS2_PLACEMENT_3D('',#786,#787,#788);
#786 = CARTESIAN_POINT('',(16.,0.,3.4));
#787 = DIRECTION('',(-0.,-0.,-1.));
#788 = DIRECTION('',(-1.,0.,0.));
#789 = ADVANCED_FACE('',(#790),#810,.F.);
#790 = FACE_BOUND('',#791,.F.);
#791 = EDGE_LOOP('',(#792,#793,#794,#803));
#792 = ORIENTED_EDGE('',*,*,#751,.F.);
#793 = ORIENTED_EDGE('',*,*,#179,.T.);
#794 = ORIENTED_EDGE('',*,*,#795,.T.);
#795 = EDGE_CURVE('',#180,#796,#798,.T.);
#796 = VERTEX_POINT('',#797);
#797 = CARTESIAN_POINT('',(-11.2,-27.6,3.4));
#798 = CIRCLE('',#799,1.);
#799 = AXIS2_PLACEMENT_3D('',#800,#801,#802);
#800 = CARTESIAN_POINT('',(-11.2,-26.6,3.4));
#801 = DIRECTION('',(-1.,6.123233995737E-17,0.));
#802 = DIRECTION('',(-6.123233995737E-17,-1.,0.));
#803 = ORIENTED_EDGE('',*,*,#804,.F.);
#804 = EDGE_CURVE('',#744,#796,#805,.T.);
#805 = CIRCLE('',#806,2.4);
#806 = AXIS2_PLACEMENT_3D('',#807,#808,#809);
#807 = CARTESIAN_POINT('',(-11.2,-25.2,3.4));
#808 = DIRECTION('',(0.,0.,1.));
#809 = DIRECTION('',(-1.,0.,0.));
#810 = TOROIDAL_SURFACE('',#811,1.4,1.);
#811 = AXIS2_PLACEMENT_3D('',#812,#813,#814);
#812 = CARTESIAN_POINT('',(-11.2,-25.2,3.4));
#813 = DIRECTION('',(0.,0.,1.));
#814 = DIRECTION('',(-1.,0.,0.));
#815 = ADVANCED_FACE('',(#816),#835,.F.);
#816 = FACE_BOUND('',#817,.T.);
#817 = EDGE_LOOP('',(#818,#827,#833,#834));
#818 = ORIENTED_EDGE('',*,*,#819,.T.);
#819 = EDGE_CURVE('',#197,#820,#822,.T.);
#820 = VERTEX_POINT('',#821);
#821 = CARTESIAN_POINT('',(13.6,-25.2,3.4));
#822 = CIRCLE('',#823,1.);
#823 = AXIS2_PLACEMENT_3D('',#824,#825,#826);
#824 = CARTESIAN_POINT('',(12.6,-25.2,3.4));
#825 = DIRECTION('',(-6.123233995737E-17,-1.,0.));
#826 = DIRECTION('',(1.,-6.123233995737E-17,0.));
#827 = ORIENTED_EDGE('',*,*,#828,.T.);
#828 = EDGE_CURVE('',#820,#768,#829,.T.);
#829 = LINE('',#830,#831);
#830 = CARTESIAN_POINT('',(13.6,-25.2,3.4));
#831 = VECTOR('',#832,1.);
#832 = DIRECTION('',(0.,1.,0.));
#833 = ORIENTED_EDGE('',*,*,#767,.F.);
#834 = ORIENTED_EDGE('',*,*,#205,.F.);
#835 = CYLINDRICAL_SURFACE('',#836,1.);
#836 = AXIS2_PLACEMENT_3D('',#837,#838,#839);
#837 = CARTESIAN_POINT('',(12.6,-25.2,3.4));
#838 = DIRECTION('',(0.,1.,0.));
#839 = DIRECTION('',(0.,0.,-1.));
#840 = ADVANCED_FACE('',(#841),#860,.F.);
#841 = FACE_BOUND('',#842,.T.);
#842 = EDGE_LOOP('',(#843,#844,#852,#859));
#843 = ORIENTED_EDGE('',*,*,#795,.T.);
#844 = ORIENTED_EDGE('',*,*,#845,.T.);
#845 = EDGE_CURVE('',#796,#846,#848,.T.);
#846 = VERTEX_POINT('',#847);
#847 = CARTESIAN_POINT('',(11.2,-27.6,3.4));
#848 = LINE('',#849,#850);
#849 = CARTESIAN_POINT('',(-11.2,-27.6,3.4));
#850 = VECTOR('',#851,1.);
#851 = DIRECTION('',(1.,0.,0.));
#852 = ORIENTED_EDGE('',*,*,#853,.F.);
#853 = EDGE_CURVE('',#189,#846,#854,.T.);
#854 = CIRCLE('',#855,1.);
#855 = AXIS2_PLACEMENT_3D('',#856,#857,#858);
#856 = CARTESIAN_POINT('',(11.2,-26.6,3.4));
#857 = DIRECTION('',(-1.,-0.,-0.));
#858 = DIRECTION('',(0.,0.,-1.));
#859 = ORIENTED_EDGE('',*,*,#188,.F.);
#860 = CYLINDRICAL_SURFACE('',#861,1.);
#861 = AXIS2_PLACEMENT_3D('',#862,#863,#864);
#862 = CARTESIAN_POINT('',(-11.2,-26.6,3.4));
#863 = DIRECTION('',(1.,0.,0.));
#864 = DIRECTION('',(0.,0.,-1.));
#865 = ADVANCED_FACE('',(#866),#878,.F.);
#866 = FACE_BOUND('',#867,.F.);
#867 = EDGE_LOOP('',(#868,#869,#870,#871));
#868 = ORIENTED_EDGE('',*,*,#853,.F.);
#869 = ORIENTED_EDGE('',*,*,#196,.T.);
#870 = ORIENTED_EDGE('',*,*,#819,.T.);
#871 = ORIENTED_EDGE('',*,*,#872,.F.);
#872 = EDGE_CURVE('',#846,#820,#873,.T.);
#873 = CIRCLE('',#874,2.4);
#874 = AXIS2_PLACEMENT_3D('',#875,#876,#877);
#875 = CARTESIAN_POINT('',(11.2,-25.2,3.4));
#876 = DIRECTION('',(-0.,0.,1.));
#877 = DIRECTION('',(0.,-1.,0.));
#878 = TOROIDAL_SURFACE('',#879,1.4,1.);
#879 = AXIS2_PLACEMENT_3D('',#880,#881,#882);
#880 = CARTESIAN_POINT('',(11.2,-25.2,3.4));
#881 = DIRECTION('',(0.,0.,1.));
#882 = DIRECTION('',(0.,-1.,0.));
#883 = ADVANCED_FACE('',(#884),#904,.F.);
#884 = FACE_BOUND('',#885,.T.);
#885 = EDGE_LOOP('',(#886,#895,#896,#897));
#886 = ORIENTED_EDGE('',*,*,#887,.F.);
#887 = EDGE_CURVE('',#294,#888,#890,.T.);
#888 = VERTEX_POINT('',#889);
#889 = CARTESIAN_POINT('',(7.2,-21.5,3.4));
#890 = CIRCLE('',#891,1.);
#891 = AXIS2_PLACEMENT_3D('',#892,#893,#894);
#892 = CARTESIAN_POINT('',(8.2,-21.5,3.4));
#893 = DIRECTION('',(-0.,1.,0.));
#894 = DIRECTION('',(1.,0.,0.));
#895 = ORIENTED_EDGE('',*,*,#293,.F.);
#896 = ORIENTED_EDGE('',*,*,#887,.T.);
#897 = ORIENTED_EDGE('',*,*,#898,.T.);
#898 = EDGE_CURVE('',#888,#888,#899,.T.);
#899 = CIRCLE('',#900,1.5);
#900 = AXIS2_PLACEMENT_3D('',#901,#902,#903);
#901 = CARTESIAN_POINT('',(5.7,-21.5,3.4));
#902 = DIRECTION('',(0.,0.,1.));
#903 = DIRECTION('',(1.,0.,0.));
#904 = TOROIDAL_SURFACE('',#905,2.5,1.);
#905 = AXIS2_PLACEMENT_3D('',#906,#907,#908);
#906 = CARTESIAN_POINT('',(5.7,-21.5,3.4));
#907 = DIRECTION('',(-0.,-0.,-1.));
#908 = DIRECTION('',(1.,0.,0.));
#909 = ADVANCED_FACE('',(#910),#929,.T.);
#910 = FACE_BOUND('',#911,.T.);
#911 = EDGE_LOOP('',(#912,#920,#921,#922));
#912 = ORIENTED_EDGE('',*,*,#913,.F.);
#913 = EDGE_CURVE('',#311,#914,#916,.T.);
#914 = VERTEX_POINT('',#915);
#915 = CARTESIAN_POINT('',(-5.052653961417,-21.5,8.4));
#916 = LINE('',#917,#918);
#917 = CARTESIAN_POINT('',(-4.7,-21.5,6.4));
#918 = VECTOR('',#919,1.);
#919 = DIRECTION('',(-0.173648177667,0.,0.984807753012));
#920 = ORIENTED_EDGE('',*,*,#318,.T.);
#921 = ORIENTED_EDGE('',*,*,#913,.T.);
#922 = ORIENTED_EDGE('',*,*,#923,.F.);
#923 = EDGE_CURVE('',#914,#914,#924,.T.);
#924 = CIRCLE('',#925,0.647346038583);
#925 = AXIS2_PLACEMENT_3D('',#926,#927,#928);
#926 = CARTESIAN_POINT('',(-5.7,-21.5,8.4));
#927 = DIRECTION('',(0.,0.,1.));
#928 = DIRECTION('',(1.,0.,0.));
#929 = CONICAL_SURFACE('',#930,1.,0.174532925199);
#930 = AXIS2_PLACEMENT_3D('',#931,#932,#933);
#931 = CARTESIAN_POINT('',(-5.7,-21.5,6.4));
#932 = DIRECTION('',(-0.,-0.,-1.));
#933 = DIRECTION('',(1.,0.,0.));
#934 = ADVANCED_FACE('',(#935),#954,.F.);
#935 = FACE_BOUND('',#936,.F.);
#936 = EDGE_LOOP('',(#937,#938,#939,#940));
#937 = ORIENTED_EDGE('',*,*,#391,.F.);
#938 = ORIENTED_EDGE('',*,*,#353,.T.);
#939 = ORIENTED_EDGE('',*,*,#447,.T.);
#940 = ORIENTED_EDGE('',*,*,#941,.F.);
#941 = EDGE_CURVE('',#384,#448,#942,.T.);
#942 = ( BOUNDED_CURVE() B_SPLINE_CURVE(10,(#943,#944,#945,#946,#947,
    #948,#949,#950,#951,#952,#953),.UNSPECIFIED.,.F.,.F.) 
B_SPLINE_CURVE_WITH_KNOTS((11,11),(261.59966320312,263.63927100856),
.PIECEWISE_BEZIER_KNOTS.) CURVE() GEOMETRIC_REPRESENTATION_ITEM() 
RATIONAL_B_SPLINE_CURVE((1.,1.,1.,1.,1.,1.,1.,1.,1.,1.,1.)) 
REPRESENTATION_ITEM('') );
#943 = CARTESIAN_POINT('',(-4.680196097281,27.6,3.4));
#944 = CARTESIAN_POINT('',(-4.884156877825,27.6,3.4));
#945 = CARTESIAN_POINT('',(-5.088117658369,27.6,3.360456390686));
#946 = CARTESIAN_POINT('',(-5.292078438912,27.6,3.334535824649));
#947 = CARTESIAN_POINT('',(-5.496039219457,27.6,3.301365058912));
#948 = CARTESIAN_POINT('',(-5.7,27.6,3.301626867461));
#949 = CARTESIAN_POINT('',(-5.903960780543,27.6,3.301365058912));
#950 = CARTESIAN_POINT('',(-6.107921561088,27.6,3.334535824649));
#951 = CARTESIAN_POINT('',(-6.311882341631,27.6,3.360456390686));
#952 = CARTESIAN_POINT('',(-6.515843122175,27.6,3.4));
#953 = CARTESIAN_POINT('',(-6.719803902719,27.6,3.4));
#954 = ( BOUNDED_SURFACE() B_SPLINE_SURFACE(2,10,(
    (#955,#956,#957,#958,#959,#960,#961,#962,#963,#964,#965)
    ,(#966,#967,#968,#969,#970,#971,#972,#973,#974,#975,#976)
    ,(#977,#978,#979,#980,#981,#982,#983,#984,#985,#986,#987
)),.UNSPECIFIED.,.F.,.F.,.F.) B_SPLINE_SURFACE_WITH_KNOTS((3,3),(11,11),
  (0.,2.039607805437),(261.59966320312,263.63927100856),
.PIECEWISE_BEZIER_KNOTS.) GEOMETRIC_REPRESENTATION_ITEM() 
RATIONAL_B_SPLINE_SURFACE((
    (1.,1.,1.,1.,1.,1.,1.,1.,1.,1.,1.)
    ,(0.707106781187,0.773960513226,0.80626295906,0.832924455191
      ,0.840682117186,0.850377698463,0.840682117186,0.832924455191
      ,0.80626295906,0.773960513226,0.707106781187)
,(1.,1.,1.,1.,1.,1.,1.,1.,1.,1.,1.
  ))) REPRESENTATION_ITEM('') SURFACE() );
#955 = CARTESIAN_POINT('',(-4.680196097281,27.6,3.4));
#956 = CARTESIAN_POINT('',(-4.884156877825,27.6,3.4));
#957 = CARTESIAN_POINT('',(-5.088117658369,27.6,3.360456390686));
#958 = CARTESIAN_POINT('',(-5.292078438912,27.6,3.334535824649));
#959 = CARTESIAN_POINT('',(-5.496039219457,27.6,3.301365058912));
#960 = CARTESIAN_POINT('',(-5.7,27.6,3.301626867461));
#961 = CARTESIAN_POINT('',(-5.903960780543,27.6,3.301365058912));
#962 = CARTESIAN_POINT('',(-6.107921561088,27.6,3.334535824649));
#963 = CARTESIAN_POINT('',(-6.311882341631,27.6,3.360456390686));
#964 = CARTESIAN_POINT('',(-6.515843122175,27.6,3.4));
#965 = CARTESIAN_POINT('',(-6.719803902719,27.6,3.4));
#966 = CARTESIAN_POINT('',(-4.680196097281,27.6,2.4));
#967 = CARTESIAN_POINT('',(-4.866539003094,27.6,2.572757475083));
#968 = CARTESIAN_POINT('',(-5.075248639269,27.6,2.628504084188));
#969 = CARTESIAN_POINT('',(-5.27875202707,27.6,2.663452368921));
#970 = CARTESIAN_POINT('',(-5.49155966733,27.6,2.664356388587));
#971 = CARTESIAN_POINT('',(-5.7,27.6,2.675731540297));
#972 = CARTESIAN_POINT('',(-5.908440332671,27.6,2.664356388587));
#973 = CARTESIAN_POINT('',(-6.121247972929,27.6,2.663452368921));
#974 = CARTESIAN_POINT('',(-6.324751360731,27.6,2.628504084188));
#975 = CARTESIAN_POINT('',(-6.533460996906,27.6,2.572757475083));
#976 = CARTESIAN_POINT('',(-6.719803902719,27.6,2.4));
#977 = CARTESIAN_POINT('',(-4.680196097281,26.6,2.4));
#978 = CARTESIAN_POINT('',(-4.884156877825,26.789090909091,2.4));
#979 = CARTESIAN_POINT('',(-5.088117658369,26.900167860556,2.4));
#980 = CARTESIAN_POINT('',(-5.292078438912,26.982116786243,2.4));
#981 = CARTESIAN_POINT('',(-5.496039219457,27.019044892493,2.4));
#982 = CARTESIAN_POINT('',(-5.7,27.040861794233,2.4));
#983 = CARTESIAN_POINT('',(-5.903960780543,27.019044892493,2.4));
#984 = CARTESIAN_POINT('',(-6.107921561088,26.982116786243,2.4));
#985 = CARTESIAN_POINT('',(-6.311882341631,26.900167860556,2.4));
#986 = CARTESIAN_POINT('',(-6.515843122175,26.789090909091,2.4));
#987 = CARTESIAN_POINT('',(-6.719803902719,26.6,2.4));
#988 = ADVANCED_FACE('',(#989,#992),#1003,.T.);
#989 = FACE_BOUND('',#990,.T.);
#990 = EDGE_LOOP('',(#991));
#991 = ORIENTED_EDGE('',*,*,#344,.T.);
#992 = FACE_BOUND('',#993,.T.);
#993 = EDGE_LOOP('',(#994));
#994 = ORIENTED_EDGE('',*,*,#995,.F.);
#995 = EDGE_CURVE('',#996,#996,#998,.T.);
#996 = VERTEX_POINT('',#997);
#997 = CARTESIAN_POINT('',(-4.7,25.5,4.4));
#998 = CIRCLE('',#999,1.);
#999 = AXIS2_PLACEMENT_3D('',#1000,#1001,#1002);
#1000 = CARTESIAN_POINT('',(-5.7,25.5,4.4));
#1001 = DIRECTION('',(0.,0.,1.));
#1002 = DIRECTION('',(1.,0.,0.));
#1003 = PLANE('',#1004);
#1004 = AXIS2_PLACEMENT_3D('',#1005,#1006,#1007);
#1005 = CARTESIAN_POINT('',(-5.697667218914E-17,2.,4.4));
#1006 = DIRECTION('',(0.,0.,1.));
#1007 = DIRECTION('',(1.,0.,0.));
#1008 = ADVANCED_FACE('',(#1009),#1028,.F.);
#1009 = FACE_BOUND('',#1010,.F.);
#1010 = EDGE_LOOP('',(#1011,#1012,#1013,#1014));
#1011 = ORIENTED_EDGE('',*,*,#522,.F.);
#1012 = ORIENTED_EDGE('',*,*,#425,.T.);
#1013 = ORIENTED_EDGE('',*,*,#375,.T.);
#1014 = ORIENTED_EDGE('',*,*,#1015,.F.);
#1015 = EDGE_CURVE('',#515,#376,#1016,.T.);
#1016 = ( BOUNDED_CURVE() B_SPLINE_CURVE(10,(#1017,#1018,#1019,#1020,
    #1021,#1022,#1023,#1024,#1025,#1026,#1027),.UNSPECIFIED.,.F.,.F.) 
B_SPLINE_CURVE_WITH_KNOTS((11,11),(250.19966320312,252.23927100856),
.PIECEWISE_BEZIER_KNOTS.) CURVE() GEOMETRIC_REPRESENTATION_ITEM() 
RATIONAL_B_SPLINE_CURVE((1.,1.,1.,1.,1.,1.,1.,1.,1.,1.,1.)) 
REPRESENTATION_ITEM('') );
#1017 = CARTESIAN_POINT('',(6.719803902719,27.6,3.4));
#1018 = CARTESIAN_POINT('',(6.515843122175,27.6,3.4));
#1019 = CARTESIAN_POINT('',(6.311882341631,27.6,3.360456390686));
#1020 = CARTESIAN_POINT('',(6.107921561087,27.6,3.334535824648));
#1021 = CARTESIAN_POINT('',(5.903960780544,27.6,3.301365058912));
#1022 = CARTESIAN_POINT('',(5.7,27.6,3.301626867461));
#1023 = CARTESIAN_POINT('',(5.496039219456,27.6,3.301365058912));
#1024 = CARTESIAN_POINT('',(5.292078438913,27.6,3.334535824648));
#1025 = CARTESIAN_POINT('',(5.088117658369,27.6,3.360456390686));
#1026 = CARTESIAN_POINT('',(4.884156877825,27.6,3.4));
#1027 = CARTESIAN_POINT('',(4.680196097281,27.6,3.4));
#1028 = ( BOUNDED_SURFACE() B_SPLINE_SURFACE(2,10,(
    (#1029,#1030,#1031,#1032,#1033,#1034,#1035,#1036,#1037,#1038,#1039)
    ,(#1040,#1041,#1042,#1043,#1044,#1045,#1046,#1047,#1048,#1049,#1050)
    ,(#1051,#1052,#1053,#1054,#1055,#1056,#1057,#1058,#1059,#1060,#1061
)),.UNSPECIFIED.,.F.,.F.,.F.) B_SPLINE_SURFACE_WITH_KNOTS((3,3),(11,11),
  (0.,2.039607805437),(250.19966320312,252.23927100856),
.PIECEWISE_BEZIER_KNOTS.) GEOMETRIC_REPRESENTATION_ITEM() 
RATIONAL_B_SPLINE_SURFACE((
    (1.,1.,1.,1.,1.,1.,1.,1.,1.,1.,1.)
    ,(0.707106781187,0.773960513226,0.80626295906,0.832924455191
      ,0.840682117186,0.850377698464,0.840682117186,0.832924455191
      ,0.80626295906,0.773960513226,0.707106781187)
,(1.,1.,1.,1.,1.,1.,1.,1.,1.,1.,1.
  ))) REPRESENTATION_ITEM('') SURFACE() );
#1029 = CARTESIAN_POINT('',(6.719803902719,27.6,3.4));
#1030 = CARTESIAN_POINT('',(6.515843122175,27.6,3.4));
#1031 = CARTESIAN_POINT('',(6.311882341631,27.6,3.360456390686));
#1032 = CARTESIAN_POINT('',(6.107921561087,27.6,3.334535824648));
#1033 = CARTESIAN_POINT('',(5.903960780544,27.6,3.301365058912));
#1034 = CARTESIAN_POINT('',(5.7,27.6,3.301626867461));
#1035 = CARTESIAN_POINT('',(5.496039219456,27.6,3.301365058912));
#1036 = CARTESIAN_POINT('',(5.292078438913,27.6,3.334535824648));
#1037 = CARTESIAN_POINT('',(5.088117658369,27.6,3.360456390686));
#1038 = CARTESIAN_POINT('',(4.884156877825,27.6,3.4));
#1039 = CARTESIAN_POINT('',(4.680196097281,27.6,3.4));
#1040 = CARTESIAN_POINT('',(6.719803902719,27.6,2.4));
#1041 = CARTESIAN_POINT('',(6.533460996906,27.6,2.572757475083));
#1042 = CARTESIAN_POINT('',(6.324751360731,27.6,2.628504084188));
#1043 = CARTESIAN_POINT('',(6.121247972929,27.6,2.663452368921));
#1044 = CARTESIAN_POINT('',(5.908440332671,27.6,2.664356388587));
#1045 = CARTESIAN_POINT('',(5.7,27.6,2.675731540297));
#1046 = CARTESIAN_POINT('',(5.491559667329,27.6,2.664356388587));
#1047 = CARTESIAN_POINT('',(5.278752027071,27.6,2.663452368921));
#1048 = CARTESIAN_POINT('',(5.075248639269,27.6,2.628504084188));
#1049 = CARTESIAN_POINT('',(4.866539003094,27.6,2.572757475083));
#1050 = CARTESIAN_POINT('',(4.680196097281,27.6,2.4));
#1051 = CARTESIAN_POINT('',(6.719803902719,26.6,2.4));
#1052 = CARTESIAN_POINT('',(6.515843122175,26.789090909091,2.4));
#1053 = CARTESIAN_POINT('',(6.311882341631,26.900167860556,2.4));
#1054 = CARTESIAN_POINT('',(6.107921561087,26.982116786243,2.4));
#1055 = CARTESIAN_POINT('',(5.903960780544,27.019044892493,2.4));
#1056 = CARTESIAN_POINT('',(5.7,27.040861794233,2.4));
#1057 = CARTESIAN_POINT('',(5.496039219456,27.019044892493,2.4));
#1058 = CARTESIAN_POINT('',(5.292078438913,26.982116786243,2.4));
#1059 = CARTESIAN_POINT('',(5.088117658369,26.900167860556,2.4));
#1060 = CARTESIAN_POINT('',(4.884156877825,26.789090909091,2.4));
#1061 = CARTESIAN_POINT('',(4.680196097281,26.6,2.4));
#1062 = ADVANCED_FACE('',(#1063,#1092),#1162,.F.);
#1063 = FACE_BOUND('',#1064,.F.);
#1064 = EDGE_LOOP('',(#1065,#1073,#1074,#1075,#1076,#1077,#1078,#1086));
#1065 = ORIENTED_EDGE('',*,*,#1066,.T.);
#1066 = EDGE_CURVE('',#1067,#506,#1069,.T.);
#1067 = VERTEX_POINT('',#1068);
#1068 = CARTESIAN_POINT('',(57.7,27.6,14.));
#1069 = LINE('',#1070,#1071);
#1070 = CARTESIAN_POINT('',(57.7,27.6,14.));
#1071 = VECTOR('',#1072,1.);
#1072 = DIRECTION('',(0.,0.,-1.));
#1073 = ORIENTED_EDGE('',*,*,#514,.T.);
#1074 = ORIENTED_EDGE('',*,*,#1015,.T.);
#1075 = ORIENTED_EDGE('',*,*,#383,.T.);
#1076 = ORIENTED_EDGE('',*,*,#941,.T.);
#1077 = ORIENTED_EDGE('',*,*,#455,.T.);
#1078 = ORIENTED_EDGE('',*,*,#1079,.T.);
#1079 = EDGE_CURVE('',#456,#1080,#1082,.T.);
#1080 = VERTEX_POINT('',#1081);
#1081 = CARTESIAN_POINT('',(-57.7,27.6,14.));
#1082 = LINE('',#1083,#1084);
#1083 = CARTESIAN_POINT('',(-57.7,27.6,2.4));
#1084 = VECTOR('',#1085,1.);
#1085 = DIRECTION('',(0.,0.,1.));
#1086 = ORIENTED_EDGE('',*,*,#1087,.F.);
#1087 = EDGE_CURVE('',#1067,#1080,#1088,.T.);
#1088 = LINE('',#1089,#1090);
#1089 = CARTESIAN_POINT('',(0.,27.6,14.));
#1090 = VECTOR('',#1091,1.);
#1091 = DIRECTION('',(-1.,0.,0.));
#1092 = FACE_BOUND('',#1093,.F.);
#1093 = EDGE_LOOP('',(#1094,#1105,#1113,#1122,#1130,#1139,#1147,#1156));
#1094 = ORIENTED_EDGE('',*,*,#1095,.F.);
#1095 = EDGE_CURVE('',#1096,#1098,#1100,.T.);
#1096 = VERTEX_POINT('',#1097);
#1097 = CARTESIAN_POINT('',(5.5,27.6,5.25));
#1098 = VERTEX_POINT('',#1099);
#1099 = CARTESIAN_POINT('',(4.5,27.6,4.25));
#1100 = CIRCLE('',#1101,1.);
#1101 = AXIS2_PLACEMENT_3D('',#1102,#1103,#1104);
#1102 = CARTESIAN_POINT('',(4.5,27.6,5.25));
#1103 = DIRECTION('',(0.,1.,-2.22044604925E-16));
#1104 = DIRECTION('',(-1.,0.,0.));
#1105 = ORIENTED_EDGE('',*,*,#1106,.T.);
#1106 = EDGE_CURVE('',#1096,#1107,#1109,.T.);
#1107 = VERTEX_POINT('',#1108);
#1108 = CARTESIAN_POINT('',(5.5,27.6,8.25));
#1109 = LINE('',#1110,#1111);
#1110 = CARTESIAN_POINT('',(5.5,27.6,7.625));
#1111 = VECTOR('',#1112,1.);
#1112 = DIRECTION('',(0.,0.,1.));
#1113 = ORIENTED_EDGE('',*,*,#1114,.F.);
#1114 = EDGE_CURVE('',#1115,#1107,#1117,.T.);
#1115 = VERTEX_POINT('',#1116);
#1116 = CARTESIAN_POINT('',(4.5,27.6,9.25));
#1117 = CIRCLE('',#1118,1.);
#1118 = AXIS2_PLACEMENT_3D('',#1119,#1120,#1121);
#1119 = CARTESIAN_POINT('',(4.5,27.6,8.25));
#1120 = DIRECTION('',(0.,1.,-2.22044604925E-16));
#1121 = DIRECTION('',(-1.,0.,0.));
#1122 = ORIENTED_EDGE('',*,*,#1123,.T.);
#1123 = EDGE_CURVE('',#1115,#1124,#1126,.T.);
#1124 = VERTEX_POINT('',#1125);
#1125 = CARTESIAN_POINT('',(-4.5,27.6,9.25));
#1126 = LINE('',#1127,#1128);
#1127 = CARTESIAN_POINT('',(-2.25,27.6,9.25));
#1128 = VECTOR('',#1129,1.);
#1129 = DIRECTION('',(-1.,0.,0.));
#1130 = ORIENTED_EDGE('',*,*,#1131,.F.);
#1131 = EDGE_CURVE('',#1132,#1124,#1134,.T.);
#1132 = VERTEX_POINT('',#1133);
#1133 = CARTESIAN_POINT('',(-5.5,27.6,8.25));
#1134 = CIRCLE('',#1135,1.);
#1135 = AXIS2_PLACEMENT_3D('',#1136,#1137,#1138);
#1136 = CARTESIAN_POINT('',(-4.5,27.6,8.25));
#1137 = DIRECTION('',(0.,1.,-2.22044604925E-16));
#1138 = DIRECTION('',(-1.,0.,0.));
#1139 = ORIENTED_EDGE('',*,*,#1140,.T.);
#1140 = EDGE_CURVE('',#1132,#1141,#1143,.T.);
#1141 = VERTEX_POINT('',#1142);
#1142 = CARTESIAN_POINT('',(-5.5,27.6,5.25));
#1143 = LINE('',#1144,#1145);
#1144 = CARTESIAN_POINT('',(-5.5,27.6,6.125));
#1145 = VECTOR('',#1146,1.);
#1146 = DIRECTION('',(0.,0.,-1.));
#1147 = ORIENTED_EDGE('',*,*,#1148,.F.);
#1148 = EDGE_CURVE('',#1149,#1141,#1151,.T.);
#1149 = VERTEX_POINT('',#1150);
#1150 = CARTESIAN_POINT('',(-4.5,27.6,4.25));
#1151 = CIRCLE('',#1152,1.);
#1152 = AXIS2_PLACEMENT_3D('',#1153,#1154,#1155);
#1153 = CARTESIAN_POINT('',(-4.5,27.6,5.25));
#1154 = DIRECTION('',(0.,1.,-2.22044604925E-16));
#1155 = DIRECTION('',(-1.,0.,0.));
#1156 = ORIENTED_EDGE('',*,*,#1157,.T.);
#1157 = EDGE_CURVE('',#1149,#1098,#1158,.T.);
#1158 = LINE('',#1159,#1160);
#1159 = CARTESIAN_POINT('',(2.25,27.6,4.25));
#1160 = VECTOR('',#1161,1.);
#1161 = DIRECTION('',(1.,0.,0.));
#1162 = PLANE('',#1163);
#1163 = AXIS2_PLACEMENT_3D('',#1164,#1165,#1166);
#1164 = CARTESIAN_POINT('',(0.,27.6,7.));
#1165 = DIRECTION('',(0.,1.,0.));
#1166 = DIRECTION('',(0.,0.,1.));
#1167 = ADVANCED_FACE('',(#1168,#1171),#1182,.T.);
#1168 = FACE_BOUND('',#1169,.T.);
#1169 = EDGE_LOOP('',(#1170));
#1170 = ORIENTED_EDGE('',*,*,#416,.T.);
#1171 = FACE_BOUND('',#1172,.T.);
#1172 = EDGE_LOOP('',(#1173));
#1173 = ORIENTED_EDGE('',*,*,#1174,.F.);
#1174 = EDGE_CURVE('',#1175,#1175,#1177,.T.);
#1175 = VERTEX_POINT('',#1176);
#1176 = CARTESIAN_POINT('',(6.7,25.5,4.4));
#1177 = CIRCLE('',#1178,1.);
#1178 = AXIS2_PLACEMENT_3D('',#1179,#1180,#1181);
#1179 = CARTESIAN_POINT('',(5.7,25.5,4.4));
#1180 = DIRECTION('',(0.,0.,1.));
#1181 = DIRECTION('',(1.,0.,0.));
#1182 = PLANE('',#1183);
#1183 = AXIS2_PLACEMENT_3D('',#1184,#1185,#1186);
#1184 = CARTESIAN_POINT('',(-5.697667218914E-17,2.,4.4));
#1185 = DIRECTION('',(0.,0.,1.));
#1186 = DIRECTION('',(1.,0.,0.));
#1187 = ADVANCED_FACE('',(#1188),#1207,.F.);
#1188 = FACE_BOUND('',#1189,.T.);
#1189 = EDGE_LOOP('',(#1190,#1198,#1199,#1200));
#1190 = ORIENTED_EDGE('',*,*,#1191,.F.);
#1191 = EDGE_CURVE('',#482,#1192,#1194,.T.);
#1192 = VERTEX_POINT('',#1193);
#1193 = CARTESIAN_POINT('',(-60.1,25.2,14.));
#1194 = LINE('',#1195,#1196);
#1195 = CARTESIAN_POINT('',(-60.1,25.2,2.4));
#1196 = VECTOR('',#1197,1.);
#1197 = DIRECTION('',(0.,0.,1.));
#1198 = ORIENTED_EDGE('',*,*,#490,.F.);
#1199 = ORIENTED_EDGE('',*,*,#1079,.T.);
#1200 = ORIENTED_EDGE('',*,*,#1201,.F.);
#1201 = EDGE_CURVE('',#1192,#1080,#1202,.T.);
#1202 = CIRCLE('',#1203,2.4);
#1203 = AXIS2_PLACEMENT_3D('',#1204,#1205,#1206);
#1204 = CARTESIAN_POINT('',(-57.7,25.2,14.));
#1205 = DIRECTION('',(-0.,-0.,-1.));
#1206 = DIRECTION('',(0.,-1.,0.));
#1207 = CYLINDRICAL_SURFACE('',#1208,2.4);
#1208 = AXIS2_PLACEMENT_3D('',#1209,#1210,#1211);
#1209 = CARTESIAN_POINT('',(-57.7,25.2,2.4));
#1210 = DIRECTION('',(0.,0.,1.));
#1211 = DIRECTION('',(-1.,0.,0.));
#1212 = ADVANCED_FACE('',(#1213),#1231,.T.);
#1213 = FACE_BOUND('',#1214,.T.);
#1214 = EDGE_LOOP('',(#1215,#1223,#1224,#1225));
#1215 = ORIENTED_EDGE('',*,*,#1216,.T.);
#1216 = EDGE_CURVE('',#1217,#540,#1219,.T.);
#1217 = VERTEX_POINT('',#1218);
#1218 = CARTESIAN_POINT('',(-60.1,4.8,14.));
#1219 = LINE('',#1220,#1221);
#1220 = CARTESIAN_POINT('',(-60.1,4.8,14.));
#1221 = VECTOR('',#1222,1.);
#1222 = DIRECTION('',(0.,0.,-1.));
#1223 = ORIENTED_EDGE('',*,*,#539,.F.);
#1224 = ORIENTED_EDGE('',*,*,#1191,.T.);
#1225 = ORIENTED_EDGE('',*,*,#1226,.F.);
#1226 = EDGE_CURVE('',#1217,#1192,#1227,.T.);
#1227 = LINE('',#1228,#1229);
#1228 = CARTESIAN_POINT('',(-60.1,18.77027027027,14.));
#1229 = VECTOR('',#1230,1.);
#1230 = DIRECTION('',(0.,1.,0.));
#1231 = PLANE('',#1232);
#1232 = AXIS2_PLACEMENT_3D('',#1233,#1234,#1235);
#1233 = CARTESIAN_POINT('',(-60.1,30.,0.));
#1234 = DIRECTION('',(1.,0.,0.));
#1235 = DIRECTION('',(0.,-1.,0.));
#1236 = ADVANCED_FACE('',(#1237),#1256,.F.);
#1237 = FACE_BOUND('',#1238,.T.);
#1238 = EDGE_LOOP('',(#1239,#1247,#1254,#1255));
#1239 = ORIENTED_EDGE('',*,*,#1240,.F.);
#1240 = EDGE_CURVE('',#1241,#564,#1243,.T.);
#1241 = VERTEX_POINT('',#1242);
#1242 = CARTESIAN_POINT('',(60.1,25.2,14.));
#1243 = LINE('',#1244,#1245);
#1244 = CARTESIAN_POINT('',(60.1,25.2,14.));
#1245 = VECTOR('',#1246,1.);
#1246 = DIRECTION('',(0.,0.,-1.));
#1247 = ORIENTED_EDGE('',*,*,#1248,.T.);
#1248 = EDGE_CURVE('',#1241,#1067,#1249,.T.);
#1249 = CIRCLE('',#1250,2.4);
#1250 = AXIS2_PLACEMENT_3D('',#1251,#1252,#1253);
#1251 = CARTESIAN_POINT('',(57.7,25.2,14.));
#1252 = DIRECTION('',(0.,-0.,1.));
#1253 = DIRECTION('',(0.,1.,0.));
#1254 = ORIENTED_EDGE('',*,*,#1066,.T.);
#1255 = ORIENTED_EDGE('',*,*,#574,.F.);
#1256 = CYLINDRICAL_SURFACE('',#1257,2.4);
#1257 = AXIS2_PLACEMENT_3D('',#1258,#1259,#1260);
#1258 = CARTESIAN_POINT('',(57.7,25.2,14.));
#1259 = DIRECTION('',(0.,0.,-1.));
#1260 = DIRECTION('',(1.,0.,0.));
#1261 = ADVANCED_FACE('',(#1262),#1281,.F.);
#1262 = FACE_BOUND('',#1263,.T.);
#1263 = EDGE_LOOP('',(#1264,#1265,#1274,#1280));
#1264 = ORIENTED_EDGE('',*,*,#1216,.F.);
#1265 = ORIENTED_EDGE('',*,*,#1266,.T.);
#1266 = EDGE_CURVE('',#1217,#1267,#1269,.T.);
#1267 = VERTEX_POINT('',#1268);
#1268 = CARTESIAN_POINT('',(-57.7,2.4,14.));
#1269 = CIRCLE('',#1270,2.4);
#1270 = AXIS2_PLACEMENT_3D('',#1271,#1272,#1273);
#1271 = CARTESIAN_POINT('',(-57.7,4.8,14.));
#1272 = DIRECTION('',(0.,-0.,1.));
#1273 = DIRECTION('',(0.,1.,0.));
#1274 = ORIENTED_EDGE('',*,*,#1275,.T.);
#1275 = EDGE_CURVE('',#1267,#592,#1276,.T.);
#1276 = LINE('',#1277,#1278);
#1277 = CARTESIAN_POINT('',(-57.7,2.4,14.));
#1278 = VECTOR('',#1279,1.);
#1279 = DIRECTION('',(0.,0.,-1.));
#1280 = ORIENTED_EDGE('',*,*,#600,.F.);
#1281 = CYLINDRICAL_SURFACE('',#1282,2.4);
#1282 = AXIS2_PLACEMENT_3D('',#1283,#1284,#1285);
#1283 = CARTESIAN_POINT('',(-57.7,4.8,14.));
#1284 = DIRECTION('',(0.,0.,-1.));
#1285 = DIRECTION('',(-1.,-0.,-0.));
#1286 = ADVANCED_FACE('',(#1287),#1305,.T.);
#1287 = FACE_BOUND('',#1288,.T.);
#1288 = EDGE_LOOP('',(#1289,#1290,#1291,#1299));
#1289 = ORIENTED_EDGE('',*,*,#1240,.T.);
#1290 = ORIENTED_EDGE('',*,*,#624,.F.);
#1291 = ORIENTED_EDGE('',*,*,#1292,.T.);
#1292 = EDGE_CURVE('',#616,#1293,#1295,.T.);
#1293 = VERTEX_POINT('',#1294);
#1294 = CARTESIAN_POINT('',(60.1,4.8,14.));
#1295 = LINE('',#1296,#1297);
#1296 = CARTESIAN_POINT('',(60.1,4.8,2.4));
#1297 = VECTOR('',#1298,1.);
#1298 = DIRECTION('',(0.,0.,1.));
#1299 = ORIENTED_EDGE('',*,*,#1300,.F.);
#1300 = EDGE_CURVE('',#1241,#1293,#1301,.T.);
#1301 = LINE('',#1302,#1303);
#1302 = CARTESIAN_POINT('',(60.1,3.77027027027,14.));
#1303 = VECTOR('',#1304,1.);
#1304 = DIRECTION('',(0.,-1.,0.));
#1305 = PLANE('',#1306);
#1306 = AXIS2_PLACEMENT_3D('',#1307,#1308,#1309);
#1307 = CARTESIAN_POINT('',(60.1,0.,0.));
#1308 = DIRECTION('',(-1.,0.,0.));
#1309 = DIRECTION('',(0.,1.,0.));
#1310 = ADVANCED_FACE('',(#1311),#1329,.F.);
#1311 = FACE_BOUND('',#1312,.F.);
#1312 = EDGE_LOOP('',(#1313,#1314,#1315,#1323));
#1313 = ORIENTED_EDGE('',*,*,#1275,.T.);
#1314 = ORIENTED_EDGE('',*,*,#641,.T.);
#1315 = ORIENTED_EDGE('',*,*,#1316,.F.);
#1316 = EDGE_CURVE('',#1317,#642,#1319,.T.);
#1317 = VERTEX_POINT('',#1318);
#1318 = CARTESIAN_POINT('',(-16.,2.4,14.));
#1319 = LINE('',#1320,#1321);
#1320 = CARTESIAN_POINT('',(-16.,2.4,14.));
#1321 = VECTOR('',#1322,1.);
#1322 = DIRECTION('',(0.,0.,-1.));
#1323 = ORIENTED_EDGE('',*,*,#1324,.F.);
#1324 = EDGE_CURVE('',#1267,#1317,#1325,.T.);
#1325 = LINE('',#1326,#1327);
#1326 = CARTESIAN_POINT('',(-19.625,2.4,14.));
#1327 = VECTOR('',#1328,1.);
#1328 = DIRECTION('',(1.,0.,0.));
#1329 = PLANE('',#1330);
#1330 = AXIS2_PLACEMENT_3D('',#1331,#1332,#1333);
#1331 = CARTESIAN_POINT('',(-39.25,2.4,7.));
#1332 = DIRECTION('',(-0.,-1.,-0.));
#1333 = DIRECTION('',(0.,0.,-1.));
#1334 = ADVANCED_FACE('',(#1335),#1354,.F.);
#1335 = FACE_BOUND('',#1336,.F.);
#1336 = EDGE_LOOP('',(#1337,#1345,#1346,#1347));
#1337 = ORIENTED_EDGE('',*,*,#1338,.F.);
#1338 = EDGE_CURVE('',#666,#1339,#1341,.T.);
#1339 = VERTEX_POINT('',#1340);
#1340 = CARTESIAN_POINT('',(57.7,2.4,14.));
#1341 = LINE('',#1342,#1343);
#1342 = CARTESIAN_POINT('',(57.7,2.4,2.4));
#1343 = VECTOR('',#1344,1.);
#1344 = DIRECTION('',(0.,0.,1.));
#1345 = ORIENTED_EDGE('',*,*,#676,.T.);
#1346 = ORIENTED_EDGE('',*,*,#1292,.T.);
#1347 = ORIENTED_EDGE('',*,*,#1348,.F.);
#1348 = EDGE_CURVE('',#1339,#1293,#1349,.T.);
#1349 = CIRCLE('',#1350,2.4);
#1350 = AXIS2_PLACEMENT_3D('',#1351,#1352,#1353);
#1351 = CARTESIAN_POINT('',(57.7,4.8,14.));
#1352 = DIRECTION('',(-0.,0.,1.));
#1353 = DIRECTION('',(0.,-1.,0.));
#1354 = CYLINDRICAL_SURFACE('',#1355,2.4);
#1355 = AXIS2_PLACEMENT_3D('',#1356,#1357,#1358);
#1356 = CARTESIAN_POINT('',(57.7,4.8,2.4));
#1357 = DIRECTION('',(0.,0.,1.));
#1358 = DIRECTION('',(0.,-1.,0.));
#1359 = ADVANCED_FACE('',(#1360),#1379,.T.);
#1360 = FACE_BOUND('',#1361,.F.);
#1361 = EDGE_LOOP('',(#1362,#1370,#1377,#1378));
#1362 = ORIENTED_EDGE('',*,*,#1363,.F.);
#1363 = EDGE_CURVE('',#1364,#694,#1366,.T.);
#1364 = VERTEX_POINT('',#1365);
#1365 = CARTESIAN_POINT('',(-13.6,4.440892098501E-16,14.));
#1366 = LINE('',#1367,#1368);
#1367 = CARTESIAN_POINT('',(-13.6,4.440892098501E-16,14.));
#1368 = VECTOR('',#1369,1.);
#1369 = DIRECTION('',(0.,0.,-1.));
#1370 = ORIENTED_EDGE('',*,*,#1371,.T.);
#1371 = EDGE_CURVE('',#1364,#1317,#1372,.T.);
#1372 = CIRCLE('',#1373,2.4);
#1373 = AXIS2_PLACEMENT_3D('',#1374,#1375,#1376);
#1374 = CARTESIAN_POINT('',(-16.,4.440892098501E-16,14.));
#1375 = DIRECTION('',(0.,-0.,1.));
#1376 = DIRECTION('',(0.,1.,0.));
#1377 = ORIENTED_EDGE('',*,*,#1316,.T.);
#1378 = ORIENTED_EDGE('',*,*,#702,.T.);
#1379 = CYLINDRICAL_SURFACE('',#1380,2.4);
#1380 = AXIS2_PLACEMENT_3D('',#1381,#1382,#1383);
#1381 = CARTESIAN_POINT('',(-16.,4.440892098501E-16,14.));
#1382 = DIRECTION('',(0.,0.,-1.));
#1383 = DIRECTION('',(1.,0.,0.));
#1384 = ADVANCED_FACE('',(#1385),#1403,.T.);
#1385 = FACE_BOUND('',#1386,.T.);
#1386 = EDGE_LOOP('',(#1387,#1388,#1389,#1397));
#1387 = ORIENTED_EDGE('',*,*,#1338,.F.);
#1388 = ORIENTED_EDGE('',*,*,#726,.F.);
#1389 = ORIENTED_EDGE('',*,*,#1390,.F.);
#1390 = EDGE_CURVE('',#1391,#718,#1393,.T.);
#1391 = VERTEX_POINT('',#1392);
#1392 = CARTESIAN_POINT('',(16.,2.4,14.));
#1393 = LINE('',#1394,#1395);
#1394 = CARTESIAN_POINT('',(16.,2.4,14.));
#1395 = VECTOR('',#1396,1.);
#1396 = DIRECTION('',(0.,0.,-1.));
#1397 = ORIENTED_EDGE('',*,*,#1398,.F.);
#1398 = EDGE_CURVE('',#1339,#1391,#1399,.T.);
#1399 = LINE('',#1400,#1401);
#1400 = CARTESIAN_POINT('',(8.,2.4,14.));
#1401 = VECTOR('',#1402,1.);
#1402 = DIRECTION('',(-1.,0.,0.));
#1403 = PLANE('',#1404);
#1404 = AXIS2_PLACEMENT_3D('',#1405,#1406,#1407);
#1405 = CARTESIAN_POINT('',(16.,2.4,0.));
#1406 = DIRECTION('',(0.,1.,0.));
#1407 = DIRECTION('',(1.,0.,0.));
#1408 = ADVANCED_FACE('',(#1409),#1427,.T.);
#1409 = FACE_BOUND('',#1410,.T.);
#1410 = EDGE_LOOP('',(#1411,#1419,#1420,#1421));
#1411 = ORIENTED_EDGE('',*,*,#1412,.T.);
#1412 = EDGE_CURVE('',#1413,#744,#1415,.T.);
#1413 = VERTEX_POINT('',#1414);
#1414 = CARTESIAN_POINT('',(-13.6,-25.2,14.));
#1415 = LINE('',#1416,#1417);
#1416 = CARTESIAN_POINT('',(-13.6,-25.2,14.));
#1417 = VECTOR('',#1418,1.);
#1418 = DIRECTION('',(0.,0.,-1.));
#1419 = ORIENTED_EDGE('',*,*,#743,.F.);
#1420 = ORIENTED_EDGE('',*,*,#1363,.F.);
#1421 = ORIENTED_EDGE('',*,*,#1422,.F.);
#1422 = EDGE_CURVE('',#1413,#1364,#1423,.T.);
#1423 = LINE('',#1424,#1425);
#1424 = CARTESIAN_POINT('',(-13.6,3.77027027027,14.));
#1425 = VECTOR('',#1426,1.);
#1426 = DIRECTION('',(0.,1.,0.));
#1427 = PLANE('',#1428);
#1428 = AXIS2_PLACEMENT_3D('',#1429,#1430,#1431);
#1429 = CARTESIAN_POINT('',(-13.6,0.,0.));
#1430 = DIRECTION('',(1.,0.,0.));
#1431 = DIRECTION('',(0.,-1.,0.));
#1432 = ADVANCED_FACE('',(#1433),#1452,.T.);
#1433 = FACE_BOUND('',#1434,.T.);
#1434 = EDGE_LOOP('',(#1435,#1443,#1450,#1451));
#1435 = ORIENTED_EDGE('',*,*,#1436,.F.);
#1436 = EDGE_CURVE('',#1437,#768,#1439,.T.);
#1437 = VERTEX_POINT('',#1438);
#1438 = CARTESIAN_POINT('',(13.6,0.,14.));
#1439 = LINE('',#1440,#1441);
#1440 = CARTESIAN_POINT('',(13.6,0.,14.));
#1441 = VECTOR('',#1442,1.);
#1442 = DIRECTION('',(0.,0.,-1.));
#1443 = ORIENTED_EDGE('',*,*,#1444,.T.);
#1444 = EDGE_CURVE('',#1437,#1391,#1445,.T.);
#1445 = CIRCLE('',#1446,2.4);
#1446 = AXIS2_PLACEMENT_3D('',#1447,#1448,#1449);
#1447 = CARTESIAN_POINT('',(16.,0.,14.));
#1448 = DIRECTION('',(0.,0.,-1.));
#1449 = DIRECTION('',(0.,1.,0.));
#1450 = ORIENTED_EDGE('',*,*,#1390,.T.);
#1451 = ORIENTED_EDGE('',*,*,#778,.F.);
#1452 = CYLINDRICAL_SURFACE('',#1453,2.4);
#1453 = AXIS2_PLACEMENT_3D('',#1454,#1455,#1456);
#1454 = CARTESIAN_POINT('',(16.,0.,14.));
#1455 = DIRECTION('',(0.,0.,-1.));
#1456 = DIRECTION('',(-1.,0.,0.));
#1457 = ADVANCED_FACE('',(#1458),#1477,.F.);
#1458 = FACE_BOUND('',#1459,.T.);
#1459 = EDGE_LOOP('',(#1460,#1461,#1470,#1476));
#1460 = ORIENTED_EDGE('',*,*,#1412,.F.);
#1461 = ORIENTED_EDGE('',*,*,#1462,.T.);
#1462 = EDGE_CURVE('',#1413,#1463,#1465,.T.);
#1463 = VERTEX_POINT('',#1464);
#1464 = CARTESIAN_POINT('',(-11.2,-27.6,14.));
#1465 = CIRCLE('',#1466,2.4);
#1466 = AXIS2_PLACEMENT_3D('',#1467,#1468,#1469);
#1467 = CARTESIAN_POINT('',(-11.2,-25.2,14.));
#1468 = DIRECTION('',(0.,-0.,1.));
#1469 = DIRECTION('',(0.,1.,0.));
#1470 = ORIENTED_EDGE('',*,*,#1471,.T.);
#1471 = EDGE_CURVE('',#1463,#796,#1472,.T.);
#1472 = LINE('',#1473,#1474);
#1473 = CARTESIAN_POINT('',(-11.2,-27.6,14.));
#1474 = VECTOR('',#1475,1.);
#1475 = DIRECTION('',(0.,0.,-1.));
#1476 = ORIENTED_EDGE('',*,*,#804,.F.);
#1477 = CYLINDRICAL_SURFACE('',#1478,2.4);
#1478 = AXIS2_PLACEMENT_3D('',#1479,#1480,#1481);
#1479 = CARTESIAN_POINT('',(-11.2,-25.2,14.));
#1480 = DIRECTION('',(0.,0.,-1.));
#1481 = DIRECTION('',(-1.,-0.,-0.));
#1482 = ADVANCED_FACE('',(#1483),#1501,.T.);
#1483 = FACE_BOUND('',#1484,.T.);
#1484 = EDGE_LOOP('',(#1485,#1486,#1487,#1495));
#1485 = ORIENTED_EDGE('',*,*,#1436,.T.);
#1486 = ORIENTED_EDGE('',*,*,#828,.F.);
#1487 = ORIENTED_EDGE('',*,*,#1488,.T.);
#1488 = EDGE_CURVE('',#820,#1489,#1491,.T.);
#1489 = VERTEX_POINT('',#1490);
#1490 = CARTESIAN_POINT('',(13.6,-25.2,14.));
#1491 = LINE('',#1492,#1493);
#1492 = CARTESIAN_POINT('',(13.6,-25.2,2.4));
#1493 = VECTOR('',#1494,1.);
#1494 = DIRECTION('',(0.,0.,1.));
#1495 = ORIENTED_EDGE('',*,*,#1496,.F.);
#1496 = EDGE_CURVE('',#1437,#1489,#1497,.T.);
#1497 = LINE('',#1498,#1499);
#1498 = CARTESIAN_POINT('',(13.6,-11.22972972973,14.));
#1499 = VECTOR('',#1500,1.);
#1500 = DIRECTION('',(0.,-1.,0.));
#1501 = PLANE('',#1502);
#1502 = AXIS2_PLACEMENT_3D('',#1503,#1504,#1505);
#1503 = CARTESIAN_POINT('',(13.6,-30.,0.));
#1504 = DIRECTION('',(-1.,0.,0.));
#1505 = DIRECTION('',(0.,1.,0.));
#1506 = ADVANCED_FACE('',(#1507),#1525,.F.);
#1507 = FACE_BOUND('',#1508,.F.);
#1508 = EDGE_LOOP('',(#1509,#1510,#1511,#1519));
#1509 = ORIENTED_EDGE('',*,*,#1471,.T.);
#1510 = ORIENTED_EDGE('',*,*,#845,.T.);
#1511 = ORIENTED_EDGE('',*,*,#1512,.T.);
#1512 = EDGE_CURVE('',#846,#1513,#1515,.T.);
#1513 = VERTEX_POINT('',#1514);
#1514 = CARTESIAN_POINT('',(11.2,-27.6,14.));
#1515 = LINE('',#1516,#1517);
#1516 = CARTESIAN_POINT('',(11.2,-27.6,2.4));
#1517 = VECTOR('',#1518,1.);
#1518 = DIRECTION('',(0.,0.,1.));
#1519 = ORIENTED_EDGE('',*,*,#1520,.F.);
#1520 = EDGE_CURVE('',#1463,#1513,#1521,.T.);
#1521 = LINE('',#1522,#1523);
#1522 = CARTESIAN_POINT('',(0.,-27.6,14.));
#1523 = VECTOR('',#1524,1.);
#1524 = DIRECTION('',(1.,0.,0.));
#1525 = PLANE('',#1526);
#1526 = AXIS2_PLACEMENT_3D('',#1527,#1528,#1529);
#1527 = CARTESIAN_POINT('',(0.,-27.6,7.));
#1528 = DIRECTION('',(-0.,-1.,-0.));
#1529 = DIRECTION('',(0.,0.,-1.));
#1530 = ADVANCED_FACE('',(#1531),#1543,.F.);
#1531 = FACE_BOUND('',#1532,.T.);
#1532 = EDGE_LOOP('',(#1533,#1534,#1535,#1536));
#1533 = ORIENTED_EDGE('',*,*,#1488,.F.);
#1534 = ORIENTED_EDGE('',*,*,#872,.F.);
#1535 = ORIENTED_EDGE('',*,*,#1512,.T.);
#1536 = ORIENTED_EDGE('',*,*,#1537,.F.);
#1537 = EDGE_CURVE('',#1489,#1513,#1538,.T.);
#1538 = CIRCLE('',#1539,2.4);
#1539 = AXIS2_PLACEMENT_3D('',#1540,#1541,#1542);
#1540 = CARTESIAN_POINT('',(11.2,-25.2,14.));
#1541 = DIRECTION('',(-0.,-0.,-1.));
#1542 = DIRECTION('',(0.,-1.,0.));
#1543 = CYLINDRICAL_SURFACE('',#1544,2.4);
#1544 = AXIS2_PLACEMENT_3D('',#1545,#1546,#1547);
#1545 = CARTESIAN_POINT('',(11.2,-25.2,2.4));
#1546 = DIRECTION('',(0.,0.,1.));
#1547 = DIRECTION('',(1.,0.,0.));
#1548 = ADVANCED_FACE('',(#1549),#1568,.T.);
#1549 = FACE_BOUND('',#1550,.F.);
#1550 = EDGE_LOOP('',(#1551,#1559,#1566,#1567));
#1551 = ORIENTED_EDGE('',*,*,#1552,.T.);
#1552 = EDGE_CURVE('',#888,#1553,#1555,.T.);
#1553 = VERTEX_POINT('',#1554);
#1554 = CARTESIAN_POINT('',(7.2,-21.5,4.4));
#1555 = LINE('',#1556,#1557);
#1556 = CARTESIAN_POINT('',(7.2,-21.5,2.4));
#1557 = VECTOR('',#1558,1.);
#1558 = DIRECTION('',(0.,0.,1.));
#1559 = ORIENTED_EDGE('',*,*,#1560,.T.);
#1560 = EDGE_CURVE('',#1553,#1553,#1561,.T.);
#1561 = CIRCLE('',#1562,1.5);
#1562 = AXIS2_PLACEMENT_3D('',#1563,#1564,#1565);
#1563 = CARTESIAN_POINT('',(5.7,-21.5,4.4));
#1564 = DIRECTION('',(0.,0.,1.));
#1565 = DIRECTION('',(1.,0.,0.));
#1566 = ORIENTED_EDGE('',*,*,#1552,.F.);
#1567 = ORIENTED_EDGE('',*,*,#898,.F.);
#1568 = CYLINDRICAL_SURFACE('',#1569,1.5);
#1569 = AXIS2_PLACEMENT_3D('',#1570,#1571,#1572);
#1570 = CARTESIAN_POINT('',(5.7,-21.5,2.4));
#1571 = DIRECTION('',(-0.,-0.,-1.));
#1572 = DIRECTION('',(1.,0.,0.));
#1573 = ADVANCED_FACE('',(#1574),#1577,.T.);
#1574 = FACE_BOUND('',#1575,.T.);
#1575 = EDGE_LOOP('',(#1576));
#1576 = ORIENTED_EDGE('',*,*,#923,.T.);
#1577 = PLANE('',#1578);
#1578 = AXIS2_PLACEMENT_3D('',#1579,#1580,#1581);
#1579 = CARTESIAN_POINT('',(-1.281975124256E-16,2.,8.4));
#1580 = DIRECTION('',(0.,0.,1.));
#1581 = DIRECTION('',(1.,0.,0.));
#1582 = ADVANCED_FACE('',(#1583),#1602,.T.);
#1583 = FACE_BOUND('',#1584,.F.);
#1584 = EDGE_LOOP('',(#1585,#1593,#1600,#1601));
#1585 = ORIENTED_EDGE('',*,*,#1586,.T.);
#1586 = EDGE_CURVE('',#996,#1587,#1589,.T.);
#1587 = VERTEX_POINT('',#1588);
#1588 = CARTESIAN_POINT('',(-4.7,25.5,6.4));
#1589 = LINE('',#1590,#1591);
#1590 = CARTESIAN_POINT('',(-4.7,25.5,4.4));
#1591 = VECTOR('',#1592,1.);
#1592 = DIRECTION('',(0.,0.,1.));
#1593 = ORIENTED_EDGE('',*,*,#1594,.T.);
#1594 = EDGE_CURVE('',#1587,#1587,#1595,.T.);
#1595 = CIRCLE('',#1596,1.);
#1596 = AXIS2_PLACEMENT_3D('',#1597,#1598,#1599);
#1597 = CARTESIAN_POINT('',(-5.7,25.5,6.4));
#1598 = DIRECTION('',(0.,0.,1.));
#1599 = DIRECTION('',(1.,0.,0.));
#1600 = ORIENTED_EDGE('',*,*,#1586,.F.);
#1601 = ORIENTED_EDGE('',*,*,#995,.F.);
#1602 = CYLINDRICAL_SURFACE('',#1603,1.);
#1603 = AXIS2_PLACEMENT_3D('',#1604,#1605,#1606);
#1604 = CARTESIAN_POINT('',(-5.7,25.5,4.4));
#1605 = DIRECTION('',(-0.,-0.,-1.));
#1606 = DIRECTION('',(1.,0.,0.));
#1607 = ADVANCED_FACE('',(#1608,#1746),#1764,.T.);
#1608 = FACE_BOUND('',#1609,.T.);
#1609 = EDGE_LOOP('',(#1610,#1621,#1629,#1638,#1646,#1655,#1663,#1672,
    #1680,#1689,#1697,#1706,#1714,#1723,#1731,#1740));
#1610 = ORIENTED_EDGE('',*,*,#1611,.T.);
#1611 = EDGE_CURVE('',#1612,#1614,#1616,.T.);
#1612 = VERTEX_POINT('',#1613);
#1613 = CARTESIAN_POINT('',(-60.1,28.22264973081,14.));
#1614 = VERTEX_POINT('',#1615);
#1615 = CARTESIAN_POINT('',(-60.72264973081,27.6,14.));
#1616 = CIRCLE('',#1617,0.62264973081);
#1617 = AXIS2_PLACEMENT_3D('',#1618,#1619,#1620);
#1618 = CARTESIAN_POINT('',(-60.1,27.6,14.));
#1619 = DIRECTION('',(0.,0.,1.));
#1620 = DIRECTION('',(-1.141159628922E-14,-1.,0.));
#1621 = ORIENTED_EDGE('',*,*,#1622,.T.);
#1622 = EDGE_CURVE('',#1614,#1623,#1625,.T.);
#1623 = VERTEX_POINT('',#1624);
#1624 = CARTESIAN_POINT('',(-60.72264973081,2.4,14.));
#1625 = LINE('',#1626,#1627);
#1626 = CARTESIAN_POINT('',(-60.72264973081,30.,14.));
#1627 = VECTOR('',#1628,1.);
#1628 = DIRECTION('',(0.,-1.,0.));
#1629 = ORIENTED_EDGE('',*,*,#1630,.T.);
#1630 = EDGE_CURVE('',#1623,#1631,#1633,.T.);
#1631 = VERTEX_POINT('',#1632);
#1632 = CARTESIAN_POINT('',(-60.1,1.77735026919,14.));
#1633 = CIRCLE('',#1634,0.62264973081);
#1634 = AXIS2_PLACEMENT_3D('',#1635,#1636,#1637);
#1635 = CARTESIAN_POINT('',(-60.1,2.4,14.));
#1636 = DIRECTION('',(-0.,0.,1.));
#1637 = DIRECTION('',(0.,-1.,0.));
#1638 = ORIENTED_EDGE('',*,*,#1639,.T.);
#1639 = EDGE_CURVE('',#1631,#1640,#1642,.T.);
#1640 = VERTEX_POINT('',#1641);
#1641 = CARTESIAN_POINT('',(-18.4,1.77735026919,14.));
#1642 = LINE('',#1643,#1644);
#1643 = CARTESIAN_POINT('',(-62.5,1.77735026919,14.));
#1644 = VECTOR('',#1645,1.);
#1645 = DIRECTION('',(1.,-6.123233995737E-17,0.));
#1646 = ORIENTED_EDGE('',*,*,#1647,.T.);
#1647 = EDGE_CURVE('',#1640,#1648,#1650,.T.);
#1648 = VERTEX_POINT('',#1649);
#1649 = CARTESIAN_POINT('',(-14.22264973081,-2.4,14.));
#1650 = CIRCLE('',#1651,4.17735026919);
#1651 = AXIS2_PLACEMENT_3D('',#1652,#1653,#1654);
#1652 = CARTESIAN_POINT('',(-18.4,-2.4,14.));
#1653 = DIRECTION('',(-0.,-0.,-1.));
#1654 = DIRECTION('',(0.,-1.,0.));
#1655 = ORIENTED_EDGE('',*,*,#1656,.T.);
#1656 = EDGE_CURVE('',#1648,#1657,#1659,.T.);
#1657 = VERTEX_POINT('',#1658);
#1658 = CARTESIAN_POINT('',(-14.22264973081,-27.6,14.));
#1659 = LINE('',#1660,#1661);
#1660 = CARTESIAN_POINT('',(-14.22264973081,0.,14.));
#1661 = VECTOR('',#1662,1.);
#1662 = DIRECTION('',(0.,-1.,0.));
#1663 = ORIENTED_EDGE('',*,*,#1664,.T.);
#1664 = EDGE_CURVE('',#1657,#1665,#1667,.T.);
#1665 = VERTEX_POINT('',#1666);
#1666 = CARTESIAN_POINT('',(-13.6,-28.22264973081,14.));
#1667 = CIRCLE('',#1668,0.62264973081);
#1668 = AXIS2_PLACEMENT_3D('',#1669,#1670,#1671);
#1669 = CARTESIAN_POINT('',(-13.6,-27.6,14.));
#1670 = DIRECTION('',(-0.,0.,1.));
#1671 = DIRECTION('',(0.,-1.,0.));
#1672 = ORIENTED_EDGE('',*,*,#1673,.T.);
#1673 = EDGE_CURVE('',#1665,#1674,#1676,.T.);
#1674 = VERTEX_POINT('',#1675);
#1675 = CARTESIAN_POINT('',(13.6,-28.22264973081,14.));
#1676 = LINE('',#1677,#1678);
#1677 = CARTESIAN_POINT('',(-16.,-28.22264973081,14.));
#1678 = VECTOR('',#1679,1.);
#1679 = DIRECTION('',(1.,-6.123233995737E-17,0.));
#1680 = ORIENTED_EDGE('',*,*,#1681,.T.);
#1681 = EDGE_CURVE('',#1674,#1682,#1684,.T.);
#1682 = VERTEX_POINT('',#1683);
#1683 = CARTESIAN_POINT('',(14.22264973081,-27.6,14.));
#1684 = CIRCLE('',#1685,0.62264973081);
#1685 = AXIS2_PLACEMENT_3D('',#1686,#1687,#1688);
#1686 = CARTESIAN_POINT('',(13.6,-27.6,14.));
#1687 = DIRECTION('',(-0.,0.,1.));
#1688 = DIRECTION('',(0.,-1.,0.));
#1689 = ORIENTED_EDGE('',*,*,#1690,.T.);
#1690 = EDGE_CURVE('',#1682,#1691,#1693,.T.);
#1691 = VERTEX_POINT('',#1692);
#1692 = CARTESIAN_POINT('',(14.22264973081,-2.4,14.));
#1693 = LINE('',#1694,#1695);
#1694 = CARTESIAN_POINT('',(14.22264973081,-30.,14.));
#1695 = VECTOR('',#1696,1.);
#1696 = DIRECTION('',(1.224646799147E-16,1.,0.));
#1697 = ORIENTED_EDGE('',*,*,#1698,.T.);
#1698 = EDGE_CURVE('',#1691,#1699,#1701,.T.);
#1699 = VERTEX_POINT('',#1700);
#1700 = CARTESIAN_POINT('',(18.4,1.77735026919,14.));
#1701 = CIRCLE('',#1702,4.17735026919);
#1702 = AXIS2_PLACEMENT_3D('',#1703,#1704,#1705);
#1703 = CARTESIAN_POINT('',(18.4,-2.4,14.));
#1704 = DIRECTION('',(-0.,-0.,-1.));
#1705 = DIRECTION('',(0.,-1.,0.));
#1706 = ORIENTED_EDGE('',*,*,#1707,.T.);
#1707 = EDGE_CURVE('',#1699,#1708,#1710,.T.);
#1708 = VERTEX_POINT('',#1709);
#1709 = CARTESIAN_POINT('',(60.1,1.77735026919,14.));
#1710 = LINE('',#1711,#1712);
#1711 = CARTESIAN_POINT('',(16.,1.77735026919,14.));
#1712 = VECTOR('',#1713,1.);
#1713 = DIRECTION('',(1.,-6.123233995737E-17,0.));
#1714 = ORIENTED_EDGE('',*,*,#1715,.T.);
#1715 = EDGE_CURVE('',#1708,#1716,#1718,.T.);
#1716 = VERTEX_POINT('',#1717);
#1717 = CARTESIAN_POINT('',(60.72264973081,2.4,14.));
#1718 = CIRCLE('',#1719,0.62264973081);
#1719 = AXIS2_PLACEMENT_3D('',#1720,#1721,#1722);
#1720 = CARTESIAN_POINT('',(60.1,2.4,14.));
#1721 = DIRECTION('',(-0.,0.,1.));
#1722 = DIRECTION('',(0.,-1.,0.));
#1723 = ORIENTED_EDGE('',*,*,#1724,.T.);
#1724 = EDGE_CURVE('',#1716,#1725,#1727,.T.);
#1725 = VERTEX_POINT('',#1726);
#1726 = CARTESIAN_POINT('',(60.72264973081,27.6,14.));
#1727 = LINE('',#1728,#1729);
#1728 = CARTESIAN_POINT('',(60.72264973081,2.176626318127E-16,14.));
#1729 = VECTOR('',#1730,1.);
#1730 = DIRECTION('',(1.224646799147E-16,1.,0.));
#1731 = ORIENTED_EDGE('',*,*,#1732,.T.);
#1732 = EDGE_CURVE('',#1725,#1733,#1735,.T.);
#1733 = VERTEX_POINT('',#1734);
#1734 = CARTESIAN_POINT('',(60.1,28.22264973081,14.));
#1735 = CIRCLE('',#1736,0.62264973081);
#1736 = AXIS2_PLACEMENT_3D('',#1737,#1738,#1739);
#1737 = CARTESIAN_POINT('',(60.1,27.6,14.));
#1738 = DIRECTION('',(-0.,0.,1.));
#1739 = DIRECTION('',(0.,-1.,0.));
#1740 = ORIENTED_EDGE('',*,*,#1741,.T.);
#1741 = EDGE_CURVE('',#1733,#1612,#1742,.T.);
#1742 = LINE('',#1743,#1744);
#1743 = CARTESIAN_POINT('',(62.5,28.22264973081,14.));
#1744 = VECTOR('',#1745,1.);
#1745 = DIRECTION('',(-1.,0.,0.));
#1746 = FACE_BOUND('',#1747,.T.);
#1747 = EDGE_LOOP('',(#1748,#1749,#1750,#1751,#1752,#1753,#1754,#1755,
    #1756,#1757,#1758,#1759,#1760,#1761,#1762,#1763));
#1748 = ORIENTED_EDGE('',*,*,#1226,.T.);
#1749 = ORIENTED_EDGE('',*,*,#1201,.T.);
#1750 = ORIENTED_EDGE('',*,*,#1087,.F.);
#1751 = ORIENTED_EDGE('',*,*,#1248,.F.);
#1752 = ORIENTED_EDGE('',*,*,#1300,.T.);
#1753 = ORIENTED_EDGE('',*,*,#1348,.F.);
#1754 = ORIENTED_EDGE('',*,*,#1398,.T.);
#1755 = ORIENTED_EDGE('',*,*,#1444,.F.);
#1756 = ORIENTED_EDGE('',*,*,#1496,.T.);
#1757 = ORIENTED_EDGE('',*,*,#1537,.T.);
#1758 = ORIENTED_EDGE('',*,*,#1520,.F.);
#1759 = ORIENTED_EDGE('',*,*,#1462,.F.);
#1760 = ORIENTED_EDGE('',*,*,#1422,.T.);
#1761 = ORIENTED_EDGE('',*,*,#1371,.T.);
#1762 = ORIENTED_EDGE('',*,*,#1324,.F.);
#1763 = ORIENTED_EDGE('',*,*,#1266,.F.);
#1764 = PLANE('',#1765);
#1765 = AXIS2_PLACEMENT_3D('',#1766,#1767,#1768);
#1766 = CARTESIAN_POINT('',(0.,7.540540540541,14.));
#1767 = DIRECTION('',(0.,0.,1.));
#1768 = DIRECTION('',(1.,0.,0.));
#1769 = ADVANCED_FACE('',(#1770),#1796,.F.);
#1770 = FACE_BOUND('',#1771,.F.);
#1771 = EDGE_LOOP('',(#1772,#1783,#1789,#1790));
#1772 = ORIENTED_EDGE('',*,*,#1773,.F.);
#1773 = EDGE_CURVE('',#1774,#1776,#1778,.T.);
#1774 = VERTEX_POINT('',#1775);
#1775 = CARTESIAN_POINT('',(5.5,30.,5.25));
#1776 = VERTEX_POINT('',#1777);
#1777 = CARTESIAN_POINT('',(4.5,30.,4.25));
#1778 = CIRCLE('',#1779,1.);
#1779 = AXIS2_PLACEMENT_3D('',#1780,#1781,#1782);
#1780 = CARTESIAN_POINT('',(4.5,30.,5.25));
#1781 = DIRECTION('',(0.,1.,-2.22044604925E-16));
#1782 = DIRECTION('',(-1.,0.,0.));
#1783 = ORIENTED_EDGE('',*,*,#1784,.T.);
#1784 = EDGE_CURVE('',#1774,#1096,#1785,.T.);
#1785 = LINE('',#1786,#1787);
#1786 = CARTESIAN_POINT('',(5.5,30.,5.25));
#1787 = VECTOR('',#1788,1.);
#1788 = DIRECTION('',(0.,-1.,2.22044604925E-16));
#1789 = ORIENTED_EDGE('',*,*,#1095,.T.);
#1790 = ORIENTED_EDGE('',*,*,#1791,.F.);
#1791 = EDGE_CURVE('',#1776,#1098,#1792,.T.);
#1792 = LINE('',#1793,#1794);
#1793 = CARTESIAN_POINT('',(4.5,30.,4.25));
#1794 = VECTOR('',#1795,1.);
#1795 = DIRECTION('',(0.,-1.,2.22044604925E-16));
#1796 = CYLINDRICAL_SURFACE('',#1797,1.);
#1797 = AXIS2_PLACEMENT_3D('',#1798,#1799,#1800);
#1798 = CARTESIAN_POINT('',(4.5,30.,5.25));
#1799 = DIRECTION('',(0.,1.,-2.22044604925E-16));
#1800 = DIRECTION('',(-1.,0.,0.));
#1801 = ADVANCED_FACE('',(#1802),#1820,.F.);
#1802 = FACE_BOUND('',#1803,.F.);
#1803 = EDGE_LOOP('',(#1804,#1812,#1813,#1814));
#1804 = ORIENTED_EDGE('',*,*,#1805,.F.);
#1805 = EDGE_CURVE('',#1776,#1806,#1808,.T.);
#1806 = VERTEX_POINT('',#1807);
#1807 = CARTESIAN_POINT('',(-4.5,30.,4.25));
#1808 = LINE('',#1809,#1810);
#1809 = CARTESIAN_POINT('',(4.5,30.,4.25));
#1810 = VECTOR('',#1811,1.);
#1811 = DIRECTION('',(-1.,0.,0.));
#1812 = ORIENTED_EDGE('',*,*,#1791,.T.);
#1813 = ORIENTED_EDGE('',*,*,#1157,.F.);
#1814 = ORIENTED_EDGE('',*,*,#1815,.F.);
#1815 = EDGE_CURVE('',#1806,#1149,#1816,.T.);
#1816 = LINE('',#1817,#1818);
#1817 = CARTESIAN_POINT('',(-4.5,30.,4.25));
#1818 = VECTOR('',#1819,1.);
#1819 = DIRECTION('',(0.,-1.,2.22044604925E-16));
#1820 = PLANE('',#1821);
#1821 = AXIS2_PLACEMENT_3D('',#1822,#1823,#1824);
#1822 = CARTESIAN_POINT('',(4.5,30.,4.25));
#1823 = DIRECTION('',(-0.,-2.22044604925E-16,-1.));
#1824 = DIRECTION('',(-1.,0.,0.));
#1825 = ADVANCED_FACE('',(#1826),#1845,.F.);
#1826 = FACE_BOUND('',#1827,.F.);
#1827 = EDGE_LOOP('',(#1828,#1837,#1838,#1839));
#1828 = ORIENTED_EDGE('',*,*,#1829,.F.);
#1829 = EDGE_CURVE('',#1806,#1830,#1832,.T.);
#1830 = VERTEX_POINT('',#1831);
#1831 = CARTESIAN_POINT('',(-5.5,30.,5.25));
#1832 = CIRCLE('',#1833,1.);
#1833 = AXIS2_PLACEMENT_3D('',#1834,#1835,#1836);
#1834 = CARTESIAN_POINT('',(-4.5,30.,5.25));
#1835 = DIRECTION('',(0.,1.,-2.22044604925E-16));
#1836 = DIRECTION('',(-1.,0.,0.));
#1837 = ORIENTED_EDGE('',*,*,#1815,.T.);
#1838 = ORIENTED_EDGE('',*,*,#1148,.T.);
#1839 = ORIENTED_EDGE('',*,*,#1840,.F.);
#1840 = EDGE_CURVE('',#1830,#1141,#1841,.T.);
#1841 = LINE('',#1842,#1843);
#1842 = CARTESIAN_POINT('',(-5.5,30.,5.25));
#1843 = VECTOR('',#1844,1.);
#1844 = DIRECTION('',(0.,-1.,2.22044604925E-16));
#1845 = CYLINDRICAL_SURFACE('',#1846,1.);
#1846 = AXIS2_PLACEMENT_3D('',#1847,#1848,#1849);
#1847 = CARTESIAN_POINT('',(-4.5,30.,5.25));
#1848 = DIRECTION('',(0.,1.,-2.22044604925E-16));
#1849 = DIRECTION('',(-1.,0.,0.));
#1850 = ADVANCED_FACE('',(#1851),#1869,.F.);
#1851 = FACE_BOUND('',#1852,.F.);
#1852 = EDGE_LOOP('',(#1853,#1861,#1862,#1863));
#1853 = ORIENTED_EDGE('',*,*,#1854,.F.);
#1854 = EDGE_CURVE('',#1830,#1855,#1857,.T.);
#1855 = VERTEX_POINT('',#1856);
#1856 = CARTESIAN_POINT('',(-5.5,30.,8.25));
#1857 = LINE('',#1858,#1859);
#1858 = CARTESIAN_POINT('',(-5.5,30.,5.25));
#1859 = VECTOR('',#1860,1.);
#1860 = DIRECTION('',(0.,2.22044604925E-16,1.));
#1861 = ORIENTED_EDGE('',*,*,#1840,.T.);
#1862 = ORIENTED_EDGE('',*,*,#1140,.F.);
#1863 = ORIENTED_EDGE('',*,*,#1864,.F.);
#1864 = EDGE_CURVE('',#1855,#1132,#1865,.T.);
#1865 = LINE('',#1866,#1867);
#1866 = CARTESIAN_POINT('',(-5.5,30.,8.25));
#1867 = VECTOR('',#1868,1.);
#1868 = DIRECTION('',(0.,-1.,2.22044604925E-16));
#1869 = PLANE('',#1870);
#1870 = AXIS2_PLACEMENT_3D('',#1871,#1872,#1873);
#1871 = CARTESIAN_POINT('',(-5.5,30.,5.25));
#1872 = DIRECTION('',(-1.,0.,0.));
#1873 = DIRECTION('',(0.,2.22044604925E-16,1.));
#1874 = ADVANCED_FACE('',(#1875),#1894,.F.);
#1875 = FACE_BOUND('',#1876,.F.);
#1876 = EDGE_LOOP('',(#1877,#1886,#1887,#1888));
#1877 = ORIENTED_EDGE('',*,*,#1878,.F.);
#1878 = EDGE_CURVE('',#1855,#1879,#1881,.T.);
#1879 = VERTEX_POINT('',#1880);
#1880 = CARTESIAN_POINT('',(-4.5,30.,9.25));
#1881 = CIRCLE('',#1882,1.);
#1882 = AXIS2_PLACEMENT_3D('',#1883,#1884,#1885);
#1883 = CARTESIAN_POINT('',(-4.5,30.,8.25));
#1884 = DIRECTION('',(0.,1.,-2.22044604925E-16));
#1885 = DIRECTION('',(-1.,0.,0.));
#1886 = ORIENTED_EDGE('',*,*,#1864,.T.);
#1887 = ORIENTED_EDGE('',*,*,#1131,.T.);
#1888 = ORIENTED_EDGE('',*,*,#1889,.F.);
#1889 = EDGE_CURVE('',#1879,#1124,#1890,.T.);
#1890 = LINE('',#1891,#1892);
#1891 = CARTESIAN_POINT('',(-4.5,30.,9.25));
#1892 = VECTOR('',#1893,1.);
#1893 = DIRECTION('',(0.,-1.,2.22044604925E-16));
#1894 = CYLINDRICAL_SURFACE('',#1895,1.);
#1895 = AXIS2_PLACEMENT_3D('',#1896,#1897,#1898);
#1896 = CARTESIAN_POINT('',(-4.5,30.,8.25));
#1897 = DIRECTION('',(0.,1.,-2.22044604925E-16));
#1898 = DIRECTION('',(-1.,0.,0.));
#1899 = ADVANCED_FACE('',(#1900),#1918,.F.);
#1900 = FACE_BOUND('',#1901,.F.);
#1901 = EDGE_LOOP('',(#1902,#1910,#1911,#1912));
#1902 = ORIENTED_EDGE('',*,*,#1903,.F.);
#1903 = EDGE_CURVE('',#1879,#1904,#1906,.T.);
#1904 = VERTEX_POINT('',#1905);
#1905 = CARTESIAN_POINT('',(4.5,30.,9.25));
#1906 = LINE('',#1907,#1908);
#1907 = CARTESIAN_POINT('',(-4.5,30.,9.25));
#1908 = VECTOR('',#1909,1.);
#1909 = DIRECTION('',(1.,0.,0.));
#1910 = ORIENTED_EDGE('',*,*,#1889,.T.);
#1911 = ORIENTED_EDGE('',*,*,#1123,.F.);
#1912 = ORIENTED_EDGE('',*,*,#1913,.F.);
#1913 = EDGE_CURVE('',#1904,#1115,#1914,.T.);
#1914 = LINE('',#1915,#1916);
#1915 = CARTESIAN_POINT('',(4.5,30.,9.25));
#1916 = VECTOR('',#1917,1.);
#1917 = DIRECTION('',(0.,-1.,2.22044604925E-16));
#1918 = PLANE('',#1919);
#1919 = AXIS2_PLACEMENT_3D('',#1920,#1921,#1922);
#1920 = CARTESIAN_POINT('',(-4.5,30.,9.25));
#1921 = DIRECTION('',(0.,2.22044604925E-16,1.));
#1922 = DIRECTION('',(1.,0.,0.));
#1923 = ADVANCED_FACE('',(#1924),#1943,.F.);
#1924 = FACE_BOUND('',#1925,.F.);
#1925 = EDGE_LOOP('',(#1926,#1935,#1936,#1937));
#1926 = ORIENTED_EDGE('',*,*,#1927,.F.);
#1927 = EDGE_CURVE('',#1904,#1928,#1930,.T.);
#1928 = VERTEX_POINT('',#1929);
#1929 = CARTESIAN_POINT('',(5.5,30.,8.25));
#1930 = CIRCLE('',#1931,1.);
#1931 = AXIS2_PLACEMENT_3D('',#1932,#1933,#1934);
#1932 = CARTESIAN_POINT('',(4.5,30.,8.25));
#1933 = DIRECTION('',(0.,1.,-2.22044604925E-16));
#1934 = DIRECTION('',(-1.,0.,0.));
#1935 = ORIENTED_EDGE('',*,*,#1913,.T.);
#1936 = ORIENTED_EDGE('',*,*,#1114,.T.);
#1937 = ORIENTED_EDGE('',*,*,#1938,.F.);
#1938 = EDGE_CURVE('',#1928,#1107,#1939,.T.);
#1939 = LINE('',#1940,#1941);
#1940 = CARTESIAN_POINT('',(5.5,30.,8.25));
#1941 = VECTOR('',#1942,1.);
#1942 = DIRECTION('',(0.,-1.,2.22044604925E-16));
#1943 = CYLINDRICAL_SURFACE('',#1944,1.);
#1944 = AXIS2_PLACEMENT_3D('',#1945,#1946,#1947);
#1945 = CARTESIAN_POINT('',(4.5,30.,8.25));
#1946 = DIRECTION('',(0.,1.,-2.22044604925E-16));
#1947 = DIRECTION('',(-1.,0.,0.));
#1948 = ADVANCED_FACE('',(#1949),#1960,.F.);
#1949 = FACE_BOUND('',#1950,.F.);
#1950 = EDGE_LOOP('',(#1951,#1957,#1958,#1959));
#1951 = ORIENTED_EDGE('',*,*,#1952,.F.);
#1952 = EDGE_CURVE('',#1928,#1774,#1953,.T.);
#1953 = LINE('',#1954,#1955);
#1954 = CARTESIAN_POINT('',(5.5,30.,8.25));
#1955 = VECTOR('',#1956,1.);
#1956 = DIRECTION('',(0.,-2.22044604925E-16,-1.));
#1957 = ORIENTED_EDGE('',*,*,#1938,.T.);
#1958 = ORIENTED_EDGE('',*,*,#1106,.F.);
#1959 = ORIENTED_EDGE('',*,*,#1784,.F.);
#1960 = PLANE('',#1961);
#1961 = AXIS2_PLACEMENT_3D('',#1962,#1963,#1964);
#1962 = CARTESIAN_POINT('',(5.5,30.,8.25));
#1963 = DIRECTION('',(1.,0.,0.));
#1964 = DIRECTION('',(0.,-2.22044604925E-16,-1.));
#1965 = ADVANCED_FACE('',(#1966),#1985,.T.);
#1966 = FACE_BOUND('',#1967,.F.);
#1967 = EDGE_LOOP('',(#1968,#1976,#1983,#1984));
#1968 = ORIENTED_EDGE('',*,*,#1969,.T.);
#1969 = EDGE_CURVE('',#1175,#1970,#1972,.T.);
#1970 = VERTEX_POINT('',#1971);
#1971 = CARTESIAN_POINT('',(6.7,25.5,6.4));
#1972 = LINE('',#1973,#1974);
#1973 = CARTESIAN_POINT('',(6.7,25.5,4.4));
#1974 = VECTOR('',#1975,1.);
#1975 = DIRECTION('',(0.,0.,1.));
#1976 = ORIENTED_EDGE('',*,*,#1977,.T.);
#1977 = EDGE_CURVE('',#1970,#1970,#1978,.T.);
#1978 = CIRCLE('',#1979,1.);
#1979 = AXIS2_PLACEMENT_3D('',#1980,#1981,#1982);
#1980 = CARTESIAN_POINT('',(5.7,25.5,6.4));
#1981 = DIRECTION('',(0.,0.,1.));
#1982 = DIRECTION('',(1.,0.,0.));
#1983 = ORIENTED_EDGE('',*,*,#1969,.F.);
#1984 = ORIENTED_EDGE('',*,*,#1174,.F.);
#1985 = CYLINDRICAL_SURFACE('',#1986,1.);
#1986 = AXIS2_PLACEMENT_3D('',#1987,#1988,#1989);
#1987 = CARTESIAN_POINT('',(5.7,25.5,4.4));
#1988 = DIRECTION('',(-0.,-0.,-1.));
#1989 = DIRECTION('',(1.,0.,0.));
#1990 = ADVANCED_FACE('',(#1991,#1994),#2005,.T.);
#1991 = FACE_BOUND('',#1992,.T.);
#1992 = EDGE_LOOP('',(#1993));
#1993 = ORIENTED_EDGE('',*,*,#1560,.T.);
#1994 = FACE_BOUND('',#1995,.T.);
#1995 = EDGE_LOOP('',(#1996));
#1996 = ORIENTED_EDGE('',*,*,#1997,.F.);
#1997 = EDGE_CURVE('',#1998,#1998,#2000,.T.);
#1998 = VERTEX_POINT('',#1999);
#1999 = CARTESIAN_POINT('',(6.7,-21.5,4.4));
#2000 = CIRCLE('',#2001,1.);
#2001 = AXIS2_PLACEMENT_3D('',#2002,#2003,#2004);
#2002 = CARTESIAN_POINT('',(5.7,-21.5,4.4));
#2003 = DIRECTION('',(0.,0.,1.));
#2004 = DIRECTION('',(1.,0.,0.));
#2005 = PLANE('',#2006);
#2006 = AXIS2_PLACEMENT_3D('',#2007,#2008,#2009);
#2007 = CARTESIAN_POINT('',(-5.697667218914E-17,2.,4.4));
#2008 = DIRECTION('',(0.,0.,1.));
#2009 = DIRECTION('',(1.,0.,0.));
#2010 = ADVANCED_FACE('',(#2011),#2030,.T.);
#2011 = FACE_BOUND('',#2012,.T.);
#2012 = EDGE_LOOP('',(#2013,#2021,#2022,#2023));
#2013 = ORIENTED_EDGE('',*,*,#2014,.F.);
#2014 = EDGE_CURVE('',#1587,#2015,#2017,.T.);
#2015 = VERTEX_POINT('',#2016);
#2016 = CARTESIAN_POINT('',(-5.052653961417,25.5,8.4));
#2017 = LINE('',#2018,#2019);
#2018 = CARTESIAN_POINT('',(-4.7,25.5,6.4));
#2019 = VECTOR('',#2020,1.);
#2020 = DIRECTION('',(-0.173648177667,0.,0.984807753012));
#2021 = ORIENTED_EDGE('',*,*,#1594,.T.);
#2022 = ORIENTED_EDGE('',*,*,#2014,.T.);
#2023 = ORIENTED_EDGE('',*,*,#2024,.F.);
#2024 = EDGE_CURVE('',#2015,#2015,#2025,.T.);
#2025 = CIRCLE('',#2026,0.647346038583);
#2026 = AXIS2_PLACEMENT_3D('',#2027,#2028,#2029);
#2027 = CARTESIAN_POINT('',(-5.7,25.5,8.4));
#2028 = DIRECTION('',(0.,0.,1.));
#2029 = DIRECTION('',(1.,0.,0.));
#2030 = CONICAL_SURFACE('',#2031,1.,0.174532925199);
#2031 = AXIS2_PLACEMENT_3D('',#2032,#2033,#2034);
#2032 = CARTESIAN_POINT('',(-5.7,25.5,6.4));
#2033 = DIRECTION('',(-0.,-0.,-1.));
#2034 = DIRECTION('',(1.,0.,0.));
#2035 = ADVANCED_FACE('',(#2036),#2062,.T.);
#2036 = FACE_BOUND('',#2037,.F.);
#2037 = EDGE_LOOP('',(#2038,#2039,#2047,#2056));
#2038 = ORIENTED_EDGE('',*,*,#1611,.T.);
#2039 = ORIENTED_EDGE('',*,*,#2040,.T.);
#2040 = EDGE_CURVE('',#1614,#2041,#2043,.T.);
#2041 = VERTEX_POINT('',#2042);
#2042 = CARTESIAN_POINT('',(-61.3,27.6,13.));
#2043 = LINE('',#2044,#2045);
#2044 = CARTESIAN_POINT('',(-61.3,27.6,13.));
#2045 = VECTOR('',#2046,1.);
#2046 = DIRECTION('',(-0.5,3.05244324227E-15,-0.866025403784));
#2047 = ORIENTED_EDGE('',*,*,#2048,.F.);
#2048 = EDGE_CURVE('',#2049,#2041,#2051,.T.);
#2049 = VERTEX_POINT('',#2050);
#2050 = CARTESIAN_POINT('',(-60.1,28.8,13.));
#2051 = CIRCLE('',#2052,1.2);
#2052 = AXIS2_PLACEMENT_3D('',#2053,#2054,#2055);
#2053 = CARTESIAN_POINT('',(-60.1,27.6,13.));
#2054 = DIRECTION('',(0.,0.,1.));
#2055 = DIRECTION('',(-5.921189464668E-15,-1.,0.));
#2056 = ORIENTED_EDGE('',*,*,#2057,.F.);
#2057 = EDGE_CURVE('',#1612,#2049,#2058,.T.);
#2058 = LINE('',#2059,#2060);
#2059 = CARTESIAN_POINT('',(-60.1,28.8,13.));
#2060 = VECTOR('',#2061,1.);
#2061 = DIRECTION('',(0.,0.5,-0.866025403784));
#2062 = CONICAL_SURFACE('',#2063,1.2,0.523598775598);
#2063 = AXIS2_PLACEMENT_3D('',#2064,#2065,#2066);
#2064 = CARTESIAN_POINT('',(-60.1,27.6,13.));
#2065 = DIRECTION('',(0.,0.,-1.));
#2066 = DIRECTION('',(-5.921189464668E-15,-1.,0.));
#2067 = ADVANCED_FACE('',(#2068),#2086,.T.);
#2068 = FACE_BOUND('',#2069,.T.);
#2069 = EDGE_LOOP('',(#2070,#2071,#2079,#2085));
#2070 = ORIENTED_EDGE('',*,*,#1741,.F.);
#2071 = ORIENTED_EDGE('',*,*,#2072,.T.);
#2072 = EDGE_CURVE('',#1733,#2073,#2075,.T.);
#2073 = VERTEX_POINT('',#2074);
#2074 = CARTESIAN_POINT('',(60.1,28.8,13.));
#2075 = LINE('',#2076,#2077);
#2076 = CARTESIAN_POINT('',(60.1,28.8,13.));
#2077 = VECTOR('',#2078,1.);
#2078 = DIRECTION('',(0.,0.5,-0.866025403784));
#2079 = ORIENTED_EDGE('',*,*,#2080,.T.);
#2080 = EDGE_CURVE('',#2073,#2049,#2081,.T.);
#2081 = LINE('',#2082,#2083);
#2082 = CARTESIAN_POINT('',(62.5,28.8,13.));
#2083 = VECTOR('',#2084,1.);
#2084 = DIRECTION('',(-1.,0.,0.));
#2085 = ORIENTED_EDGE('',*,*,#2057,.F.);
#2086 = PLANE('',#2087);
#2087 = AXIS2_PLACEMENT_3D('',#2088,#2089,#2090);
#2088 = CARTESIAN_POINT('',(62.5,28.8,13.));
#2089 = DIRECTION('',(0.,0.866025403784,0.5));
#2090 = DIRECTION('',(0.,0.5,-0.866025403784));
#2091 = ADVANCED_FACE('',(#2092),#2111,.T.);
#2092 = FACE_BOUND('',#2093,.F.);
#2093 = EDGE_LOOP('',(#2094,#2095,#2096,#2105));
#2094 = ORIENTED_EDGE('',*,*,#1732,.T.);
#2095 = ORIENTED_EDGE('',*,*,#2072,.T.);
#2096 = ORIENTED_EDGE('',*,*,#2097,.F.);
#2097 = EDGE_CURVE('',#2098,#2073,#2100,.T.);
#2098 = VERTEX_POINT('',#2099);
#2099 = CARTESIAN_POINT('',(61.3,27.6,13.));
#2100 = CIRCLE('',#2101,1.2);
#2101 = AXIS2_PLACEMENT_3D('',#2102,#2103,#2104);
#2102 = CARTESIAN_POINT('',(60.1,27.6,13.));
#2103 = DIRECTION('',(-0.,0.,1.));
#2104 = DIRECTION('',(0.,-1.,0.));
#2105 = ORIENTED_EDGE('',*,*,#2106,.F.);
#2106 = EDGE_CURVE('',#1725,#2098,#2107,.T.);
#2107 = LINE('',#2108,#2109);
#2108 = CARTESIAN_POINT('',(61.3,27.6,13.));
#2109 = VECTOR('',#2110,1.);
#2110 = DIRECTION('',(0.5,-6.123233995737E-17,-0.866025403784));
#2111 = CONICAL_SURFACE('',#2112,1.2,0.523598775598);
#2112 = AXIS2_PLACEMENT_3D('',#2113,#2114,#2115);
#2113 = CARTESIAN_POINT('',(60.1,27.6,13.));
#2114 = DIRECTION('',(0.,0.,-1.));
#2115 = DIRECTION('',(0.,-1.,0.));
#2116 = ADVANCED_FACE('',(#2117),#2135,.T.);
#2117 = FACE_BOUND('',#2118,.T.);
#2118 = EDGE_LOOP('',(#2119,#2120,#2128,#2134));
#2119 = ORIENTED_EDGE('',*,*,#1724,.F.);
#2120 = ORIENTED_EDGE('',*,*,#2121,.T.);
#2121 = EDGE_CURVE('',#1716,#2122,#2124,.T.);
#2122 = VERTEX_POINT('',#2123);
#2123 = CARTESIAN_POINT('',(61.3,2.4,13.));
#2124 = LINE('',#2125,#2126);
#2125 = CARTESIAN_POINT('',(61.3,2.4,13.));
#2126 = VECTOR('',#2127,1.);
#2127 = DIRECTION('',(0.5,-3.061616997868E-17,-0.866025403784));
#2128 = ORIENTED_EDGE('',*,*,#2129,.T.);
#2129 = EDGE_CURVE('',#2122,#2098,#2130,.T.);
#2130 = LINE('',#2131,#2132);
#2131 = CARTESIAN_POINT('',(61.3,1.469576158977E-16,13.));
#2132 = VECTOR('',#2133,1.);
#2133 = DIRECTION('',(3.061616997868E-17,1.,-5.302876193625E-17));
#2134 = ORIENTED_EDGE('',*,*,#2106,.F.);
#2135 = PLANE('',#2136);
#2136 = AXIS2_PLACEMENT_3D('',#2137,#2138,#2139);
#2137 = CARTESIAN_POINT('',(61.3,1.469576158977E-16,13.));
#2138 = DIRECTION('',(0.866025403784,0.,0.5));
#2139 = DIRECTION('',(0.5,-6.123233995737E-17,-0.866025403784));
#2140 = ADVANCED_FACE('',(#2141),#2160,.T.);
#2141 = FACE_BOUND('',#2142,.F.);
#2142 = EDGE_LOOP('',(#2143,#2144,#2145,#2154));
#2143 = ORIENTED_EDGE('',*,*,#1715,.T.);
#2144 = ORIENTED_EDGE('',*,*,#2121,.T.);
#2145 = ORIENTED_EDGE('',*,*,#2146,.F.);
#2146 = EDGE_CURVE('',#2147,#2122,#2149,.T.);
#2147 = VERTEX_POINT('',#2148);
#2148 = CARTESIAN_POINT('',(60.1,1.2,13.));
#2149 = CIRCLE('',#2150,1.2);
#2150 = AXIS2_PLACEMENT_3D('',#2151,#2152,#2153);
#2151 = CARTESIAN_POINT('',(60.1,2.4,13.));
#2152 = DIRECTION('',(-0.,0.,1.));
#2153 = DIRECTION('',(0.,-1.,0.));
#2154 = ORIENTED_EDGE('',*,*,#2155,.F.);
#2155 = EDGE_CURVE('',#1708,#2147,#2156,.T.);
#2156 = LINE('',#2157,#2158);
#2157 = CARTESIAN_POINT('',(60.1,1.2,13.));
#2158 = VECTOR('',#2159,1.);
#2159 = DIRECTION('',(-3.061616997868E-17,-0.5,-0.866025403784));
#2160 = CONICAL_SURFACE('',#2161,1.2,0.523598775598);
#2161 = AXIS2_PLACEMENT_3D('',#2162,#2163,#2164);
#2162 = CARTESIAN_POINT('',(60.1,2.4,13.));
#2163 = DIRECTION('',(0.,0.,-1.));
#2164 = DIRECTION('',(0.,-1.,0.));
#2165 = ADVANCED_FACE('',(#2166),#2184,.T.);
#2166 = FACE_BOUND('',#2167,.T.);
#2167 = EDGE_LOOP('',(#2168,#2169,#2177,#2183));
#2168 = ORIENTED_EDGE('',*,*,#1707,.F.);
#2169 = ORIENTED_EDGE('',*,*,#2170,.T.);
#2170 = EDGE_CURVE('',#1699,#2171,#2173,.T.);
#2171 = VERTEX_POINT('',#2172);
#2172 = CARTESIAN_POINT('',(18.4,1.2,13.));
#2173 = LINE('',#2174,#2175);
#2174 = CARTESIAN_POINT('',(18.4,1.2,13.));
#2175 = VECTOR('',#2176,1.);
#2176 = DIRECTION('',(6.123233995737E-17,-0.5,-0.866025403784));
#2177 = ORIENTED_EDGE('',*,*,#2178,.T.);
#2178 = EDGE_CURVE('',#2171,#2147,#2179,.T.);
#2179 = LINE('',#2180,#2181);
#2180 = CARTESIAN_POINT('',(16.,1.2,13.));
#2181 = VECTOR('',#2182,1.);
#2182 = DIRECTION('',(1.,-1.530808498934E-17,-2.651438096812E-17));
#2183 = ORIENTED_EDGE('',*,*,#2155,.F.);
#2184 = PLANE('',#2185);
#2185 = AXIS2_PLACEMENT_3D('',#2186,#2187,#2188);
#2186 = CARTESIAN_POINT('',(16.,1.2,13.));
#2187 = DIRECTION('',(0.,-0.866025403784,0.5));
#2188 = DIRECTION('',(-3.061616997868E-17,-0.5,-0.866025403784));
#2189 = ADVANCED_FACE('',(#2190),#2209,.F.);
#2190 = FACE_BOUND('',#2191,.F.);
#2191 = EDGE_LOOP('',(#2192,#2193,#2194,#2203));
#2192 = ORIENTED_EDGE('',*,*,#1698,.T.);
#2193 = ORIENTED_EDGE('',*,*,#2170,.T.);
#2194 = ORIENTED_EDGE('',*,*,#2195,.F.);
#2195 = EDGE_CURVE('',#2196,#2171,#2198,.T.);
#2196 = VERTEX_POINT('',#2197);
#2197 = CARTESIAN_POINT('',(14.8,-2.4,13.));
#2198 = CIRCLE('',#2199,3.6);
#2199 = AXIS2_PLACEMENT_3D('',#2200,#2201,#2202);
#2200 = CARTESIAN_POINT('',(18.4,-2.4,13.));
#2201 = DIRECTION('',(-0.,-0.,-1.));
#2202 = DIRECTION('',(0.,-1.,0.));
#2203 = ORIENTED_EDGE('',*,*,#2204,.F.);
#2204 = EDGE_CURVE('',#1691,#2196,#2205,.T.);
#2205 = LINE('',#2206,#2207);
#2206 = CARTESIAN_POINT('',(14.8,-2.4,13.));
#2207 = VECTOR('',#2208,1.);
#2208 = DIRECTION('',(0.5,-6.123233995737E-17,-0.866025403784));
#2209 = CONICAL_SURFACE('',#2210,3.6,0.523598775598);
#2210 = AXIS2_PLACEMENT_3D('',#2211,#2212,#2213);
#2211 = CARTESIAN_POINT('',(18.4,-2.4,13.));
#2212 = DIRECTION('',(0.,0.,1.));
#2213 = DIRECTION('',(0.,-1.,0.));
#2214 = ADVANCED_FACE('',(#2215),#2233,.T.);
#2215 = FACE_BOUND('',#2216,.T.);
#2216 = EDGE_LOOP('',(#2217,#2218,#2226,#2232));
#2217 = ORIENTED_EDGE('',*,*,#1690,.F.);
#2218 = ORIENTED_EDGE('',*,*,#2219,.T.);
#2219 = EDGE_CURVE('',#1682,#2220,#2222,.T.);
#2220 = VERTEX_POINT('',#2221);
#2221 = CARTESIAN_POINT('',(14.8,-27.6,13.));
#2222 = LINE('',#2223,#2224);
#2223 = CARTESIAN_POINT('',(14.8,-27.6,13.));
#2224 = VECTOR('',#2225,1.);
#2225 = DIRECTION('',(0.5,-3.061616997868E-17,-0.866025403784));
#2226 = ORIENTED_EDGE('',*,*,#2227,.T.);
#2227 = EDGE_CURVE('',#2220,#2196,#2228,.T.);
#2228 = LINE('',#2229,#2230);
#2229 = CARTESIAN_POINT('',(14.8,-30.,13.));
#2230 = VECTOR('',#2231,1.);
#2231 = DIRECTION('',(3.061616997868E-17,1.,-5.302876193625E-17));
#2232 = ORIENTED_EDGE('',*,*,#2204,.F.);
#2233 = PLANE('',#2234);
#2234 = AXIS2_PLACEMENT_3D('',#2235,#2236,#2237);
#2235 = CARTESIAN_POINT('',(14.8,-30.,13.));
#2236 = DIRECTION('',(0.866025403784,0.,0.5));
#2237 = DIRECTION('',(0.5,-6.123233995737E-17,-0.866025403784));
#2238 = ADVANCED_FACE('',(#2239),#2258,.T.);
#2239 = FACE_BOUND('',#2240,.F.);
#2240 = EDGE_LOOP('',(#2241,#2242,#2243,#2252));
#2241 = ORIENTED_EDGE('',*,*,#1681,.T.);
#2242 = ORIENTED_EDGE('',*,*,#2219,.T.);
#2243 = ORIENTED_EDGE('',*,*,#2244,.F.);
#2244 = EDGE_CURVE('',#2245,#2220,#2247,.T.);
#2245 = VERTEX_POINT('',#2246);
#2246 = CARTESIAN_POINT('',(13.6,-28.8,13.));
#2247 = CIRCLE('',#2248,1.2);
#2248 = AXIS2_PLACEMENT_3D('',#2249,#2250,#2251);
#2249 = CARTESIAN_POINT('',(13.6,-27.6,13.));
#2250 = DIRECTION('',(-0.,0.,1.));
#2251 = DIRECTION('',(0.,-1.,0.));
#2252 = ORIENTED_EDGE('',*,*,#2253,.F.);
#2253 = EDGE_CURVE('',#1674,#2245,#2254,.T.);
#2254 = LINE('',#2255,#2256);
#2255 = CARTESIAN_POINT('',(13.6,-28.8,13.));
#2256 = VECTOR('',#2257,1.);
#2257 = DIRECTION('',(-3.061616997868E-17,-0.5,-0.866025403784));
#2258 = CONICAL_SURFACE('',#2259,1.2,0.523598775598);
#2259 = AXIS2_PLACEMENT_3D('',#2260,#2261,#2262);
#2260 = CARTESIAN_POINT('',(13.6,-27.6,13.));
#2261 = DIRECTION('',(0.,0.,-1.));
#2262 = DIRECTION('',(0.,-1.,0.));
#2263 = ADVANCED_FACE('',(#2264),#2282,.T.);
#2264 = FACE_BOUND('',#2265,.T.);
#2265 = EDGE_LOOP('',(#2266,#2267,#2275,#2281));
#2266 = ORIENTED_EDGE('',*,*,#1673,.F.);
#2267 = ORIENTED_EDGE('',*,*,#2268,.T.);
#2268 = EDGE_CURVE('',#1665,#2269,#2271,.T.);
#2269 = VERTEX_POINT('',#2270);
#2270 = CARTESIAN_POINT('',(-13.6,-28.8,13.));
#2271 = LINE('',#2272,#2273);
#2272 = CARTESIAN_POINT('',(-13.6,-28.8,13.));
#2273 = VECTOR('',#2274,1.);
#2274 = DIRECTION('',(-1.224646799147E-16,-0.5,-0.866025403784));
#2275 = ORIENTED_EDGE('',*,*,#2276,.T.);
#2276 = EDGE_CURVE('',#2269,#2245,#2277,.T.);
#2277 = LINE('',#2278,#2279);
#2278 = CARTESIAN_POINT('',(-16.,-28.8,13.));
#2279 = VECTOR('',#2280,1.);
#2280 = DIRECTION('',(1.,-1.530808498934E-17,-2.651438096812E-17));
#2281 = ORIENTED_EDGE('',*,*,#2253,.F.);
#2282 = PLANE('',#2283);
#2283 = AXIS2_PLACEMENT_3D('',#2284,#2285,#2286);
#2284 = CARTESIAN_POINT('',(-16.,-28.8,13.));
#2285 = DIRECTION('',(0.,-0.866025403784,0.5));
#2286 = DIRECTION('',(-3.061616997868E-17,-0.5,-0.866025403784));
#2287 = ADVANCED_FACE('',(#2288),#2307,.T.);
#2288 = FACE_BOUND('',#2289,.F.);
#2289 = EDGE_LOOP('',(#2290,#2291,#2292,#2301));
#2290 = ORIENTED_EDGE('',*,*,#1664,.T.);
#2291 = ORIENTED_EDGE('',*,*,#2268,.T.);
#2292 = ORIENTED_EDGE('',*,*,#2293,.F.);
#2293 = EDGE_CURVE('',#2294,#2269,#2296,.T.);
#2294 = VERTEX_POINT('',#2295);
#2295 = CARTESIAN_POINT('',(-14.8,-27.6,13.));
#2296 = CIRCLE('',#2297,1.2);
#2297 = AXIS2_PLACEMENT_3D('',#2298,#2299,#2300);
#2298 = CARTESIAN_POINT('',(-13.6,-27.6,13.));
#2299 = DIRECTION('',(-0.,0.,1.));
#2300 = DIRECTION('',(0.,-1.,0.));
#2301 = ORIENTED_EDGE('',*,*,#2302,.F.);
#2302 = EDGE_CURVE('',#1657,#2294,#2303,.T.);
#2303 = LINE('',#2304,#2305);
#2304 = CARTESIAN_POINT('',(-14.8,-27.6,13.));
#2305 = VECTOR('',#2306,1.);
#2306 = DIRECTION('',(-0.5,0.,-0.866025403784));
#2307 = CONICAL_SURFACE('',#2308,1.2,0.523598775598);
#2308 = AXIS2_PLACEMENT_3D('',#2309,#2310,#2311);
#2309 = CARTESIAN_POINT('',(-13.6,-27.6,13.));
#2310 = DIRECTION('',(0.,0.,-1.));
#2311 = DIRECTION('',(0.,-1.,0.));
#2312 = ADVANCED_FACE('',(#2313),#2331,.T.);
#2313 = FACE_BOUND('',#2314,.T.);
#2314 = EDGE_LOOP('',(#2315,#2316,#2324,#2330));
#2315 = ORIENTED_EDGE('',*,*,#1656,.F.);
#2316 = ORIENTED_EDGE('',*,*,#2317,.T.);
#2317 = EDGE_CURVE('',#1648,#2318,#2320,.T.);
#2318 = VERTEX_POINT('',#2319);
#2319 = CARTESIAN_POINT('',(-14.8,-2.4,13.));
#2320 = LINE('',#2321,#2322);
#2321 = CARTESIAN_POINT('',(-14.8,-2.4,13.));
#2322 = VECTOR('',#2323,1.);
#2323 = DIRECTION('',(-0.5,-9.184850993605E-17,-0.866025403784));
#2324 = ORIENTED_EDGE('',*,*,#2325,.T.);
#2325 = EDGE_CURVE('',#2318,#2294,#2326,.T.);
#2326 = LINE('',#2327,#2328);
#2327 = CARTESIAN_POINT('',(-14.8,0.,13.));
#2328 = VECTOR('',#2329,1.);
#2329 = DIRECTION('',(0.,-1.,0.));
#2330 = ORIENTED_EDGE('',*,*,#2302,.F.);
#2331 = PLANE('',#2332);
#2332 = AXIS2_PLACEMENT_3D('',#2333,#2334,#2335);
#2333 = CARTESIAN_POINT('',(-14.8,0.,13.));
#2334 = DIRECTION('',(-0.866025403784,0.,0.5));
#2335 = DIRECTION('',(-0.5,0.,-0.866025403784));
#2336 = ADVANCED_FACE('',(#2337),#2356,.F.);
#2337 = FACE_BOUND('',#2338,.F.);
#2338 = EDGE_LOOP('',(#2339,#2340,#2341,#2350));
#2339 = ORIENTED_EDGE('',*,*,#1647,.T.);
#2340 = ORIENTED_EDGE('',*,*,#2317,.T.);
#2341 = ORIENTED_EDGE('',*,*,#2342,.F.);
#2342 = EDGE_CURVE('',#2343,#2318,#2345,.T.);
#2343 = VERTEX_POINT('',#2344);
#2344 = CARTESIAN_POINT('',(-18.4,1.2,13.));
#2345 = CIRCLE('',#2346,3.6);
#2346 = AXIS2_PLACEMENT_3D('',#2347,#2348,#2349);
#2347 = CARTESIAN_POINT('',(-18.4,-2.4,13.));
#2348 = DIRECTION('',(-0.,-0.,-1.));
#2349 = DIRECTION('',(0.,-1.,0.));
#2350 = ORIENTED_EDGE('',*,*,#2351,.F.);
#2351 = EDGE_CURVE('',#1640,#2343,#2352,.T.);
#2352 = LINE('',#2353,#2354);
#2353 = CARTESIAN_POINT('',(-18.4,1.2,13.));
#2354 = VECTOR('',#2355,1.);
#2355 = DIRECTION('',(-3.061616997868E-17,-0.5,-0.866025403784));
#2356 = CONICAL_SURFACE('',#2357,3.6,0.523598775598);
#2357 = AXIS2_PLACEMENT_3D('',#2358,#2359,#2360);
#2358 = CARTESIAN_POINT('',(-18.4,-2.4,13.));
#2359 = DIRECTION('',(0.,0.,1.));
#2360 = DIRECTION('',(0.,-1.,0.));
#2361 = ADVANCED_FACE('',(#2362),#2380,.T.);
#2362 = FACE_BOUND('',#2363,.T.);
#2363 = EDGE_LOOP('',(#2364,#2365,#2373,#2379));
#2364 = ORIENTED_EDGE('',*,*,#1639,.F.);
#2365 = ORIENTED_EDGE('',*,*,#2366,.T.);
#2366 = EDGE_CURVE('',#1631,#2367,#2369,.T.);
#2367 = VERTEX_POINT('',#2368);
#2368 = CARTESIAN_POINT('',(-60.1,1.2,13.));
#2369 = LINE('',#2370,#2371);
#2370 = CARTESIAN_POINT('',(-60.1,1.2,13.));
#2371 = VECTOR('',#2372,1.);
#2372 = DIRECTION('',(-1.224646799147E-16,-0.5,-0.866025403784));
#2373 = ORIENTED_EDGE('',*,*,#2374,.T.);
#2374 = EDGE_CURVE('',#2367,#2343,#2375,.T.);
#2375 = LINE('',#2376,#2377);
#2376 = CARTESIAN_POINT('',(-62.5,1.2,13.));
#2377 = VECTOR('',#2378,1.);
#2378 = DIRECTION('',(1.,-1.530808498934E-17,-2.651438096812E-17));
#2379 = ORIENTED_EDGE('',*,*,#2351,.F.);
#2380 = PLANE('',#2381);
#2381 = AXIS2_PLACEMENT_3D('',#2382,#2383,#2384);
#2382 = CARTESIAN_POINT('',(-62.5,1.2,13.));
#2383 = DIRECTION('',(0.,-0.866025403784,0.5));
#2384 = DIRECTION('',(-3.061616997868E-17,-0.5,-0.866025403784));
#2385 = ADVANCED_FACE('',(#2386),#2405,.T.);
#2386 = FACE_BOUND('',#2387,.F.);
#2387 = EDGE_LOOP('',(#2388,#2389,#2390,#2399));
#2388 = ORIENTED_EDGE('',*,*,#1630,.T.);
#2389 = ORIENTED_EDGE('',*,*,#2366,.T.);
#2390 = ORIENTED_EDGE('',*,*,#2391,.F.);
#2391 = EDGE_CURVE('',#2392,#2367,#2394,.T.);
#2392 = VERTEX_POINT('',#2393);
#2393 = CARTESIAN_POINT('',(-61.3,2.4,13.));
#2394 = CIRCLE('',#2395,1.2);
#2395 = AXIS2_PLACEMENT_3D('',#2396,#2397,#2398);
#2396 = CARTESIAN_POINT('',(-60.1,2.4,13.));
#2397 = DIRECTION('',(-0.,0.,1.));
#2398 = DIRECTION('',(0.,-1.,0.));
#2399 = ORIENTED_EDGE('',*,*,#2400,.F.);
#2400 = EDGE_CURVE('',#1623,#2392,#2401,.T.);
#2401 = LINE('',#2402,#2403);
#2402 = CARTESIAN_POINT('',(-61.3,2.4,13.));
#2403 = VECTOR('',#2404,1.);
#2404 = DIRECTION('',(-0.5,0.,-0.866025403784));
#2405 = CONICAL_SURFACE('',#2406,1.2,0.523598775598);
#2406 = AXIS2_PLACEMENT_3D('',#2407,#2408,#2409);
#2407 = CARTESIAN_POINT('',(-60.1,2.4,13.));
#2408 = DIRECTION('',(0.,0.,-1.));
#2409 = DIRECTION('',(0.,-1.,0.));
#2410 = ADVANCED_FACE('',(#2411),#2422,.T.);
#2411 = FACE_BOUND('',#2412,.T.);
#2412 = EDGE_LOOP('',(#2413,#2414,#2415,#2421));
#2413 = ORIENTED_EDGE('',*,*,#1622,.F.);
#2414 = ORIENTED_EDGE('',*,*,#2040,.T.);
#2415 = ORIENTED_EDGE('',*,*,#2416,.T.);
#2416 = EDGE_CURVE('',#2041,#2392,#2417,.T.);
#2417 = LINE('',#2418,#2419);
#2418 = CARTESIAN_POINT('',(-61.3,30.,13.));
#2419 = VECTOR('',#2420,1.);
#2420 = DIRECTION('',(0.,-1.,0.));
#2421 = ORIENTED_EDGE('',*,*,#2400,.F.);
#2422 = PLANE('',#2423);
#2423 = AXIS2_PLACEMENT_3D('',#2424,#2425,#2426);
#2424 = CARTESIAN_POINT('',(-61.3,30.,13.));
#2425 = DIRECTION('',(-0.866025403784,0.,0.5));
#2426 = DIRECTION('',(-0.5,0.,-0.866025403784));
#2427 = ADVANCED_FACE('',(#2428,#2462),#2472,.T.);
#2428 = FACE_BOUND('',#2429,.T.);
#2429 = EDGE_LOOP('',(#2430,#2440,#2448,#2456));
#2430 = ORIENTED_EDGE('',*,*,#2431,.T.);
#2431 = EDGE_CURVE('',#2432,#2434,#2436,.T.);
#2432 = VERTEX_POINT('',#2433);
#2433 = CARTESIAN_POINT('',(-60.1,30.,1.));
#2434 = VERTEX_POINT('',#2435);
#2435 = CARTESIAN_POINT('',(-60.1,30.,10.));
#2436 = LINE('',#2437,#2438);
#2437 = CARTESIAN_POINT('',(-60.1,30.,0.));
#2438 = VECTOR('',#2439,1.);
#2439 = DIRECTION('',(0.,0.,1.));
#2440 = ORIENTED_EDGE('',*,*,#2441,.F.);
#2441 = EDGE_CURVE('',#2442,#2434,#2444,.T.);
#2442 = VERTEX_POINT('',#2443);
#2443 = CARTESIAN_POINT('',(60.1,30.,10.));
#2444 = LINE('',#2445,#2446);
#2445 = CARTESIAN_POINT('',(62.5,30.,10.));
#2446 = VECTOR('',#2447,1.);
#2447 = DIRECTION('',(-1.,0.,0.));
#2448 = ORIENTED_EDGE('',*,*,#2449,.F.);
#2449 = EDGE_CURVE('',#2450,#2442,#2452,.T.);
#2450 = VERTEX_POINT('',#2451);
#2451 = CARTESIAN_POINT('',(60.1,30.,1.));
#2452 = LINE('',#2453,#2454);
#2453 = CARTESIAN_POINT('',(60.1,30.,0.));
#2454 = VECTOR('',#2455,1.);
#2455 = DIRECTION('',(0.,0.,1.));
#2456 = ORIENTED_EDGE('',*,*,#2457,.T.);
#2457 = EDGE_CURVE('',#2450,#2432,#2458,.T.);
#2458 = LINE('',#2459,#2460);
#2459 = CARTESIAN_POINT('',(60.1,30.,1.));
#2460 = VECTOR('',#2461,1.);
#2461 = DIRECTION('',(-1.,0.,0.));
#2462 = FACE_BOUND('',#2463,.T.);
#2463 = EDGE_LOOP('',(#2464,#2465,#2466,#2467,#2468,#2469,#2470,#2471));
#2464 = ORIENTED_EDGE('',*,*,#1952,.F.);
#2465 = ORIENTED_EDGE('',*,*,#1927,.F.);
#2466 = ORIENTED_EDGE('',*,*,#1903,.F.);
#2467 = ORIENTED_EDGE('',*,*,#1878,.F.);
#2468 = ORIENTED_EDGE('',*,*,#1854,.F.);
#2469 = ORIENTED_EDGE('',*,*,#1829,.F.);
#2470 = ORIENTED_EDGE('',*,*,#1805,.F.);
#2471 = ORIENTED_EDGE('',*,*,#1773,.F.);
#2472 = PLANE('',#2473);
#2473 = AXIS2_PLACEMENT_3D('',#2474,#2475,#2476);
#2474 = CARTESIAN_POINT('',(0.,30.,7.));
#2475 = DIRECTION('',(0.,1.,0.));
#2476 = DIRECTION('',(0.,0.,1.));
#2477 = ADVANCED_FACE('',(#2478),#2497,.T.);
#2478 = FACE_BOUND('',#2479,.T.);
#2479 = EDGE_LOOP('',(#2480,#2488,#2489,#2490));
#2480 = ORIENTED_EDGE('',*,*,#2481,.F.);
#2481 = EDGE_CURVE('',#1970,#2482,#2484,.T.);
#2482 = VERTEX_POINT('',#2483);
#2483 = CARTESIAN_POINT('',(6.347346038583,25.5,8.4));
#2484 = LINE('',#2485,#2486);
#2485 = CARTESIAN_POINT('',(6.7,25.5,6.4));
#2486 = VECTOR('',#2487,1.);
#2487 = DIRECTION('',(-0.173648177667,0.,0.984807753012));
#2488 = ORIENTED_EDGE('',*,*,#1977,.T.);
#2489 = ORIENTED_EDGE('',*,*,#2481,.T.);
#2490 = ORIENTED_EDGE('',*,*,#2491,.F.);
#2491 = EDGE_CURVE('',#2482,#2482,#2492,.T.);
#2492 = CIRCLE('',#2493,0.647346038583);
#2493 = AXIS2_PLACEMENT_3D('',#2494,#2495,#2496);
#2494 = CARTESIAN_POINT('',(5.7,25.5,8.4));
#2495 = DIRECTION('',(0.,0.,1.));
#2496 = DIRECTION('',(1.,0.,0.));
#2497 = CONICAL_SURFACE('',#2498,1.,0.174532925199);
#2498 = AXIS2_PLACEMENT_3D('',#2499,#2500,#2501);
#2499 = CARTESIAN_POINT('',(5.7,25.5,6.4));
#2500 = DIRECTION('',(-0.,-0.,-1.));
#2501 = DIRECTION('',(1.,0.,0.));
#2502 = ADVANCED_FACE('',(#2503),#2522,.T.);
#2503 = FACE_BOUND('',#2504,.F.);
#2504 = EDGE_LOOP('',(#2505,#2513,#2520,#2521));
#2505 = ORIENTED_EDGE('',*,*,#2506,.T.);
#2506 = EDGE_CURVE('',#1998,#2507,#2509,.T.);
#2507 = VERTEX_POINT('',#2508);
#2508 = CARTESIAN_POINT('',(6.7,-21.5,6.4));
#2509 = LINE('',#2510,#2511);
#2510 = CARTESIAN_POINT('',(6.7,-21.5,4.4));
#2511 = VECTOR('',#2512,1.);
#2512 = DIRECTION('',(0.,0.,1.));
#2513 = ORIENTED_EDGE('',*,*,#2514,.T.);
#2514 = EDGE_CURVE('',#2507,#2507,#2515,.T.);
#2515 = CIRCLE('',#2516,1.);
#2516 = AXIS2_PLACEMENT_3D('',#2517,#2518,#2519);
#2517 = CARTESIAN_POINT('',(5.7,-21.5,6.4));
#2518 = DIRECTION('',(0.,0.,1.));
#2519 = DIRECTION('',(1.,0.,0.));
#2520 = ORIENTED_EDGE('',*,*,#2506,.F.);
#2521 = ORIENTED_EDGE('',*,*,#1997,.F.);
#2522 = CYLINDRICAL_SURFACE('',#2523,1.);
#2523 = AXIS2_PLACEMENT_3D('',#2524,#2525,#2526);
#2524 = CARTESIAN_POINT('',(5.7,-21.5,4.4));
#2525 = DIRECTION('',(-0.,-0.,-1.));
#2526 = DIRECTION('',(1.,0.,0.));
#2527 = ADVANCED_FACE('',(#2528),#2531,.T.);
#2528 = FACE_BOUND('',#2529,.T.);
#2529 = EDGE_LOOP('',(#2530));
#2530 = ORIENTED_EDGE('',*,*,#2024,.T.);
#2531 = PLANE('',#2532);
#2532 = AXIS2_PLACEMENT_3D('',#2533,#2534,#2535);
#2533 = CARTESIAN_POINT('',(-1.281975124256E-16,2.,8.4));
#2534 = DIRECTION('',(0.,0.,1.));
#2535 = DIRECTION('',(1.,0.,0.));
#2536 = ADVANCED_FACE('',(#2537),#2563,.T.);
#2537 = FACE_BOUND('',#2538,.F.);
#2538 = EDGE_LOOP('',(#2539,#2550,#2556,#2557));
#2539 = ORIENTED_EDGE('',*,*,#2540,.F.);
#2540 = EDGE_CURVE('',#2541,#2543,#2545,.T.);
#2541 = VERTEX_POINT('',#2542);
#2542 = CARTESIAN_POINT('',(-60.1,28.8,10.));
#2543 = VERTEX_POINT('',#2544);
#2544 = CARTESIAN_POINT('',(-61.3,27.6,10.));
#2545 = CIRCLE('',#2546,1.2);
#2546 = AXIS2_PLACEMENT_3D('',#2547,#2548,#2549);
#2547 = CARTESIAN_POINT('',(-60.1,27.6,10.));
#2548 = DIRECTION('',(0.,0.,1.));
#2549 = DIRECTION('',(-5.921189464668E-15,-1.,0.));
#2550 = ORIENTED_EDGE('',*,*,#2551,.F.);
#2551 = EDGE_CURVE('',#2049,#2541,#2552,.T.);
#2552 = LINE('',#2553,#2554);
#2553 = CARTESIAN_POINT('',(-60.1,28.8,10.8));
#2554 = VECTOR('',#2555,1.);
#2555 = DIRECTION('',(0.,0.,-1.));
#2556 = ORIENTED_EDGE('',*,*,#2048,.T.);
#2557 = ORIENTED_EDGE('',*,*,#2558,.T.);
#2558 = EDGE_CURVE('',#2041,#2543,#2559,.T.);
#2559 = LINE('',#2560,#2561);
#2560 = CARTESIAN_POINT('',(-61.3,27.6,12.5));
#2561 = VECTOR('',#2562,1.);
#2562 = DIRECTION('',(0.,0.,-1.));
#2563 = CYLINDRICAL_SURFACE('',#2564,1.2);
#2564 = AXIS2_PLACEMENT_3D('',#2565,#2566,#2567);
#2565 = CARTESIAN_POINT('',(-60.1,27.6,10.8));
#2566 = DIRECTION('',(0.,0.,-1.));
#2567 = DIRECTION('',(-5.921189464668E-15,-1.,0.));
#2568 = ADVANCED_FACE('',(#2569),#2683,.T.);
#2569 = FACE_BOUND('',#2570,.T.);
#2570 = EDGE_LOOP('',(#2571,#2572,#2580,#2588,#2596,#2604,#2612,#2620,
    #2628,#2636,#2644,#2652,#2660,#2668,#2676,#2682));
#2571 = ORIENTED_EDGE('',*,*,#2080,.F.);
#2572 = ORIENTED_EDGE('',*,*,#2573,.T.);
#2573 = EDGE_CURVE('',#2073,#2574,#2576,.T.);
#2574 = VERTEX_POINT('',#2575);
#2575 = CARTESIAN_POINT('',(60.1,28.8,10.));
#2576 = LINE('',#2577,#2578);
#2577 = CARTESIAN_POINT('',(60.1,28.8,12.5));
#2578 = VECTOR('',#2579,1.);
#2579 = DIRECTION('',(0.,0.,-1.));
#2580 = ORIENTED_EDGE('',*,*,#2581,.T.);
#2581 = EDGE_CURVE('',#2574,#2582,#2584,.T.);
#2582 = VERTEX_POINT('',#2583);
#2583 = CARTESIAN_POINT('',(50.,28.8,10.));
#2584 = LINE('',#2585,#2586);
#2585 = CARTESIAN_POINT('',(62.5,28.8,10.));
#2586 = VECTOR('',#2587,1.);
#2587 = DIRECTION('',(-1.,0.,0.));
#2588 = ORIENTED_EDGE('',*,*,#2589,.F.);
#2589 = EDGE_CURVE('',#2590,#2582,#2592,.T.);
#2590 = VERTEX_POINT('',#2591);
#2591 = CARTESIAN_POINT('',(50.,28.8,12.5));
#2592 = LINE('',#2593,#2594);
#2593 = CARTESIAN_POINT('',(50.,28.8,10.8));
#2594 = VECTOR('',#2595,1.);
#2595 = DIRECTION('',(0.,0.,-1.));
#2596 = ORIENTED_EDGE('',*,*,#2597,.T.);
#2597 = EDGE_CURVE('',#2590,#2598,#2600,.T.);
#2598 = VERTEX_POINT('',#2599);
#2599 = CARTESIAN_POINT('',(40.,28.8,12.5));
#2600 = LINE('',#2601,#2602);
#2601 = CARTESIAN_POINT('',(50.,28.8,12.5));
#2602 = VECTOR('',#2603,1.);
#2603 = DIRECTION('',(-1.,0.,0.));
#2604 = ORIENTED_EDGE('',*,*,#2605,.F.);
#2605 = EDGE_CURVE('',#2606,#2598,#2608,.T.);
#2606 = VERTEX_POINT('',#2607);
#2607 = CARTESIAN_POINT('',(40.,28.8,10.));
#2608 = LINE('',#2609,#2610);
#2609 = CARTESIAN_POINT('',(40.,28.8,12.4));
#2610 = VECTOR('',#2611,1.);
#2611 = DIRECTION('',(0.,0.,1.));
#2612 = ORIENTED_EDGE('',*,*,#2613,.T.);
#2613 = EDGE_CURVE('',#2606,#2614,#2616,.T.);
#2614 = VERTEX_POINT('',#2615);
#2615 = CARTESIAN_POINT('',(5.,28.8,10.));
#2616 = LINE('',#2617,#2618);
#2617 = CARTESIAN_POINT('',(62.5,28.8,10.));
#2618 = VECTOR('',#2619,1.);
#2619 = DIRECTION('',(-1.,0.,0.));
#2620 = ORIENTED_EDGE('',*,*,#2621,.F.);
#2621 = EDGE_CURVE('',#2622,#2614,#2624,.T.);
#2622 = VERTEX_POINT('',#2623);
#2623 = CARTESIAN_POINT('',(5.,28.8,12.5));
#2624 = LINE('',#2625,#2626);
#2625 = CARTESIAN_POINT('',(5.,28.8,10.8));
#2626 = VECTOR('',#2627,1.);
#2627 = DIRECTION('',(0.,0.,-1.));
#2628 = ORIENTED_EDGE('',*,*,#2629,.T.);
#2629 = EDGE_CURVE('',#2622,#2630,#2632,.T.);
#2630 = VERTEX_POINT('',#2631);
#2631 = CARTESIAN_POINT('',(-5.,28.8,12.5));
#2632 = LINE('',#2633,#2634);
#2633 = CARTESIAN_POINT('',(5.,28.8,12.5));
#2634 = VECTOR('',#2635,1.);
#2635 = DIRECTION('',(-1.,0.,0.));
#2636 = ORIENTED_EDGE('',*,*,#2637,.F.);
#2637 = EDGE_CURVE('',#2638,#2630,#2640,.T.);
#2638 = VERTEX_POINT('',#2639);
#2639 = CARTESIAN_POINT('',(-5.,28.8,10.));
#2640 = LINE('',#2641,#2642);
#2641 = CARTESIAN_POINT('',(-5.,28.8,12.4));
#2642 = VECTOR('',#2643,1.);
#2643 = DIRECTION('',(0.,0.,1.));
#2644 = ORIENTED_EDGE('',*,*,#2645,.T.);
#2645 = EDGE_CURVE('',#2638,#2646,#2648,.T.);
#2646 = VERTEX_POINT('',#2647);
#2647 = CARTESIAN_POINT('',(-40.,28.8,10.));
#2648 = LINE('',#2649,#2650);
#2649 = CARTESIAN_POINT('',(62.5,28.8,10.));
#2650 = VECTOR('',#2651,1.);
#2651 = DIRECTION('',(-1.,0.,0.));
#2652 = ORIENTED_EDGE('',*,*,#2653,.T.);
#2653 = EDGE_CURVE('',#2646,#2654,#2656,.T.);
#2654 = VERTEX_POINT('',#2655);
#2655 = CARTESIAN_POINT('',(-40.,28.8,12.5));
#2656 = LINE('',#2657,#2658);
#2657 = CARTESIAN_POINT('',(-40.,28.8,12.4));
#2658 = VECTOR('',#2659,1.);
#2659 = DIRECTION('',(-2.22044604925E-16,2.465190328816E-32,1.));
#2660 = ORIENTED_EDGE('',*,*,#2661,.F.);
#2661 = EDGE_CURVE('',#2662,#2654,#2664,.T.);
#2662 = VERTEX_POINT('',#2663);
#2663 = CARTESIAN_POINT('',(-50.,28.8,12.5));
#2664 = LINE('',#2665,#2666);
#2665 = CARTESIAN_POINT('',(-50.,28.8,12.5));
#2666 = VECTOR('',#2667,1.);
#2667 = DIRECTION('',(1.,-2.22044604925E-16,2.22044604925E-16));
#2668 = ORIENTED_EDGE('',*,*,#2669,.T.);
#2669 = EDGE_CURVE('',#2662,#2670,#2672,.T.);
#2670 = VERTEX_POINT('',#2671);
#2671 = CARTESIAN_POINT('',(-50.,28.8,10.));
#2672 = LINE('',#2673,#2674);
#2673 = CARTESIAN_POINT('',(-50.,28.8,10.8));
#2674 = VECTOR('',#2675,1.);
#2675 = DIRECTION('',(2.22044604925E-16,-2.465190328816E-32,-1.));
#2676 = ORIENTED_EDGE('',*,*,#2677,.T.);
#2677 = EDGE_CURVE('',#2670,#2541,#2678,.T.);
#2678 = LINE('',#2679,#2680);
#2679 = CARTESIAN_POINT('',(62.5,28.8,10.));
#2680 = VECTOR('',#2681,1.);
#2681 = DIRECTION('',(-1.,0.,0.));
#2682 = ORIENTED_EDGE('',*,*,#2551,.F.);
#2683 = PLANE('',#2684);
#2684 = AXIS2_PLACEMENT_3D('',#2685,#2686,#2687);
#2685 = CARTESIAN_POINT('',(2.595326551072E-15,28.8,11.5));
#2686 = DIRECTION('',(0.,1.,0.));
#2687 = DIRECTION('',(0.,0.,1.));
#2688 = ADVANCED_FACE('',(#2689),#2708,.T.);
#2689 = FACE_BOUND('',#2690,.F.);
#2690 = EDGE_LOOP('',(#2691,#2700,#2706,#2707));
#2691 = ORIENTED_EDGE('',*,*,#2692,.F.);
#2692 = EDGE_CURVE('',#2693,#2574,#2695,.T.);
#2693 = VERTEX_POINT('',#2694);
#2694 = CARTESIAN_POINT('',(61.3,27.6,10.));
#2695 = CIRCLE('',#2696,1.2);
#2696 = AXIS2_PLACEMENT_3D('',#2697,#2698,#2699);
#2697 = CARTESIAN_POINT('',(60.1,27.6,10.));
#2698 = DIRECTION('',(-0.,0.,1.));
#2699 = DIRECTION('',(0.,-1.,0.));
#2700 = ORIENTED_EDGE('',*,*,#2701,.F.);
#2701 = EDGE_CURVE('',#2098,#2693,#2702,.T.);
#2702 = LINE('',#2703,#2704);
#2703 = CARTESIAN_POINT('',(61.3,27.6,10.8));
#2704 = VECTOR('',#2705,1.);
#2705 = DIRECTION('',(0.,0.,-1.));
#2706 = ORIENTED_EDGE('',*,*,#2097,.T.);
#2707 = ORIENTED_EDGE('',*,*,#2573,.T.);
#2708 = CYLINDRICAL_SURFACE('',#2709,1.2);
#2709 = AXIS2_PLACEMENT_3D('',#2710,#2711,#2712);
#2710 = CARTESIAN_POINT('',(60.1,27.6,10.8));
#2711 = DIRECTION('',(0.,0.,-1.));
#2712 = DIRECTION('',(0.,-1.,0.));
#2713 = ADVANCED_FACE('',(#2714),#2732,.T.);
#2714 = FACE_BOUND('',#2715,.T.);
#2715 = EDGE_LOOP('',(#2716,#2724,#2725,#2726));
#2716 = ORIENTED_EDGE('',*,*,#2717,.T.);
#2717 = EDGE_CURVE('',#2718,#2693,#2720,.T.);
#2718 = VERTEX_POINT('',#2719);
#2719 = CARTESIAN_POINT('',(61.3,2.4,10.));
#2720 = LINE('',#2721,#2722);
#2721 = CARTESIAN_POINT('',(61.3,1.469576158977E-16,10.));
#2722 = VECTOR('',#2723,1.);
#2723 = DIRECTION('',(0.,1.,0.));
#2724 = ORIENTED_EDGE('',*,*,#2701,.F.);
#2725 = ORIENTED_EDGE('',*,*,#2129,.F.);
#2726 = ORIENTED_EDGE('',*,*,#2727,.T.);
#2727 = EDGE_CURVE('',#2122,#2718,#2728,.T.);
#2728 = LINE('',#2729,#2730);
#2729 = CARTESIAN_POINT('',(61.3,2.4,12.5));
#2730 = VECTOR('',#2731,1.);
#2731 = DIRECTION('',(0.,0.,-1.));
#2732 = PLANE('',#2733);
#2733 = AXIS2_PLACEMENT_3D('',#2734,#2735,#2736);
#2734 = CARTESIAN_POINT('',(61.3,15.,11.5));
#2735 = DIRECTION('',(1.,0.,0.));
#2736 = DIRECTION('',(0.,0.,1.));
#2737 = ADVANCED_FACE('',(#2738),#2757,.T.);
#2738 = FACE_BOUND('',#2739,.F.);
#2739 = EDGE_LOOP('',(#2740,#2749,#2755,#2756));
#2740 = ORIENTED_EDGE('',*,*,#2741,.F.);
#2741 = EDGE_CURVE('',#2742,#2718,#2744,.T.);
#2742 = VERTEX_POINT('',#2743);
#2743 = CARTESIAN_POINT('',(60.1,1.2,10.));
#2744 = CIRCLE('',#2745,1.2);
#2745 = AXIS2_PLACEMENT_3D('',#2746,#2747,#2748);
#2746 = CARTESIAN_POINT('',(60.1,2.4,10.));
#2747 = DIRECTION('',(-0.,0.,1.));
#2748 = DIRECTION('',(0.,-1.,0.));
#2749 = ORIENTED_EDGE('',*,*,#2750,.F.);
#2750 = EDGE_CURVE('',#2147,#2742,#2751,.T.);
#2751 = LINE('',#2752,#2753);
#2752 = CARTESIAN_POINT('',(60.1,1.2,10.8));
#2753 = VECTOR('',#2754,1.);
#2754 = DIRECTION('',(0.,0.,-1.));
#2755 = ORIENTED_EDGE('',*,*,#2146,.T.);
#2756 = ORIENTED_EDGE('',*,*,#2727,.T.);
#2757 = CYLINDRICAL_SURFACE('',#2758,1.2);
#2758 = AXIS2_PLACEMENT_3D('',#2759,#2760,#2761);
#2759 = CARTESIAN_POINT('',(60.1,2.4,10.8));
#2760 = DIRECTION('',(0.,0.,-1.));
#2761 = DIRECTION('',(0.,-1.,0.));
#2762 = ADVANCED_FACE('',(#2763),#2813,.T.);
#2763 = FACE_BOUND('',#2764,.T.);
#2764 = EDGE_LOOP('',(#2765,#2773,#2781,#2789,#2797,#2805,#2811,#2812));
#2765 = ORIENTED_EDGE('',*,*,#2766,.T.);
#2766 = EDGE_CURVE('',#2171,#2767,#2769,.T.);
#2767 = VERTEX_POINT('',#2768);
#2768 = CARTESIAN_POINT('',(18.4,1.2,10.));
#2769 = LINE('',#2770,#2771);
#2770 = CARTESIAN_POINT('',(18.4,1.2,12.5));
#2771 = VECTOR('',#2772,1.);
#2772 = DIRECTION('',(-0.,-0.,-1.));
#2773 = ORIENTED_EDGE('',*,*,#2774,.T.);
#2774 = EDGE_CURVE('',#2767,#2775,#2777,.T.);
#2775 = VERTEX_POINT('',#2776);
#2776 = CARTESIAN_POINT('',(40.,1.2,10.));
#2777 = LINE('',#2778,#2779);
#2778 = CARTESIAN_POINT('',(16.,1.2,10.));
#2779 = VECTOR('',#2780,1.);
#2780 = DIRECTION('',(1.,0.,0.));
#2781 = ORIENTED_EDGE('',*,*,#2782,.T.);
#2782 = EDGE_CURVE('',#2775,#2783,#2785,.T.);
#2783 = VERTEX_POINT('',#2784);
#2784 = CARTESIAN_POINT('',(40.,1.2,12.5));
#2785 = LINE('',#2786,#2787);
#2786 = CARTESIAN_POINT('',(40.,1.2,12.4));
#2787 = VECTOR('',#2788,1.);
#2788 = DIRECTION('',(0.,4.440892098501E-16,1.));
#2789 = ORIENTED_EDGE('',*,*,#2790,.F.);
#2790 = EDGE_CURVE('',#2791,#2783,#2793,.T.);
#2791 = VERTEX_POINT('',#2792);
#2792 = CARTESIAN_POINT('',(50.,1.2,12.5));
#2793 = LINE('',#2794,#2795);
#2794 = CARTESIAN_POINT('',(50.,1.2,12.5));
#2795 = VECTOR('',#2796,1.);
#2796 = DIRECTION('',(-1.,0.,0.));
#2797 = ORIENTED_EDGE('',*,*,#2798,.T.);
#2798 = EDGE_CURVE('',#2791,#2799,#2801,.T.);
#2799 = VERTEX_POINT('',#2800);
#2800 = CARTESIAN_POINT('',(50.,1.2,10.));
#2801 = LINE('',#2802,#2803);
#2802 = CARTESIAN_POINT('',(50.,1.2,10.8));
#2803 = VECTOR('',#2804,1.);
#2804 = DIRECTION('',(-0.,-4.440892098501E-16,-1.));
#2805 = ORIENTED_EDGE('',*,*,#2806,.T.);
#2806 = EDGE_CURVE('',#2799,#2742,#2807,.T.);
#2807 = LINE('',#2808,#2809);
#2808 = CARTESIAN_POINT('',(16.,1.2,10.));
#2809 = VECTOR('',#2810,1.);
#2810 = DIRECTION('',(1.,0.,0.));
#2811 = ORIENTED_EDGE('',*,*,#2750,.F.);
#2812 = ORIENTED_EDGE('',*,*,#2178,.F.);
#2813 = PLANE('',#2814);
#2814 = AXIS2_PLACEMENT_3D('',#2815,#2816,#2817);
#2815 = CARTESIAN_POINT('',(39.25,1.2,11.5));
#2816 = DIRECTION('',(-0.,-1.,-0.));
#2817 = DIRECTION('',(0.,0.,-1.));
#2818 = ADVANCED_FACE('',(#2819),#2838,.F.);
#2819 = FACE_BOUND('',#2820,.F.);
#2820 = EDGE_LOOP('',(#2821,#2830,#2836,#2837));
#2821 = ORIENTED_EDGE('',*,*,#2822,.F.);
#2822 = EDGE_CURVE('',#2823,#2767,#2825,.T.);
#2823 = VERTEX_POINT('',#2824);
#2824 = CARTESIAN_POINT('',(14.8,-2.4,10.));
#2825 = CIRCLE('',#2826,3.6);
#2826 = AXIS2_PLACEMENT_3D('',#2827,#2828,#2829);
#2827 = CARTESIAN_POINT('',(18.4,-2.4,10.));
#2828 = DIRECTION('',(-0.,-0.,-1.));
#2829 = DIRECTION('',(0.,-1.,0.));
#2830 = ORIENTED_EDGE('',*,*,#2831,.F.);
#2831 = EDGE_CURVE('',#2196,#2823,#2832,.T.);
#2832 = LINE('',#2833,#2834);
#2833 = CARTESIAN_POINT('',(14.8,-2.4,10.8));
#2834 = VECTOR('',#2835,1.);
#2835 = DIRECTION('',(0.,0.,-1.));
#2836 = ORIENTED_EDGE('',*,*,#2195,.T.);
#2837 = ORIENTED_EDGE('',*,*,#2766,.T.);
#2838 = CYLINDRICAL_SURFACE('',#2839,3.6);
#2839 = AXIS2_PLACEMENT_3D('',#2840,#2841,#2842);
#2840 = CARTESIAN_POINT('',(18.4,-2.4,10.8));
#2841 = DIRECTION('',(-0.,-0.,-1.));
#2842 = DIRECTION('',(0.,-1.,0.));
#2843 = ADVANCED_FACE('',(#2844),#2862,.T.);
#2844 = FACE_BOUND('',#2845,.T.);
#2845 = EDGE_LOOP('',(#2846,#2854,#2855,#2856));
#2846 = ORIENTED_EDGE('',*,*,#2847,.T.);
#2847 = EDGE_CURVE('',#2848,#2823,#2850,.T.);
#2848 = VERTEX_POINT('',#2849);
#2849 = CARTESIAN_POINT('',(14.8,-27.6,10.));
#2850 = LINE('',#2851,#2852);
#2851 = CARTESIAN_POINT('',(14.8,-30.,10.));
#2852 = VECTOR('',#2853,1.);
#2853 = DIRECTION('',(0.,1.,0.));
#2854 = ORIENTED_EDGE('',*,*,#2831,.F.);
#2855 = ORIENTED_EDGE('',*,*,#2227,.F.);
#2856 = ORIENTED_EDGE('',*,*,#2857,.T.);
#2857 = EDGE_CURVE('',#2220,#2848,#2858,.T.);
#2858 = LINE('',#2859,#2860);
#2859 = CARTESIAN_POINT('',(14.8,-27.6,12.5));
#2860 = VECTOR('',#2861,1.);
#2861 = DIRECTION('',(0.,0.,-1.));
#2862 = PLANE('',#2863);
#2863 = AXIS2_PLACEMENT_3D('',#2864,#2865,#2866);
#2864 = CARTESIAN_POINT('',(14.8,-15.,11.5));
#2865 = DIRECTION('',(1.,0.,0.));
#2866 = DIRECTION('',(0.,0.,1.));
#2867 = ADVANCED_FACE('',(#2868),#2887,.T.);
#2868 = FACE_BOUND('',#2869,.F.);
#2869 = EDGE_LOOP('',(#2870,#2879,#2885,#2886));
#2870 = ORIENTED_EDGE('',*,*,#2871,.F.);
#2871 = EDGE_CURVE('',#2872,#2848,#2874,.T.);
#2872 = VERTEX_POINT('',#2873);
#2873 = CARTESIAN_POINT('',(13.6,-28.8,10.));
#2874 = CIRCLE('',#2875,1.2);
#2875 = AXIS2_PLACEMENT_3D('',#2876,#2877,#2878);
#2876 = CARTESIAN_POINT('',(13.6,-27.6,10.));
#2877 = DIRECTION('',(-0.,0.,1.));
#2878 = DIRECTION('',(0.,-1.,0.));
#2879 = ORIENTED_EDGE('',*,*,#2880,.F.);
#2880 = EDGE_CURVE('',#2245,#2872,#2881,.T.);
#2881 = LINE('',#2882,#2883);
#2882 = CARTESIAN_POINT('',(13.6,-28.8,10.8));
#2883 = VECTOR('',#2884,1.);
#2884 = DIRECTION('',(0.,0.,-1.));
#2885 = ORIENTED_EDGE('',*,*,#2244,.T.);
#2886 = ORIENTED_EDGE('',*,*,#2857,.T.);
#2887 = CYLINDRICAL_SURFACE('',#2888,1.2);
#2888 = AXIS2_PLACEMENT_3D('',#2889,#2890,#2891);
#2889 = CARTESIAN_POINT('',(13.6,-27.6,10.8));
#2890 = DIRECTION('',(0.,0.,-1.));
#2891 = DIRECTION('',(0.,-1.,0.));
#2892 = ADVANCED_FACE('',(#2893),#2943,.T.);
#2893 = FACE_BOUND('',#2894,.T.);
#2894 = EDGE_LOOP('',(#2895,#2903,#2911,#2919,#2927,#2935,#2941,#2942));
#2895 = ORIENTED_EDGE('',*,*,#2896,.T.);
#2896 = EDGE_CURVE('',#2269,#2897,#2899,.T.);
#2897 = VERTEX_POINT('',#2898);
#2898 = CARTESIAN_POINT('',(-13.6,-28.8,10.));
#2899 = LINE('',#2900,#2901);
#2900 = CARTESIAN_POINT('',(-13.6,-28.8,12.5));
#2901 = VECTOR('',#2902,1.);
#2902 = DIRECTION('',(0.,0.,-1.));
#2903 = ORIENTED_EDGE('',*,*,#2904,.T.);
#2904 = EDGE_CURVE('',#2897,#2905,#2907,.T.);
#2905 = VERTEX_POINT('',#2906);
#2906 = CARTESIAN_POINT('',(-5.,-28.8,10.));
#2907 = LINE('',#2908,#2909);
#2908 = CARTESIAN_POINT('',(-16.,-28.8,10.));
#2909 = VECTOR('',#2910,1.);
#2910 = DIRECTION('',(1.,0.,0.));
#2911 = ORIENTED_EDGE('',*,*,#2912,.T.);
#2912 = EDGE_CURVE('',#2905,#2913,#2915,.T.);
#2913 = VERTEX_POINT('',#2914);
#2914 = CARTESIAN_POINT('',(-5.,-28.8,12.5));
#2915 = LINE('',#2916,#2917);
#2916 = CARTESIAN_POINT('',(-5.,-28.8,12.4));
#2917 = VECTOR('',#2918,1.);
#2918 = DIRECTION('',(0.,-4.440892098501E-16,1.));
#2919 = ORIENTED_EDGE('',*,*,#2920,.F.);
#2920 = EDGE_CURVE('',#2921,#2913,#2923,.T.);
#2921 = VERTEX_POINT('',#2922);
#2922 = CARTESIAN_POINT('',(5.,-28.8,12.5));
#2923 = LINE('',#2924,#2925);
#2924 = CARTESIAN_POINT('',(5.,-28.8,12.5));
#2925 = VECTOR('',#2926,1.);
#2926 = DIRECTION('',(-1.,-0.,-0.));
#2927 = ORIENTED_EDGE('',*,*,#2928,.T.);
#2928 = EDGE_CURVE('',#2921,#2929,#2931,.T.);
#2929 = VERTEX_POINT('',#2930);
#2930 = CARTESIAN_POINT('',(5.,-28.8,10.));
#2931 = LINE('',#2932,#2933);
#2932 = CARTESIAN_POINT('',(5.,-28.8,10.8));
#2933 = VECTOR('',#2934,1.);
#2934 = DIRECTION('',(0.,4.440892098501E-16,-1.));
#2935 = ORIENTED_EDGE('',*,*,#2936,.T.);
#2936 = EDGE_CURVE('',#2929,#2872,#2937,.T.);
#2937 = LINE('',#2938,#2939);
#2938 = CARTESIAN_POINT('',(-16.,-28.8,10.));
#2939 = VECTOR('',#2940,1.);
#2940 = DIRECTION('',(1.,0.,0.));
#2941 = ORIENTED_EDGE('',*,*,#2880,.F.);
#2942 = ORIENTED_EDGE('',*,*,#2276,.F.);
#2943 = PLANE('',#2944);
#2944 = AXIS2_PLACEMENT_3D('',#2945,#2946,#2947);
#2945 = CARTESIAN_POINT('',(-4.705581031524E-16,-28.8,11.5));
#2946 = DIRECTION('',(-0.,-1.,-0.));
#2947 = DIRECTION('',(0.,0.,-1.));
#2948 = ADVANCED_FACE('',(#2949),#2968,.T.);
#2949 = FACE_BOUND('',#2950,.F.);
#2950 = EDGE_LOOP('',(#2951,#2960,#2966,#2967));
#2951 = ORIENTED_EDGE('',*,*,#2952,.F.);
#2952 = EDGE_CURVE('',#2953,#2897,#2955,.T.);
#2953 = VERTEX_POINT('',#2954);
#2954 = CARTESIAN_POINT('',(-14.8,-27.6,10.));
#2955 = CIRCLE('',#2956,1.2);
#2956 = AXIS2_PLACEMENT_3D('',#2957,#2958,#2959);
#2957 = CARTESIAN_POINT('',(-13.6,-27.6,10.));
#2958 = DIRECTION('',(-0.,0.,1.));
#2959 = DIRECTION('',(0.,-1.,0.));
#2960 = ORIENTED_EDGE('',*,*,#2961,.F.);
#2961 = EDGE_CURVE('',#2294,#2953,#2962,.T.);
#2962 = LINE('',#2963,#2964);
#2963 = CARTESIAN_POINT('',(-14.8,-27.6,10.8));
#2964 = VECTOR('',#2965,1.);
#2965 = DIRECTION('',(0.,0.,-1.));
#2966 = ORIENTED_EDGE('',*,*,#2293,.T.);
#2967 = ORIENTED_EDGE('',*,*,#2896,.T.);
#2968 = CYLINDRICAL_SURFACE('',#2969,1.2);
#2969 = AXIS2_PLACEMENT_3D('',#2970,#2971,#2972);
#2970 = CARTESIAN_POINT('',(-13.6,-27.6,10.8));
#2971 = DIRECTION('',(0.,0.,-1.));
#2972 = DIRECTION('',(0.,-1.,0.));
#2973 = ADVANCED_FACE('',(#2974),#2992,.T.);
#2974 = FACE_BOUND('',#2975,.T.);
#2975 = EDGE_LOOP('',(#2976,#2984,#2985,#2986));
#2976 = ORIENTED_EDGE('',*,*,#2977,.T.);
#2977 = EDGE_CURVE('',#2978,#2953,#2980,.T.);
#2978 = VERTEX_POINT('',#2979);
#2979 = CARTESIAN_POINT('',(-14.8,-2.4,10.));
#2980 = LINE('',#2981,#2982);
#2981 = CARTESIAN_POINT('',(-14.8,0.,10.));
#2982 = VECTOR('',#2983,1.);
#2983 = DIRECTION('',(0.,-1.,0.));
#2984 = ORIENTED_EDGE('',*,*,#2961,.F.);
#2985 = ORIENTED_EDGE('',*,*,#2325,.F.);
#2986 = ORIENTED_EDGE('',*,*,#2987,.T.);
#2987 = EDGE_CURVE('',#2318,#2978,#2988,.T.);
#2988 = LINE('',#2989,#2990);
#2989 = CARTESIAN_POINT('',(-14.8,-2.4,12.5));
#2990 = VECTOR('',#2991,1.);
#2991 = DIRECTION('',(-0.,-0.,-1.));
#2992 = PLANE('',#2993);
#2993 = AXIS2_PLACEMENT_3D('',#2994,#2995,#2996);
#2994 = CARTESIAN_POINT('',(-14.8,-15.,11.5));
#2995 = DIRECTION('',(-1.,-0.,-0.));
#2996 = DIRECTION('',(0.,0.,-1.));
#2997 = ADVANCED_FACE('',(#2998),#3017,.F.);
#2998 = FACE_BOUND('',#2999,.F.);
#2999 = EDGE_LOOP('',(#3000,#3009,#3015,#3016));
#3000 = ORIENTED_EDGE('',*,*,#3001,.F.);
#3001 = EDGE_CURVE('',#3002,#2978,#3004,.T.);
#3002 = VERTEX_POINT('',#3003);
#3003 = CARTESIAN_POINT('',(-18.4,1.2,10.));
#3004 = CIRCLE('',#3005,3.6);
#3005 = AXIS2_PLACEMENT_3D('',#3006,#3007,#3008);
#3006 = CARTESIAN_POINT('',(-18.4,-2.4,10.));
#3007 = DIRECTION('',(-0.,-0.,-1.));
#3008 = DIRECTION('',(0.,-1.,0.));
#3009 = ORIENTED_EDGE('',*,*,#3010,.F.);
#3010 = EDGE_CURVE('',#2343,#3002,#3011,.T.);
#3011 = LINE('',#3012,#3013);
#3012 = CARTESIAN_POINT('',(-18.4,1.2,10.8));
#3013 = VECTOR('',#3014,1.);
#3014 = DIRECTION('',(0.,0.,-1.));
#3015 = ORIENTED_EDGE('',*,*,#2342,.T.);
#3016 = ORIENTED_EDGE('',*,*,#2987,.T.);
#3017 = CYLINDRICAL_SURFACE('',#3018,3.6);
#3018 = AXIS2_PLACEMENT_3D('',#3019,#3020,#3021);
#3019 = CARTESIAN_POINT('',(-18.4,-2.4,10.8));
#3020 = DIRECTION('',(-0.,-0.,-1.));
#3021 = DIRECTION('',(0.,-1.,0.));
#3022 = ADVANCED_FACE('',(#3023),#3073,.T.);
#3023 = FACE_BOUND('',#3024,.T.);
#3024 = EDGE_LOOP('',(#3025,#3033,#3041,#3049,#3057,#3065,#3071,#3072));
#3025 = ORIENTED_EDGE('',*,*,#3026,.T.);
#3026 = EDGE_CURVE('',#2367,#3027,#3029,.T.);
#3027 = VERTEX_POINT('',#3028);
#3028 = CARTESIAN_POINT('',(-60.1,1.2,10.));
#3029 = LINE('',#3030,#3031);
#3030 = CARTESIAN_POINT('',(-60.1,1.2,12.5));
#3031 = VECTOR('',#3032,1.);
#3032 = DIRECTION('',(0.,0.,-1.));
#3033 = ORIENTED_EDGE('',*,*,#3034,.T.);
#3034 = EDGE_CURVE('',#3027,#3035,#3037,.T.);
#3035 = VERTEX_POINT('',#3036);
#3036 = CARTESIAN_POINT('',(-50.,1.2,10.));
#3037 = LINE('',#3038,#3039);
#3038 = CARTESIAN_POINT('',(-62.5,1.2,10.));
#3039 = VECTOR('',#3040,1.);
#3040 = DIRECTION('',(1.,0.,0.));
#3041 = ORIENTED_EDGE('',*,*,#3042,.F.);
#3042 = EDGE_CURVE('',#3043,#3035,#3045,.T.);
#3043 = VERTEX_POINT('',#3044);
#3044 = CARTESIAN_POINT('',(-50.,1.2,12.5));
#3045 = LINE('',#3046,#3047);
#3046 = CARTESIAN_POINT('',(-50.,1.2,10.8));
#3047 = VECTOR('',#3048,1.);
#3048 = DIRECTION('',(2.22044604925E-16,-4.440892098501E-16,-1.));
#3049 = ORIENTED_EDGE('',*,*,#3050,.T.);
#3050 = EDGE_CURVE('',#3043,#3051,#3053,.T.);
#3051 = VERTEX_POINT('',#3052);
#3052 = CARTESIAN_POINT('',(-40.,1.2,12.5));
#3053 = LINE('',#3054,#3055);
#3054 = CARTESIAN_POINT('',(-50.,1.2,12.5));
#3055 = VECTOR('',#3056,1.);
#3056 = DIRECTION('',(1.,-2.22044604925E-16,2.22044604925E-16));
#3057 = ORIENTED_EDGE('',*,*,#3058,.F.);
#3058 = EDGE_CURVE('',#3059,#3051,#3061,.T.);
#3059 = VERTEX_POINT('',#3060);
#3060 = CARTESIAN_POINT('',(-40.,1.2,10.));
#3061 = LINE('',#3062,#3063);
#3062 = CARTESIAN_POINT('',(-40.,1.2,12.4));
#3063 = VECTOR('',#3064,1.);
#3064 = DIRECTION('',(-2.22044604925E-16,4.440892098501E-16,1.));
#3065 = ORIENTED_EDGE('',*,*,#3066,.T.);
#3066 = EDGE_CURVE('',#3059,#3002,#3067,.T.);
#3067 = LINE('',#3068,#3069);
#3068 = CARTESIAN_POINT('',(-62.5,1.2,10.));
#3069 = VECTOR('',#3070,1.);
#3070 = DIRECTION('',(1.,0.,0.));
#3071 = ORIENTED_EDGE('',*,*,#3010,.F.);
#3072 = ORIENTED_EDGE('',*,*,#2374,.F.);
#3073 = PLANE('',#3074);
#3074 = AXIS2_PLACEMENT_3D('',#3075,#3076,#3077);
#3075 = CARTESIAN_POINT('',(-39.25,1.2,11.5));
#3076 = DIRECTION('',(-0.,-1.,-0.));
#3077 = DIRECTION('',(0.,0.,-1.));
#3078 = ADVANCED_FACE('',(#3079),#3098,.T.);
#3079 = FACE_BOUND('',#3080,.F.);
#3080 = EDGE_LOOP('',(#3081,#3090,#3096,#3097));
#3081 = ORIENTED_EDGE('',*,*,#3082,.F.);
#3082 = EDGE_CURVE('',#3083,#3027,#3085,.T.);
#3083 = VERTEX_POINT('',#3084);
#3084 = CARTESIAN_POINT('',(-61.3,2.4,10.));
#3085 = CIRCLE('',#3086,1.2);
#3086 = AXIS2_PLACEMENT_3D('',#3087,#3088,#3089);
#3087 = CARTESIAN_POINT('',(-60.1,2.4,10.));
#3088 = DIRECTION('',(-0.,0.,1.));
#3089 = DIRECTION('',(0.,-1.,0.));
#3090 = ORIENTED_EDGE('',*,*,#3091,.F.);
#3091 = EDGE_CURVE('',#2392,#3083,#3092,.T.);
#3092 = LINE('',#3093,#3094);
#3093 = CARTESIAN_POINT('',(-61.3,2.4,10.8));
#3094 = VECTOR('',#3095,1.);
#3095 = DIRECTION('',(0.,0.,-1.));
#3096 = ORIENTED_EDGE('',*,*,#2391,.T.);
#3097 = ORIENTED_EDGE('',*,*,#3026,.T.);
#3098 = CYLINDRICAL_SURFACE('',#3099,1.2);
#3099 = AXIS2_PLACEMENT_3D('',#3100,#3101,#3102);
#3100 = CARTESIAN_POINT('',(-60.1,2.4,10.8));
#3101 = DIRECTION('',(0.,0.,-1.));
#3102 = DIRECTION('',(0.,-1.,0.));
#3103 = ADVANCED_FACE('',(#3104),#3115,.T.);
#3104 = FACE_BOUND('',#3105,.T.);
#3105 = EDGE_LOOP('',(#3106,#3112,#3113,#3114));
#3106 = ORIENTED_EDGE('',*,*,#3107,.T.);
#3107 = EDGE_CURVE('',#2543,#3083,#3108,.T.);
#3108 = LINE('',#3109,#3110);
#3109 = CARTESIAN_POINT('',(-61.3,30.,10.));
#3110 = VECTOR('',#3111,1.);
#3111 = DIRECTION('',(0.,-1.,0.));
#3112 = ORIENTED_EDGE('',*,*,#3091,.F.);
#3113 = ORIENTED_EDGE('',*,*,#2416,.F.);
#3114 = ORIENTED_EDGE('',*,*,#2558,.T.);
#3115 = PLANE('',#3116);
#3116 = AXIS2_PLACEMENT_3D('',#3117,#3118,#3119);
#3117 = CARTESIAN_POINT('',(-61.3,15.,11.5));
#3118 = DIRECTION('',(-1.,-0.,-0.));
#3119 = DIRECTION('',(0.,0.,-1.));
#3120 = ADVANCED_FACE('',(#3121),#3148,.T.);
#3121 = FACE_BOUND('',#3122,.F.);
#3122 = EDGE_LOOP('',(#3123,#3133,#3140,#3141));
#3123 = ORIENTED_EDGE('',*,*,#3124,.F.);
#3124 = EDGE_CURVE('',#3125,#3127,#3129,.T.);
#3125 = VERTEX_POINT('',#3126);
#3126 = CARTESIAN_POINT('',(-62.5,27.6,1.));
#3127 = VERTEX_POINT('',#3128);
#3128 = CARTESIAN_POINT('',(-62.5,27.6,10.));
#3129 = LINE('',#3130,#3131);
#3130 = CARTESIAN_POINT('',(-62.5,27.6,0.));
#3131 = VECTOR('',#3132,1.);
#3132 = DIRECTION('',(0.,0.,1.));
#3133 = ORIENTED_EDGE('',*,*,#3134,.F.);
#3134 = EDGE_CURVE('',#2432,#3125,#3135,.T.);
#3135 = CIRCLE('',#3136,2.4);
#3136 = AXIS2_PLACEMENT_3D('',#3137,#3138,#3139);
#3137 = CARTESIAN_POINT('',(-60.1,27.6,1.));
#3138 = DIRECTION('',(0.,-0.,1.));
#3139 = DIRECTION('',(0.,1.,0.));
#3140 = ORIENTED_EDGE('',*,*,#2431,.T.);
#3141 = ORIENTED_EDGE('',*,*,#3142,.T.);
#3142 = EDGE_CURVE('',#2434,#3127,#3143,.T.);
#3143 = CIRCLE('',#3144,2.4);
#3144 = AXIS2_PLACEMENT_3D('',#3145,#3146,#3147);
#3145 = CARTESIAN_POINT('',(-60.1,27.6,10.));
#3146 = DIRECTION('',(-0.,0.,1.));
#3147 = DIRECTION('',(0.,-1.,0.));
#3148 = CYLINDRICAL_SURFACE('',#3149,2.4);
#3149 = AXIS2_PLACEMENT_3D('',#3150,#3151,#3152);
#3150 = CARTESIAN_POINT('',(-60.1,27.6,0.));
#3151 = DIRECTION('',(0.,0.,1.));
#3152 = DIRECTION('',(-1.,0.,0.));
#3153 = ADVANCED_FACE('',(#3154),#3181,.T.);
#3154 = FACE_BOUND('',#3155,.F.);
#3155 = EDGE_LOOP('',(#3156,#3165,#3166,#3175));
#3156 = ORIENTED_EDGE('',*,*,#3157,.T.);
#3157 = EDGE_CURVE('',#3158,#2450,#3160,.T.);
#3158 = VERTEX_POINT('',#3159);
#3159 = CARTESIAN_POINT('',(60.1,29.,-2.22044604925E-16));
#3160 = CIRCLE('',#3161,1.);
#3161 = AXIS2_PLACEMENT_3D('',#3162,#3163,#3164);
#3162 = CARTESIAN_POINT('',(60.1,29.,1.));
#3163 = DIRECTION('',(1.,-0.,0.));
#3164 = DIRECTION('',(0.,0.,-1.));
#3165 = ORIENTED_EDGE('',*,*,#2457,.T.);
#3166 = ORIENTED_EDGE('',*,*,#3167,.F.);
#3167 = EDGE_CURVE('',#3168,#2432,#3170,.T.);
#3168 = VERTEX_POINT('',#3169);
#3169 = CARTESIAN_POINT('',(-60.1,29.,-2.22044604925E-16));
#3170 = CIRCLE('',#3171,1.);
#3171 = AXIS2_PLACEMENT_3D('',#3172,#3173,#3174);
#3172 = CARTESIAN_POINT('',(-60.1,29.,1.));
#3173 = DIRECTION('',(1.,-0.,0.));
#3174 = DIRECTION('',(0.,0.,-1.));
#3175 = ORIENTED_EDGE('',*,*,#3176,.F.);
#3176 = EDGE_CURVE('',#3158,#3168,#3177,.T.);
#3177 = LINE('',#3178,#3179);
#3178 = CARTESIAN_POINT('',(60.1,29.,-2.22044604925E-16));
#3179 = VECTOR('',#3180,1.);
#3180 = DIRECTION('',(-1.,0.,0.));
#3181 = CYLINDRICAL_SURFACE('',#3182,1.);
#3182 = AXIS2_PLACEMENT_3D('',#3183,#3184,#3185);
#3183 = CARTESIAN_POINT('',(60.1,29.,1.));
#3184 = DIRECTION('',(-1.,0.,0.));
#3185 = DIRECTION('',(0.,0.,-1.));
#3186 = ADVANCED_FACE('',(#3187,#3308),#3464,.T.);
#3187 = FACE_BOUND('',#3188,.T.);
#3188 = EDGE_LOOP('',(#3189,#3197,#3206,#3214,#3223,#3231,#3240,#3248,
    #3257,#3265,#3274,#3282,#3291,#3299,#3306,#3307));
#3189 = ORIENTED_EDGE('',*,*,#3190,.T.);
#3190 = EDGE_CURVE('',#3127,#3191,#3193,.T.);
#3191 = VERTEX_POINT('',#3192);
#3192 = CARTESIAN_POINT('',(-62.5,2.4,10.));
#3193 = LINE('',#3194,#3195);
#3194 = CARTESIAN_POINT('',(-62.5,30.,10.));
#3195 = VECTOR('',#3196,1.);
#3196 = DIRECTION('',(0.,-1.,0.));
#3197 = ORIENTED_EDGE('',*,*,#3198,.T.);
#3198 = EDGE_CURVE('',#3191,#3199,#3201,.T.);
#3199 = VERTEX_POINT('',#3200);
#3200 = CARTESIAN_POINT('',(-60.1,-2.22044604925E-16,10.));
#3201 = CIRCLE('',#3202,2.4);
#3202 = AXIS2_PLACEMENT_3D('',#3203,#3204,#3205);
#3203 = CARTESIAN_POINT('',(-60.1,2.4,10.));
#3204 = DIRECTION('',(-0.,0.,1.));
#3205 = DIRECTION('',(0.,-1.,0.));
#3206 = ORIENTED_EDGE('',*,*,#3207,.T.);
#3207 = EDGE_CURVE('',#3199,#3208,#3210,.T.);
#3208 = VERTEX_POINT('',#3209);
#3209 = CARTESIAN_POINT('',(-18.4,2.22044604925E-16,10.));
#3210 = LINE('',#3211,#3212);
#3211 = CARTESIAN_POINT('',(-62.5,0.,10.));
#3212 = VECTOR('',#3213,1.);
#3213 = DIRECTION('',(1.,0.,0.));
#3214 = ORIENTED_EDGE('',*,*,#3215,.T.);
#3215 = EDGE_CURVE('',#3208,#3216,#3218,.T.);
#3216 = VERTEX_POINT('',#3217);
#3217 = CARTESIAN_POINT('',(-16.,-2.4,10.));
#3218 = CIRCLE('',#3219,2.4);
#3219 = AXIS2_PLACEMENT_3D('',#3220,#3221,#3222);
#3220 = CARTESIAN_POINT('',(-18.4,-2.4,10.));
#3221 = DIRECTION('',(-0.,-0.,-1.));
#3222 = DIRECTION('',(0.,-1.,0.));
#3223 = ORIENTED_EDGE('',*,*,#3224,.T.);
#3224 = EDGE_CURVE('',#3216,#3225,#3227,.T.);
#3225 = VERTEX_POINT('',#3226);
#3226 = CARTESIAN_POINT('',(-16.,-27.6,10.));
#3227 = LINE('',#3228,#3229);
#3228 = CARTESIAN_POINT('',(-16.,0.,10.));
#3229 = VECTOR('',#3230,1.);
#3230 = DIRECTION('',(0.,-1.,0.));
#3231 = ORIENTED_EDGE('',*,*,#3232,.T.);
#3232 = EDGE_CURVE('',#3225,#3233,#3235,.T.);
#3233 = VERTEX_POINT('',#3234);
#3234 = CARTESIAN_POINT('',(-13.6,-30.,10.));
#3235 = CIRCLE('',#3236,2.4);
#3236 = AXIS2_PLACEMENT_3D('',#3237,#3238,#3239);
#3237 = CARTESIAN_POINT('',(-13.6,-27.6,10.));
#3238 = DIRECTION('',(-0.,0.,1.));
#3239 = DIRECTION('',(0.,-1.,0.));
#3240 = ORIENTED_EDGE('',*,*,#3241,.T.);
#3241 = EDGE_CURVE('',#3233,#3242,#3244,.T.);
#3242 = VERTEX_POINT('',#3243);
#3243 = CARTESIAN_POINT('',(13.6,-30.,10.));
#3244 = LINE('',#3245,#3246);
#3245 = CARTESIAN_POINT('',(-16.,-30.,10.));
#3246 = VECTOR('',#3247,1.);
#3247 = DIRECTION('',(1.,0.,0.));
#3248 = ORIENTED_EDGE('',*,*,#3249,.T.);
#3249 = EDGE_CURVE('',#3242,#3250,#3252,.T.);
#3250 = VERTEX_POINT('',#3251);
#3251 = CARTESIAN_POINT('',(16.,-27.6,10.));
#3252 = CIRCLE('',#3253,2.4);
#3253 = AXIS2_PLACEMENT_3D('',#3254,#3255,#3256);
#3254 = CARTESIAN_POINT('',(13.6,-27.6,10.));
#3255 = DIRECTION('',(-0.,0.,1.));
#3256 = DIRECTION('',(0.,-1.,0.));
#3257 = ORIENTED_EDGE('',*,*,#3258,.T.);
#3258 = EDGE_CURVE('',#3250,#3259,#3261,.T.);
#3259 = VERTEX_POINT('',#3260);
#3260 = CARTESIAN_POINT('',(16.,-2.4,10.));
#3261 = LINE('',#3262,#3263);
#3262 = CARTESIAN_POINT('',(16.,-30.,10.));
#3263 = VECTOR('',#3264,1.);
#3264 = DIRECTION('',(0.,1.,0.));
#3265 = ORIENTED_EDGE('',*,*,#3266,.T.);
#3266 = EDGE_CURVE('',#3259,#3267,#3269,.T.);
#3267 = VERTEX_POINT('',#3268);
#3268 = CARTESIAN_POINT('',(18.4,2.22044604925E-16,10.));
#3269 = CIRCLE('',#3270,2.4);
#3270 = AXIS2_PLACEMENT_3D('',#3271,#3272,#3273);
#3271 = CARTESIAN_POINT('',(18.4,-2.4,10.));
#3272 = DIRECTION('',(-0.,-0.,-1.));
#3273 = DIRECTION('',(0.,-1.,0.));
#3274 = ORIENTED_EDGE('',*,*,#3275,.T.);
#3275 = EDGE_CURVE('',#3267,#3276,#3278,.T.);
#3276 = VERTEX_POINT('',#3277);
#3277 = CARTESIAN_POINT('',(60.1,-2.22044604925E-16,10.));
#3278 = LINE('',#3279,#3280);
#3279 = CARTESIAN_POINT('',(16.,0.,10.));
#3280 = VECTOR('',#3281,1.);
#3281 = DIRECTION('',(1.,0.,0.));
#3282 = ORIENTED_EDGE('',*,*,#3283,.T.);
#3283 = EDGE_CURVE('',#3276,#3284,#3286,.T.);
#3284 = VERTEX_POINT('',#3285);
#3285 = CARTESIAN_POINT('',(62.5,2.4,10.));
#3286 = CIRCLE('',#3287,2.4);
#3287 = AXIS2_PLACEMENT_3D('',#3288,#3289,#3290);
#3288 = CARTESIAN_POINT('',(60.1,2.4,10.));
#3289 = DIRECTION('',(-0.,0.,1.));
#3290 = DIRECTION('',(0.,-1.,0.));
#3291 = ORIENTED_EDGE('',*,*,#3292,.T.);
#3292 = EDGE_CURVE('',#3284,#3293,#3295,.T.);
#3293 = VERTEX_POINT('',#3294);
#3294 = CARTESIAN_POINT('',(62.5,27.6,10.));
#3295 = LINE('',#3296,#3297);
#3296 = CARTESIAN_POINT('',(62.5,0.,10.));
#3297 = VECTOR('',#3298,1.);
#3298 = DIRECTION('',(0.,1.,0.));
#3299 = ORIENTED_EDGE('',*,*,#3300,.T.);
#3300 = EDGE_CURVE('',#3293,#2442,#3301,.T.);
#3301 = CIRCLE('',#3302,2.4);
#3302 = AXIS2_PLACEMENT_3D('',#3303,#3304,#3305);
#3303 = CARTESIAN_POINT('',(60.1,27.6,10.));
#3304 = DIRECTION('',(-0.,0.,1.));
#3305 = DIRECTION('',(0.,-1.,0.));
#3306 = ORIENTED_EDGE('',*,*,#2441,.T.);
#3307 = ORIENTED_EDGE('',*,*,#3142,.T.);
#3308 = FACE_BOUND('',#3309,.T.);
#3309 = EDGE_LOOP('',(#3310,#3311,#3312,#3313,#3321,#3329,#3335,#3336,
    #3344,#3352,#3358,#3359,#3367,#3375,#3381,#3382,#3383,#3384,#3385,
    #3386,#3394,#3402,#3408,#3409,#3410,#3411,#3412,#3413,#3421,#3429,
    #3435,#3436,#3437,#3438,#3439,#3440,#3448,#3456,#3462,#3463));
#3310 = ORIENTED_EDGE('',*,*,#3107,.F.);
#3311 = ORIENTED_EDGE('',*,*,#2540,.F.);
#3312 = ORIENTED_EDGE('',*,*,#2677,.F.);
#3313 = ORIENTED_EDGE('',*,*,#3314,.F.);
#3314 = EDGE_CURVE('',#3315,#2670,#3317,.T.);
#3315 = VERTEX_POINT('',#3316);
#3316 = CARTESIAN_POINT('',(-50.,28.2,10.));
#3317 = LINE('',#3318,#3319);
#3318 = CARTESIAN_POINT('',(-50.,28.2,10.));
#3319 = VECTOR('',#3320,1.);
#3320 = DIRECTION('',(2.22044604925E-16,1.,2.465190328816E-32));
#3321 = ORIENTED_EDGE('',*,*,#3322,.T.);
#3322 = EDGE_CURVE('',#3315,#3323,#3325,.T.);
#3323 = VERTEX_POINT('',#3324);
#3324 = CARTESIAN_POINT('',(-40.,28.2,10.));
#3325 = LINE('',#3326,#3327);
#3326 = CARTESIAN_POINT('',(-50.,28.2,10.));
#3327 = VECTOR('',#3328,1.);
#3328 = DIRECTION('',(1.,-2.22044604925E-16,2.22044604925E-16));
#3329 = ORIENTED_EDGE('',*,*,#3330,.T.);
#3330 = EDGE_CURVE('',#3323,#2646,#3331,.T.);
#3331 = LINE('',#3332,#3333);
#3332 = CARTESIAN_POINT('',(-40.,28.2,10.));
#3333 = VECTOR('',#3334,1.);
#3334 = DIRECTION('',(2.22044604925E-16,1.,2.465190328816E-32));
#3335 = ORIENTED_EDGE('',*,*,#2645,.F.);
#3336 = ORIENTED_EDGE('',*,*,#3337,.F.);
#3337 = EDGE_CURVE('',#3338,#2638,#3340,.T.);
#3338 = VERTEX_POINT('',#3339);
#3339 = CARTESIAN_POINT('',(-5.,28.2,10.));
#3340 = LINE('',#3341,#3342);
#3341 = CARTESIAN_POINT('',(-5.,28.2,10.));
#3342 = VECTOR('',#3343,1.);
#3343 = DIRECTION('',(0.,1.,0.));
#3344 = ORIENTED_EDGE('',*,*,#3345,.F.);
#3345 = EDGE_CURVE('',#3346,#3338,#3348,.T.);
#3346 = VERTEX_POINT('',#3347);
#3347 = CARTESIAN_POINT('',(5.,28.2,10.));
#3348 = LINE('',#3349,#3350);
#3349 = CARTESIAN_POINT('',(5.,28.2,10.));
#3350 = VECTOR('',#3351,1.);
#3351 = DIRECTION('',(-1.,0.,0.));
#3352 = ORIENTED_EDGE('',*,*,#3353,.T.);
#3353 = EDGE_CURVE('',#3346,#2614,#3354,.T.);
#3354 = LINE('',#3355,#3356);
#3355 = CARTESIAN_POINT('',(5.,28.2,10.));
#3356 = VECTOR('',#3357,1.);
#3357 = DIRECTION('',(0.,1.,0.));
#3358 = ORIENTED_EDGE('',*,*,#2613,.F.);
#3359 = ORIENTED_EDGE('',*,*,#3360,.F.);
#3360 = EDGE_CURVE('',#3361,#2606,#3363,.T.);
#3361 = VERTEX_POINT('',#3362);
#3362 = CARTESIAN_POINT('',(40.,28.2,10.));
#3363 = LINE('',#3364,#3365);
#3364 = CARTESIAN_POINT('',(40.,28.2,10.));
#3365 = VECTOR('',#3366,1.);
#3366 = DIRECTION('',(0.,1.,0.));
#3367 = ORIENTED_EDGE('',*,*,#3368,.F.);
#3368 = EDGE_CURVE('',#3369,#3361,#3371,.T.);
#3369 = VERTEX_POINT('',#3370);
#3370 = CARTESIAN_POINT('',(50.,28.2,10.));
#3371 = LINE('',#3372,#3373);
#3372 = CARTESIAN_POINT('',(50.,28.2,10.));
#3373 = VECTOR('',#3374,1.);
#3374 = DIRECTION('',(-1.,0.,0.));
#3375 = ORIENTED_EDGE('',*,*,#3376,.T.);
#3376 = EDGE_CURVE('',#3369,#2582,#3377,.T.);
#3377 = LINE('',#3378,#3379);
#3378 = CARTESIAN_POINT('',(50.,28.2,10.));
#3379 = VECTOR('',#3380,1.);
#3380 = DIRECTION('',(0.,1.,0.));
#3381 = ORIENTED_EDGE('',*,*,#2581,.F.);
#3382 = ORIENTED_EDGE('',*,*,#2692,.F.);
#3383 = ORIENTED_EDGE('',*,*,#2717,.F.);
#3384 = ORIENTED_EDGE('',*,*,#2741,.F.);
#3385 = ORIENTED_EDGE('',*,*,#2806,.F.);
#3386 = ORIENTED_EDGE('',*,*,#3387,.F.);
#3387 = EDGE_CURVE('',#3388,#2799,#3390,.T.);
#3388 = VERTEX_POINT('',#3389);
#3389 = CARTESIAN_POINT('',(50.,1.8,10.));
#3390 = LINE('',#3391,#3392);
#3391 = CARTESIAN_POINT('',(50.,1.8,10.));
#3392 = VECTOR('',#3393,1.);
#3393 = DIRECTION('',(0.,-1.,4.440892098501E-16));
#3394 = ORIENTED_EDGE('',*,*,#3395,.T.);
#3395 = EDGE_CURVE('',#3388,#3396,#3398,.T.);
#3396 = VERTEX_POINT('',#3397);
#3397 = CARTESIAN_POINT('',(40.,1.8,10.));
#3398 = LINE('',#3399,#3400);
#3399 = CARTESIAN_POINT('',(50.,1.8,10.));
#3400 = VECTOR('',#3401,1.);
#3401 = DIRECTION('',(-1.,0.,0.));
#3402 = ORIENTED_EDGE('',*,*,#3403,.T.);
#3403 = EDGE_CURVE('',#3396,#2775,#3404,.T.);
#3404 = LINE('',#3405,#3406);
#3405 = CARTESIAN_POINT('',(40.,1.8,10.));
#3406 = VECTOR('',#3407,1.);
#3407 = DIRECTION('',(0.,-1.,4.440892098501E-16));
#3408 = ORIENTED_EDGE('',*,*,#2774,.F.);
#3409 = ORIENTED_EDGE('',*,*,#2822,.F.);
#3410 = ORIENTED_EDGE('',*,*,#2847,.F.);
#3411 = ORIENTED_EDGE('',*,*,#2871,.F.);
#3412 = ORIENTED_EDGE('',*,*,#2936,.F.);
#3413 = ORIENTED_EDGE('',*,*,#3414,.F.);
#3414 = EDGE_CURVE('',#3415,#2929,#3417,.T.);
#3415 = VERTEX_POINT('',#3416);
#3416 = CARTESIAN_POINT('',(5.,-28.2,10.));
#3417 = LINE('',#3418,#3419);
#3418 = CARTESIAN_POINT('',(5.,-28.2,10.));
#3419 = VECTOR('',#3420,1.);
#3420 = DIRECTION('',(-0.,-1.,-4.440892098501E-16));
#3421 = ORIENTED_EDGE('',*,*,#3422,.T.);
#3422 = EDGE_CURVE('',#3415,#3423,#3425,.T.);
#3423 = VERTEX_POINT('',#3424);
#3424 = CARTESIAN_POINT('',(-5.,-28.2,10.));
#3425 = LINE('',#3426,#3427);
#3426 = CARTESIAN_POINT('',(5.,-28.2,10.));
#3427 = VECTOR('',#3428,1.);
#3428 = DIRECTION('',(-1.,-0.,-0.));
#3429 = ORIENTED_EDGE('',*,*,#3430,.T.);
#3430 = EDGE_CURVE('',#3423,#2905,#3431,.T.);
#3431 = LINE('',#3432,#3433);
#3432 = CARTESIAN_POINT('',(-5.,-28.2,10.));
#3433 = VECTOR('',#3434,1.);
#3434 = DIRECTION('',(-0.,-1.,-4.440892098501E-16));
#3435 = ORIENTED_EDGE('',*,*,#2904,.F.);
#3436 = ORIENTED_EDGE('',*,*,#2952,.F.);
#3437 = ORIENTED_EDGE('',*,*,#2977,.F.);
#3438 = ORIENTED_EDGE('',*,*,#3001,.F.);
#3439 = ORIENTED_EDGE('',*,*,#3066,.F.);
#3440 = ORIENTED_EDGE('',*,*,#3441,.F.);
#3441 = EDGE_CURVE('',#3442,#3059,#3444,.T.);
#3442 = VERTEX_POINT('',#3443);
#3443 = CARTESIAN_POINT('',(-40.,1.8,10.));
#3444 = LINE('',#3445,#3446);
#3445 = CARTESIAN_POINT('',(-40.,1.8,10.));
#3446 = VECTOR('',#3447,1.);
#3447 = DIRECTION('',(-2.22044604925E-16,-1.,4.440892098501E-16));
#3448 = ORIENTED_EDGE('',*,*,#3449,.F.);
#3449 = EDGE_CURVE('',#3450,#3442,#3452,.T.);
#3450 = VERTEX_POINT('',#3451);
#3451 = CARTESIAN_POINT('',(-50.,1.8,10.));
#3452 = LINE('',#3453,#3454);
#3453 = CARTESIAN_POINT('',(-50.,1.8,10.));
#3454 = VECTOR('',#3455,1.);
#3455 = DIRECTION('',(1.,-2.22044604925E-16,2.22044604925E-16));
#3456 = ORIENTED_EDGE('',*,*,#3457,.T.);
#3457 = EDGE_CURVE('',#3450,#3035,#3458,.T.);
#3458 = LINE('',#3459,#3460);
#3459 = CARTESIAN_POINT('',(-50.,1.8,10.));
#3460 = VECTOR('',#3461,1.);
#3461 = DIRECTION('',(-2.22044604925E-16,-1.,4.440892098501E-16));
#3462 = ORIENTED_EDGE('',*,*,#3034,.F.);
#3463 = ORIENTED_EDGE('',*,*,#3082,.F.);
#3464 = PLANE('',#3465);
#3465 = AXIS2_PLACEMENT_3D('',#3466,#3467,#3468);
#3466 = CARTESIAN_POINT('',(-9.436786323185E-16,7.719637080637,10.));
#3467 = DIRECTION('',(0.,0.,1.));
#3468 = DIRECTION('',(1.,0.,0.));
#3469 = ADVANCED_FACE('',(#3470),#3489,.T.);
#3470 = FACE_BOUND('',#3471,.T.);
#3471 = EDGE_LOOP('',(#3472,#3480,#3487,#3488));
#3472 = ORIENTED_EDGE('',*,*,#3473,.F.);
#3473 = EDGE_CURVE('',#3474,#3293,#3476,.T.);
#3474 = VERTEX_POINT('',#3475);
#3475 = CARTESIAN_POINT('',(62.5,27.6,1.));
#3476 = LINE('',#3477,#3478);
#3477 = CARTESIAN_POINT('',(62.5,27.6,0.));
#3478 = VECTOR('',#3479,1.);
#3479 = DIRECTION('',(0.,0.,1.));
#3480 = ORIENTED_EDGE('',*,*,#3481,.T.);
#3481 = EDGE_CURVE('',#3474,#2450,#3482,.T.);
#3482 = CIRCLE('',#3483,2.4);
#3483 = AXIS2_PLACEMENT_3D('',#3484,#3485,#3486);
#3484 = CARTESIAN_POINT('',(60.1,27.6,1.));
#3485 = DIRECTION('',(0.,0.,1.));
#3486 = DIRECTION('',(1.,0.,0.));
#3487 = ORIENTED_EDGE('',*,*,#2449,.T.);
#3488 = ORIENTED_EDGE('',*,*,#3300,.F.);
#3489 = CYLINDRICAL_SURFACE('',#3490,2.4);
#3490 = AXIS2_PLACEMENT_3D('',#3491,#3492,#3493);
#3491 = CARTESIAN_POINT('',(60.1,27.6,0.));
#3492 = DIRECTION('',(0.,0.,1.));
#3493 = DIRECTION('',(1.,0.,0.));
#3494 = ADVANCED_FACE('',(#3495),#3498,.T.);
#3495 = FACE_BOUND('',#3496,.T.);
#3496 = EDGE_LOOP('',(#3497));
#3497 = ORIENTED_EDGE('',*,*,#2491,.T.);
#3498 = PLANE('',#3499);
#3499 = AXIS2_PLACEMENT_3D('',#3500,#3501,#3502);
#3500 = CARTESIAN_POINT('',(-1.281975124256E-16,2.,8.4));
#3501 = DIRECTION('',(0.,0.,1.));
#3502 = DIRECTION('',(1.,0.,0.));
#3503 = ADVANCED_FACE('',(#3504),#3523,.T.);
#3504 = FACE_BOUND('',#3505,.T.);
#3505 = EDGE_LOOP('',(#3506,#3514,#3515,#3516));
#3506 = ORIENTED_EDGE('',*,*,#3507,.F.);
#3507 = EDGE_CURVE('',#2507,#3508,#3510,.T.);
#3508 = VERTEX_POINT('',#3509);
#3509 = CARTESIAN_POINT('',(6.347346038583,-21.5,8.4));
#3510 = LINE('',#3511,#3512);
#3511 = CARTESIAN_POINT('',(6.7,-21.5,6.4));
#3512 = VECTOR('',#3513,1.);
#3513 = DIRECTION('',(-0.173648177667,0.,0.984807753012));
#3514 = ORIENTED_EDGE('',*,*,#2514,.T.);
#3515 = ORIENTED_EDGE('',*,*,#3507,.T.);
#3516 = ORIENTED_EDGE('',*,*,#3517,.F.);
#3517 = EDGE_CURVE('',#3508,#3508,#3518,.T.);
#3518 = CIRCLE('',#3519,0.647346038583);
#3519 = AXIS2_PLACEMENT_3D('',#3520,#3521,#3522);
#3520 = CARTESIAN_POINT('',(5.7,-21.5,8.4));
#3521 = DIRECTION('',(0.,0.,1.));
#3522 = DIRECTION('',(1.,0.,0.));
#3523 = CONICAL_SURFACE('',#3524,1.,0.174532925199);
#3524 = AXIS2_PLACEMENT_3D('',#3525,#3526,#3527);
#3525 = CARTESIAN_POINT('',(5.7,-21.5,6.4));
#3526 = DIRECTION('',(-0.,-0.,-1.));
#3527 = DIRECTION('',(1.,0.,0.));
#3528 = ADVANCED_FACE('',(#3529),#3547,.F.);
#3529 = FACE_BOUND('',#3530,.T.);
#3530 = EDGE_LOOP('',(#3531,#3532,#3540,#3546));
#3531 = ORIENTED_EDGE('',*,*,#2669,.F.);
#3532 = ORIENTED_EDGE('',*,*,#3533,.T.);
#3533 = EDGE_CURVE('',#2662,#3534,#3536,.T.);
#3534 = VERTEX_POINT('',#3535);
#3535 = CARTESIAN_POINT('',(-50.,28.2,12.5));
#3536 = LINE('',#3537,#3538);
#3537 = CARTESIAN_POINT('',(-50.,28.8,12.5));
#3538 = VECTOR('',#3539,1.);
#3539 = DIRECTION('',(-2.22044604925E-16,-1.,-2.465190328816E-32));
#3540 = ORIENTED_EDGE('',*,*,#3541,.T.);
#3541 = EDGE_CURVE('',#3534,#3315,#3542,.T.);
#3542 = LINE('',#3543,#3544);
#3543 = CARTESIAN_POINT('',(-50.,28.2,12.5));
#3544 = VECTOR('',#3545,1.);
#3545 = DIRECTION('',(2.22044604925E-16,-2.465190328816E-32,-1.));
#3546 = ORIENTED_EDGE('',*,*,#3314,.T.);
#3547 = PLANE('',#3548);
#3548 = AXIS2_PLACEMENT_3D('',#3549,#3550,#3551);
#3549 = CARTESIAN_POINT('',(-50.,28.5,11.25));
#3550 = DIRECTION('',(-1.,2.22044604925E-16,-2.22044604925E-16));
#3551 = DIRECTION('',(2.22044604925E-16,-2.465190328816E-32,-1.));
#3552 = ADVANCED_FACE('',(#3553),#3571,.F.);
#3553 = FACE_BOUND('',#3554,.T.);
#3554 = EDGE_LOOP('',(#3555,#3556,#3564,#3570));
#3555 = ORIENTED_EDGE('',*,*,#2661,.T.);
#3556 = ORIENTED_EDGE('',*,*,#3557,.T.);
#3557 = EDGE_CURVE('',#2654,#3558,#3560,.T.);
#3558 = VERTEX_POINT('',#3559);
#3559 = CARTESIAN_POINT('',(-40.,28.2,12.5));
#3560 = LINE('',#3561,#3562);
#3561 = CARTESIAN_POINT('',(-40.,28.8,12.5));
#3562 = VECTOR('',#3563,1.);
#3563 = DIRECTION('',(-2.22044604925E-16,-1.,-2.465190328816E-32));
#3564 = ORIENTED_EDGE('',*,*,#3565,.F.);
#3565 = EDGE_CURVE('',#3534,#3558,#3566,.T.);
#3566 = LINE('',#3567,#3568);
#3567 = CARTESIAN_POINT('',(-50.,28.2,12.5));
#3568 = VECTOR('',#3569,1.);
#3569 = DIRECTION('',(1.,-2.22044604925E-16,2.22044604925E-16));
#3570 = ORIENTED_EDGE('',*,*,#3533,.F.);
#3571 = PLANE('',#3572);
#3572 = AXIS2_PLACEMENT_3D('',#3573,#3574,#3575);
#3573 = CARTESIAN_POINT('',(-50.,28.8,12.5));
#3574 = DIRECTION('',(-2.22044604925E-16,2.465190328816E-32,1.));
#3575 = DIRECTION('',(2.22044604925E-16,1.,2.465190328816E-32));
#3576 = ADVANCED_FACE('',(#3577),#3588,.T.);
#3577 = FACE_BOUND('',#3578,.F.);
#3578 = EDGE_LOOP('',(#3579,#3580,#3581,#3587));
#3579 = ORIENTED_EDGE('',*,*,#2653,.T.);
#3580 = ORIENTED_EDGE('',*,*,#3557,.T.);
#3581 = ORIENTED_EDGE('',*,*,#3582,.T.);
#3582 = EDGE_CURVE('',#3558,#3323,#3583,.T.);
#3583 = LINE('',#3584,#3585);
#3584 = CARTESIAN_POINT('',(-40.,28.2,12.5));
#3585 = VECTOR('',#3586,1.);
#3586 = DIRECTION('',(2.22044604925E-16,-2.465190328816E-32,-1.));
#3587 = ORIENTED_EDGE('',*,*,#3330,.T.);
#3588 = PLANE('',#3589);
#3589 = AXIS2_PLACEMENT_3D('',#3590,#3591,#3592);
#3590 = CARTESIAN_POINT('',(-40.,28.5,11.25));
#3591 = DIRECTION('',(-1.,2.22044604925E-16,-2.22044604925E-16));
#3592 = DIRECTION('',(2.22044604925E-16,-2.465190328816E-32,-1.));
#3593 = ADVANCED_FACE('',(#3594),#3612,.T.);
#3594 = FACE_BOUND('',#3595,.T.);
#3595 = EDGE_LOOP('',(#3596,#3597,#3605,#3611));
#3596 = ORIENTED_EDGE('',*,*,#2637,.T.);
#3597 = ORIENTED_EDGE('',*,*,#3598,.T.);
#3598 = EDGE_CURVE('',#2630,#3599,#3601,.T.);
#3599 = VERTEX_POINT('',#3600);
#3600 = CARTESIAN_POINT('',(-5.,28.2,12.5));
#3601 = LINE('',#3602,#3603);
#3602 = CARTESIAN_POINT('',(-5.,28.8,12.5));
#3603 = VECTOR('',#3604,1.);
#3604 = DIRECTION('',(0.,-1.,0.));
#3605 = ORIENTED_EDGE('',*,*,#3606,.T.);
#3606 = EDGE_CURVE('',#3599,#3338,#3607,.T.);
#3607 = LINE('',#3608,#3609);
#3608 = CARTESIAN_POINT('',(-5.,28.2,12.5));
#3609 = VECTOR('',#3610,1.);
#3610 = DIRECTION('',(0.,0.,-1.));
#3611 = ORIENTED_EDGE('',*,*,#3337,.T.);
#3612 = PLANE('',#3613);
#3613 = AXIS2_PLACEMENT_3D('',#3614,#3615,#3616);
#3614 = CARTESIAN_POINT('',(-5.,28.5,11.25));
#3615 = DIRECTION('',(1.,0.,0.));
#3616 = DIRECTION('',(0.,0.,1.));
#3617 = ADVANCED_FACE('',(#3618),#3636,.F.);
#3618 = FACE_BOUND('',#3619,.F.);
#3619 = EDGE_LOOP('',(#3620,#3621,#3622,#3630));
#3620 = ORIENTED_EDGE('',*,*,#2629,.T.);
#3621 = ORIENTED_EDGE('',*,*,#3598,.T.);
#3622 = ORIENTED_EDGE('',*,*,#3623,.F.);
#3623 = EDGE_CURVE('',#3624,#3599,#3626,.T.);
#3624 = VERTEX_POINT('',#3625);
#3625 = CARTESIAN_POINT('',(5.,28.2,12.5));
#3626 = LINE('',#3627,#3628);
#3627 = CARTESIAN_POINT('',(5.,28.2,12.5));
#3628 = VECTOR('',#3629,1.);
#3629 = DIRECTION('',(-1.,0.,0.));
#3630 = ORIENTED_EDGE('',*,*,#3631,.F.);
#3631 = EDGE_CURVE('',#2622,#3624,#3632,.T.);
#3632 = LINE('',#3633,#3634);
#3633 = CARTESIAN_POINT('',(5.,28.8,12.5));
#3634 = VECTOR('',#3635,1.);
#3635 = DIRECTION('',(0.,-1.,0.));
#3636 = PLANE('',#3637);
#3637 = AXIS2_PLACEMENT_3D('',#3638,#3639,#3640);
#3638 = CARTESIAN_POINT('',(5.,28.8,12.5));
#3639 = DIRECTION('',(0.,0.,1.));
#3640 = DIRECTION('',(0.,-1.,0.));
#3641 = ADVANCED_FACE('',(#3642),#3653,.F.);
#3642 = FACE_BOUND('',#3643,.F.);
#3643 = EDGE_LOOP('',(#3644,#3645,#3646,#3652));
#3644 = ORIENTED_EDGE('',*,*,#2621,.F.);
#3645 = ORIENTED_EDGE('',*,*,#3631,.T.);
#3646 = ORIENTED_EDGE('',*,*,#3647,.T.);
#3647 = EDGE_CURVE('',#3624,#3346,#3648,.T.);
#3648 = LINE('',#3649,#3650);
#3649 = CARTESIAN_POINT('',(5.,28.2,12.5));
#3650 = VECTOR('',#3651,1.);
#3651 = DIRECTION('',(0.,0.,-1.));
#3652 = ORIENTED_EDGE('',*,*,#3353,.T.);
#3653 = PLANE('',#3654);
#3654 = AXIS2_PLACEMENT_3D('',#3655,#3656,#3657);
#3655 = CARTESIAN_POINT('',(5.,28.5,11.25));
#3656 = DIRECTION('',(1.,0.,0.));
#3657 = DIRECTION('',(0.,0.,1.));
#3658 = ADVANCED_FACE('',(#3659),#3677,.T.);
#3659 = FACE_BOUND('',#3660,.T.);
#3660 = EDGE_LOOP('',(#3661,#3662,#3670,#3676));
#3661 = ORIENTED_EDGE('',*,*,#2605,.T.);
#3662 = ORIENTED_EDGE('',*,*,#3663,.T.);
#3663 = EDGE_CURVE('',#2598,#3664,#3666,.T.);
#3664 = VERTEX_POINT('',#3665);
#3665 = CARTESIAN_POINT('',(40.,28.2,12.5));
#3666 = LINE('',#3667,#3668);
#3667 = CARTESIAN_POINT('',(40.,28.8,12.5));
#3668 = VECTOR('',#3669,1.);
#3669 = DIRECTION('',(0.,-1.,0.));
#3670 = ORIENTED_EDGE('',*,*,#3671,.T.);
#3671 = EDGE_CURVE('',#3664,#3361,#3672,.T.);
#3672 = LINE('',#3673,#3674);
#3673 = CARTESIAN_POINT('',(40.,28.2,12.5));
#3674 = VECTOR('',#3675,1.);
#3675 = DIRECTION('',(0.,0.,-1.));
#3676 = ORIENTED_EDGE('',*,*,#3360,.T.);
#3677 = PLANE('',#3678);
#3678 = AXIS2_PLACEMENT_3D('',#3679,#3680,#3681);
#3679 = CARTESIAN_POINT('',(40.,28.5,11.25));
#3680 = DIRECTION('',(1.,0.,0.));
#3681 = DIRECTION('',(0.,0.,1.));
#3682 = ADVANCED_FACE('',(#3683),#3701,.F.);
#3683 = FACE_BOUND('',#3684,.F.);
#3684 = EDGE_LOOP('',(#3685,#3686,#3687,#3695));
#3685 = ORIENTED_EDGE('',*,*,#2597,.T.);
#3686 = ORIENTED_EDGE('',*,*,#3663,.T.);
#3687 = ORIENTED_EDGE('',*,*,#3688,.F.);
#3688 = EDGE_CURVE('',#3689,#3664,#3691,.T.);
#3689 = VERTEX_POINT('',#3690);
#3690 = CARTESIAN_POINT('',(50.,28.2,12.5));
#3691 = LINE('',#3692,#3693);
#3692 = CARTESIAN_POINT('',(50.,28.2,12.5));
#3693 = VECTOR('',#3694,1.);
#3694 = DIRECTION('',(-1.,0.,0.));
#3695 = ORIENTED_EDGE('',*,*,#3696,.F.);
#3696 = EDGE_CURVE('',#2590,#3689,#3697,.T.);
#3697 = LINE('',#3698,#3699);
#3698 = CARTESIAN_POINT('',(50.,28.8,12.5));
#3699 = VECTOR('',#3700,1.);
#3700 = DIRECTION('',(0.,-1.,0.));
#3701 = PLANE('',#3702);
#3702 = AXIS2_PLACEMENT_3D('',#3703,#3704,#3705);
#3703 = CARTESIAN_POINT('',(50.,28.8,12.5));
#3704 = DIRECTION('',(0.,0.,1.));
#3705 = DIRECTION('',(0.,-1.,0.));
#3706 = ADVANCED_FACE('',(#3707),#3718,.F.);
#3707 = FACE_BOUND('',#3708,.F.);
#3708 = EDGE_LOOP('',(#3709,#3710,#3711,#3717));
#3709 = ORIENTED_EDGE('',*,*,#2589,.F.);
#3710 = ORIENTED_EDGE('',*,*,#3696,.T.);
#3711 = ORIENTED_EDGE('',*,*,#3712,.T.);
#3712 = EDGE_CURVE('',#3689,#3369,#3713,.T.);
#3713 = LINE('',#3714,#3715);
#3714 = CARTESIAN_POINT('',(50.,28.2,12.5));
#3715 = VECTOR('',#3716,1.);
#3716 = DIRECTION('',(0.,0.,-1.));
#3717 = ORIENTED_EDGE('',*,*,#3376,.T.);
#3718 = PLANE('',#3719);
#3719 = AXIS2_PLACEMENT_3D('',#3720,#3721,#3722);
#3720 = CARTESIAN_POINT('',(50.,28.5,11.25));
#3721 = DIRECTION('',(1.,0.,0.));
#3722 = DIRECTION('',(0.,0.,1.));
#3723 = ADVANCED_FACE('',(#3724),#3742,.F.);
#3724 = FACE_BOUND('',#3725,.T.);
#3725 = EDGE_LOOP('',(#3726,#3727,#3735,#3741));
#3726 = ORIENTED_EDGE('',*,*,#2798,.F.);
#3727 = ORIENTED_EDGE('',*,*,#3728,.T.);
#3728 = EDGE_CURVE('',#2791,#3729,#3731,.T.);
#3729 = VERTEX_POINT('',#3730);
#3730 = CARTESIAN_POINT('',(50.,1.8,12.5));
#3731 = LINE('',#3732,#3733);
#3732 = CARTESIAN_POINT('',(50.,1.2,12.5));
#3733 = VECTOR('',#3734,1.);
#3734 = DIRECTION('',(0.,1.,-4.440892098501E-16));
#3735 = ORIENTED_EDGE('',*,*,#3736,.T.);
#3736 = EDGE_CURVE('',#3729,#3388,#3737,.T.);
#3737 = LINE('',#3738,#3739);
#3738 = CARTESIAN_POINT('',(50.,1.8,12.5));
#3739 = VECTOR('',#3740,1.);
#3740 = DIRECTION('',(-0.,-4.440892098501E-16,-1.));
#3741 = ORIENTED_EDGE('',*,*,#3387,.T.);
#3742 = PLANE('',#3743);
#3743 = AXIS2_PLACEMENT_3D('',#3744,#3745,#3746);
#3744 = CARTESIAN_POINT('',(50.,1.5,11.25));
#3745 = DIRECTION('',(1.,0.,0.));
#3746 = DIRECTION('',(-0.,-4.440892098501E-16,-1.));
#3747 = ADVANCED_FACE('',(#3748),#3766,.F.);
#3748 = FACE_BOUND('',#3749,.T.);
#3749 = EDGE_LOOP('',(#3750,#3751,#3759,#3765));
#3750 = ORIENTED_EDGE('',*,*,#2790,.T.);
#3751 = ORIENTED_EDGE('',*,*,#3752,.T.);
#3752 = EDGE_CURVE('',#2783,#3753,#3755,.T.);
#3753 = VERTEX_POINT('',#3754);
#3754 = CARTESIAN_POINT('',(40.,1.8,12.5));
#3755 = LINE('',#3756,#3757);
#3756 = CARTESIAN_POINT('',(40.,1.2,12.5));
#3757 = VECTOR('',#3758,1.);
#3758 = DIRECTION('',(0.,1.,-4.440892098501E-16));
#3759 = ORIENTED_EDGE('',*,*,#3760,.F.);
#3760 = EDGE_CURVE('',#3729,#3753,#3761,.T.);
#3761 = LINE('',#3762,#3763);
#3762 = CARTESIAN_POINT('',(50.,1.8,12.5));
#3763 = VECTOR('',#3764,1.);
#3764 = DIRECTION('',(-1.,0.,0.));
#3765 = ORIENTED_EDGE('',*,*,#3728,.F.);
#3766 = PLANE('',#3767);
#3767 = AXIS2_PLACEMENT_3D('',#3768,#3769,#3770);
#3768 = CARTESIAN_POINT('',(50.,1.2,12.5));
#3769 = DIRECTION('',(0.,4.440892098501E-16,1.));
#3770 = DIRECTION('',(0.,-1.,4.440892098501E-16));
#3771 = ADVANCED_FACE('',(#3772),#3783,.T.);
#3772 = FACE_BOUND('',#3773,.F.);
#3773 = EDGE_LOOP('',(#3774,#3775,#3776,#3782));
#3774 = ORIENTED_EDGE('',*,*,#2782,.T.);
#3775 = ORIENTED_EDGE('',*,*,#3752,.T.);
#3776 = ORIENTED_EDGE('',*,*,#3777,.T.);
#3777 = EDGE_CURVE('',#3753,#3396,#3778,.T.);
#3778 = LINE('',#3779,#3780);
#3779 = CARTESIAN_POINT('',(40.,1.8,12.5));
#3780 = VECTOR('',#3781,1.);
#3781 = DIRECTION('',(-0.,-4.440892098501E-16,-1.));
#3782 = ORIENTED_EDGE('',*,*,#3403,.T.);
#3783 = PLANE('',#3784);
#3784 = AXIS2_PLACEMENT_3D('',#3785,#3786,#3787);
#3785 = CARTESIAN_POINT('',(40.,1.5,11.25));
#3786 = DIRECTION('',(1.,0.,0.));
#3787 = DIRECTION('',(-0.,-4.440892098501E-16,-1.));
#3788 = ADVANCED_FACE('',(#3789),#3807,.F.);
#3789 = FACE_BOUND('',#3790,.T.);
#3790 = EDGE_LOOP('',(#3791,#3792,#3800,#3806));
#3791 = ORIENTED_EDGE('',*,*,#2928,.F.);
#3792 = ORIENTED_EDGE('',*,*,#3793,.T.);
#3793 = EDGE_CURVE('',#2921,#3794,#3796,.T.);
#3794 = VERTEX_POINT('',#3795);
#3795 = CARTESIAN_POINT('',(5.,-28.2,12.5));
#3796 = LINE('',#3797,#3798);
#3797 = CARTESIAN_POINT('',(5.,-28.8,12.5));
#3798 = VECTOR('',#3799,1.);
#3799 = DIRECTION('',(0.,1.,4.440892098501E-16));
#3800 = ORIENTED_EDGE('',*,*,#3801,.T.);
#3801 = EDGE_CURVE('',#3794,#3415,#3802,.T.);
#3802 = LINE('',#3803,#3804);
#3803 = CARTESIAN_POINT('',(5.,-28.2,12.5));
#3804 = VECTOR('',#3805,1.);
#3805 = DIRECTION('',(0.,4.440892098501E-16,-1.));
#3806 = ORIENTED_EDGE('',*,*,#3414,.T.);
#3807 = PLANE('',#3808);
#3808 = AXIS2_PLACEMENT_3D('',#3809,#3810,#3811);
#3809 = CARTESIAN_POINT('',(5.,-28.5,11.25));
#3810 = DIRECTION('',(1.,0.,0.));
#3811 = DIRECTION('',(0.,4.440892098501E-16,-1.));
#3812 = ADVANCED_FACE('',(#3813),#3831,.F.);
#3813 = FACE_BOUND('',#3814,.T.);
#3814 = EDGE_LOOP('',(#3815,#3816,#3824,#3830));
#3815 = ORIENTED_EDGE('',*,*,#2920,.T.);
#3816 = ORIENTED_EDGE('',*,*,#3817,.T.);
#3817 = EDGE_CURVE('',#2913,#3818,#3820,.T.);
#3818 = VERTEX_POINT('',#3819);
#3819 = CARTESIAN_POINT('',(-5.,-28.2,12.5));
#3820 = LINE('',#3821,#3822);
#3821 = CARTESIAN_POINT('',(-5.,-28.8,12.5));
#3822 = VECTOR('',#3823,1.);
#3823 = DIRECTION('',(0.,1.,4.440892098501E-16));
#3824 = ORIENTED_EDGE('',*,*,#3825,.F.);
#3825 = EDGE_CURVE('',#3794,#3818,#3826,.T.);
#3826 = LINE('',#3827,#3828);
#3827 = CARTESIAN_POINT('',(5.,-28.2,12.5));
#3828 = VECTOR('',#3829,1.);
#3829 = DIRECTION('',(-1.,-0.,-0.));
#3830 = ORIENTED_EDGE('',*,*,#3793,.F.);
#3831 = PLANE('',#3832);
#3832 = AXIS2_PLACEMENT_3D('',#3833,#3834,#3835);
#3833 = CARTESIAN_POINT('',(5.,-28.8,12.5));
#3834 = DIRECTION('',(0.,-4.440892098501E-16,1.));
#3835 = DIRECTION('',(-0.,-1.,-4.440892098501E-16));
#3836 = ADVANCED_FACE('',(#3837),#3848,.T.);
#3837 = FACE_BOUND('',#3838,.F.);
#3838 = EDGE_LOOP('',(#3839,#3840,#3841,#3847));
#3839 = ORIENTED_EDGE('',*,*,#2912,.T.);
#3840 = ORIENTED_EDGE('',*,*,#3817,.T.);
#3841 = ORIENTED_EDGE('',*,*,#3842,.T.);
#3842 = EDGE_CURVE('',#3818,#3423,#3843,.T.);
#3843 = LINE('',#3844,#3845);
#3844 = CARTESIAN_POINT('',(-5.,-28.2,12.5));
#3845 = VECTOR('',#3846,1.);
#3846 = DIRECTION('',(0.,4.440892098501E-16,-1.));
#3847 = ORIENTED_EDGE('',*,*,#3430,.T.);
#3848 = PLANE('',#3849);
#3849 = AXIS2_PLACEMENT_3D('',#3850,#3851,#3852);
#3850 = CARTESIAN_POINT('',(-5.,-28.5,11.25));
#3851 = DIRECTION('',(1.,0.,0.));
#3852 = DIRECTION('',(0.,4.440892098501E-16,-1.));
#3853 = ADVANCED_FACE('',(#3854),#3872,.T.);
#3854 = FACE_BOUND('',#3855,.T.);
#3855 = EDGE_LOOP('',(#3856,#3857,#3865,#3871));
#3856 = ORIENTED_EDGE('',*,*,#3058,.T.);
#3857 = ORIENTED_EDGE('',*,*,#3858,.T.);
#3858 = EDGE_CURVE('',#3051,#3859,#3861,.T.);
#3859 = VERTEX_POINT('',#3860);
#3860 = CARTESIAN_POINT('',(-40.,1.8,12.5));
#3861 = LINE('',#3862,#3863);
#3862 = CARTESIAN_POINT('',(-40.,1.2,12.5));
#3863 = VECTOR('',#3864,1.);
#3864 = DIRECTION('',(2.22044604925E-16,1.,-4.440892098501E-16));
#3865 = ORIENTED_EDGE('',*,*,#3866,.T.);
#3866 = EDGE_CURVE('',#3859,#3442,#3867,.T.);
#3867 = LINE('',#3868,#3869);
#3868 = CARTESIAN_POINT('',(-40.,1.8,12.5));
#3869 = VECTOR('',#3870,1.);
#3870 = DIRECTION('',(2.22044604925E-16,-4.440892098501E-16,-1.));
#3871 = ORIENTED_EDGE('',*,*,#3441,.T.);
#3872 = PLANE('',#3873);
#3873 = AXIS2_PLACEMENT_3D('',#3874,#3875,#3876);
#3874 = CARTESIAN_POINT('',(-40.,1.5,11.25));
#3875 = DIRECTION('',(-1.,2.22044604925E-16,-2.22044604925E-16));
#3876 = DIRECTION('',(-2.22044604925E-16,4.440892098501E-16,1.));
#3877 = ADVANCED_FACE('',(#3878),#3896,.F.);
#3878 = FACE_BOUND('',#3879,.F.);
#3879 = EDGE_LOOP('',(#3880,#3881,#3882,#3890));
#3880 = ORIENTED_EDGE('',*,*,#3050,.T.);
#3881 = ORIENTED_EDGE('',*,*,#3858,.T.);
#3882 = ORIENTED_EDGE('',*,*,#3883,.F.);
#3883 = EDGE_CURVE('',#3884,#3859,#3886,.T.);
#3884 = VERTEX_POINT('',#3885);
#3885 = CARTESIAN_POINT('',(-50.,1.8,12.5));
#3886 = LINE('',#3887,#3888);
#3887 = CARTESIAN_POINT('',(-50.,1.8,12.5));
#3888 = VECTOR('',#3889,1.);
#3889 = DIRECTION('',(1.,-2.22044604925E-16,2.22044604925E-16));
#3890 = ORIENTED_EDGE('',*,*,#3891,.F.);
#3891 = EDGE_CURVE('',#3043,#3884,#3892,.T.);
#3892 = LINE('',#3893,#3894);
#3893 = CARTESIAN_POINT('',(-50.,1.2,12.5));
#3894 = VECTOR('',#3895,1.);
#3895 = DIRECTION('',(2.22044604925E-16,1.,-4.440892098501E-16));
#3896 = PLANE('',#3897);
#3897 = AXIS2_PLACEMENT_3D('',#3898,#3899,#3900);
#3898 = CARTESIAN_POINT('',(-50.,1.2,12.5));
#3899 = DIRECTION('',(-2.22044604925E-16,4.440892098501E-16,1.));
#3900 = DIRECTION('',(2.22044604925E-16,1.,-4.440892098501E-16));
#3901 = ADVANCED_FACE('',(#3902),#3913,.F.);
#3902 = FACE_BOUND('',#3903,.F.);
#3903 = EDGE_LOOP('',(#3904,#3905,#3906,#3912));
#3904 = ORIENTED_EDGE('',*,*,#3042,.F.);
#3905 = ORIENTED_EDGE('',*,*,#3891,.T.);
#3906 = ORIENTED_EDGE('',*,*,#3907,.T.);
#3907 = EDGE_CURVE('',#3884,#3450,#3908,.T.);
#3908 = LINE('',#3909,#3910);
#3909 = CARTESIAN_POINT('',(-50.,1.8,12.5));
#3910 = VECTOR('',#3911,1.);
#3911 = DIRECTION('',(2.22044604925E-16,-4.440892098501E-16,-1.));
#3912 = ORIENTED_EDGE('',*,*,#3457,.T.);
#3913 = PLANE('',#3914);
#3914 = AXIS2_PLACEMENT_3D('',#3915,#3916,#3917);
#3915 = CARTESIAN_POINT('',(-50.,1.5,11.25));
#3916 = DIRECTION('',(-1.,2.22044604925E-16,-2.22044604925E-16));
#3917 = DIRECTION('',(-2.22044604925E-16,4.440892098501E-16,1.));
#3918 = ADVANCED_FACE('',(#3919),#3937,.F.);
#3919 = FACE_BOUND('',#3920,.F.);
#3920 = EDGE_LOOP('',(#3921,#3929,#3935,#3936));
#3921 = ORIENTED_EDGE('',*,*,#3922,.F.);
#3922 = EDGE_CURVE('',#3923,#3191,#3925,.T.);
#3923 = VERTEX_POINT('',#3924);
#3924 = CARTESIAN_POINT('',(-62.5,2.4,1.));
#3925 = LINE('',#3926,#3927);
#3926 = CARTESIAN_POINT('',(-62.5,2.4,0.));
#3927 = VECTOR('',#3928,1.);
#3928 = DIRECTION('',(0.,0.,1.));
#3929 = ORIENTED_EDGE('',*,*,#3930,.F.);
#3930 = EDGE_CURVE('',#3125,#3923,#3931,.T.);
#3931 = LINE('',#3932,#3933);
#3932 = CARTESIAN_POINT('',(-62.5,27.6,1.));
#3933 = VECTOR('',#3934,1.);
#3934 = DIRECTION('',(0.,-1.,0.));
#3935 = ORIENTED_EDGE('',*,*,#3124,.T.);
#3936 = ORIENTED_EDGE('',*,*,#3190,.T.);
#3937 = PLANE('',#3938);
#3938 = AXIS2_PLACEMENT_3D('',#3939,#3940,#3941);
#3939 = CARTESIAN_POINT('',(-62.5,30.,0.));
#3940 = DIRECTION('',(1.,0.,0.));
#3941 = DIRECTION('',(0.,-1.,0.));
#3942 = ADVANCED_FACE('',(#3943),#3963,.T.);
#3943 = FACE_BOUND('',#3944,.T.);
#3944 = EDGE_LOOP('',(#3945,#3946,#3955,#3962));
#3945 = ORIENTED_EDGE('',*,*,#3167,.F.);
#3946 = ORIENTED_EDGE('',*,*,#3947,.T.);
#3947 = EDGE_CURVE('',#3168,#3948,#3950,.T.);
#3948 = VERTEX_POINT('',#3949);
#3949 = CARTESIAN_POINT('',(-61.5,27.6,0.));
#3950 = CIRCLE('',#3951,1.4);
#3951 = AXIS2_PLACEMENT_3D('',#3952,#3953,#3954);
#3952 = CARTESIAN_POINT('',(-60.1,27.6,0.));
#3953 = DIRECTION('',(0.,-0.,1.));
#3954 = DIRECTION('',(0.,1.,0.));
#3955 = ORIENTED_EDGE('',*,*,#3956,.T.);
#3956 = EDGE_CURVE('',#3948,#3125,#3957,.T.);
#3957 = CIRCLE('',#3958,1.);
#3958 = AXIS2_PLACEMENT_3D('',#3959,#3960,#3961);
#3959 = CARTESIAN_POINT('',(-61.5,27.6,1.));
#3960 = DIRECTION('',(6.123233995737E-17,1.,-0.));
#3961 = DIRECTION('',(-1.,6.123233995737E-17,0.));
#3962 = ORIENTED_EDGE('',*,*,#3134,.F.);
#3963 = TOROIDAL_SURFACE('',#3964,1.4,1.);
#3964 = AXIS2_PLACEMENT_3D('',#3965,#3966,#3967);
#3965 = CARTESIAN_POINT('',(-60.1,27.6,1.));
#3966 = DIRECTION('',(0.,0.,1.));
#3967 = DIRECTION('',(0.,1.,0.));
#3968 = ADVANCED_FACE('',(#3969),#3989,.T.);
#3969 = FACE_BOUND('',#3970,.T.);
#3970 = EDGE_LOOP('',(#3971,#3980,#3987,#3988));
#3971 = ORIENTED_EDGE('',*,*,#3972,.F.);
#3972 = EDGE_CURVE('',#3973,#3474,#3975,.T.);
#3973 = VERTEX_POINT('',#3974);
#3974 = CARTESIAN_POINT('',(61.5,27.6,-2.22044604925E-16));
#3975 = CIRCLE('',#3976,1.);
#3976 = AXIS2_PLACEMENT_3D('',#3977,#3978,#3979);
#3977 = CARTESIAN_POINT('',(61.5,27.6,1.));
#3978 = DIRECTION('',(0.,-1.,0.));
#3979 = DIRECTION('',(0.,0.,-1.));
#3980 = ORIENTED_EDGE('',*,*,#3981,.T.);
#3981 = EDGE_CURVE('',#3973,#3158,#3982,.T.);
#3982 = CIRCLE('',#3983,1.4);
#3983 = AXIS2_PLACEMENT_3D('',#3984,#3985,#3986);
#3984 = CARTESIAN_POINT('',(60.1,27.6,0.));
#3985 = DIRECTION('',(0.,0.,1.));
#3986 = DIRECTION('',(1.,0.,0.));
#3987 = ORIENTED_EDGE('',*,*,#3157,.T.);
#3988 = ORIENTED_EDGE('',*,*,#3481,.F.);
#3989 = TOROIDAL_SURFACE('',#3990,1.4,1.);
#3990 = AXIS2_PLACEMENT_3D('',#3991,#3992,#3993);
#3991 = CARTESIAN_POINT('',(60.1,27.6,1.));
#3992 = DIRECTION('',(0.,0.,1.));
#3993 = DIRECTION('',(1.,0.,0.));
#3994 = ADVANCED_FACE('',(#3995),#4108,.F.);
#3995 = FACE_BOUND('',#3996,.F.);
#3996 = EDGE_LOOP('',(#3997,#3998,#3999,#4007,#4016,#4024,#4033,#4041,
    #4050,#4058,#4067,#4075,#4084,#4092,#4101,#4107));
#3997 = ORIENTED_EDGE('',*,*,#3176,.T.);
#3998 = ORIENTED_EDGE('',*,*,#3947,.T.);
#3999 = ORIENTED_EDGE('',*,*,#4000,.T.);
#4000 = EDGE_CURVE('',#3948,#4001,#4003,.T.);
#4001 = VERTEX_POINT('',#4002);
#4002 = CARTESIAN_POINT('',(-61.5,2.4,-2.22044604925E-16));
#4003 = LINE('',#4004,#4005);
#4004 = CARTESIAN_POINT('',(-61.5,27.6,-2.22044604925E-16));
#4005 = VECTOR('',#4006,1.);
#4006 = DIRECTION('',(0.,-1.,0.));
#4007 = ORIENTED_EDGE('',*,*,#4008,.T.);
#4008 = EDGE_CURVE('',#4001,#4009,#4011,.T.);
#4009 = VERTEX_POINT('',#4010);
#4010 = CARTESIAN_POINT('',(-60.1,1.,0.));
#4011 = CIRCLE('',#4012,1.4);
#4012 = AXIS2_PLACEMENT_3D('',#4013,#4014,#4015);
#4013 = CARTESIAN_POINT('',(-60.1,2.4,0.));
#4014 = DIRECTION('',(0.,0.,1.));
#4015 = DIRECTION('',(-1.,0.,0.));
#4016 = ORIENTED_EDGE('',*,*,#4017,.T.);
#4017 = EDGE_CURVE('',#4009,#4018,#4020,.T.);
#4018 = VERTEX_POINT('',#4019);
#4019 = CARTESIAN_POINT('',(-18.4,1.,-2.22044604925E-16));
#4020 = LINE('',#4021,#4022);
#4021 = CARTESIAN_POINT('',(-60.1,1.,-2.22044604925E-16));
#4022 = VECTOR('',#4023,1.);
#4023 = DIRECTION('',(1.,0.,0.));
#4024 = ORIENTED_EDGE('',*,*,#4025,.T.);
#4025 = EDGE_CURVE('',#4018,#4026,#4028,.T.);
#4026 = VERTEX_POINT('',#4027);
#4027 = CARTESIAN_POINT('',(-15.,-2.4,0.));
#4028 = CIRCLE('',#4029,3.4);
#4029 = AXIS2_PLACEMENT_3D('',#4030,#4031,#4032);
#4030 = CARTESIAN_POINT('',(-18.4,-2.4,0.));
#4031 = DIRECTION('',(0.,0.,-1.));
#4032 = DIRECTION('',(0.,1.,0.));
#4033 = ORIENTED_EDGE('',*,*,#4034,.T.);
#4034 = EDGE_CURVE('',#4026,#4035,#4037,.T.);
#4035 = VERTEX_POINT('',#4036);
#4036 = CARTESIAN_POINT('',(-15.,-27.6,-2.22044604925E-16));
#4037 = LINE('',#4038,#4039);
#4038 = CARTESIAN_POINT('',(-15.,-2.4,-2.22044604925E-16));
#4039 = VECTOR('',#4040,1.);
#4040 = DIRECTION('',(0.,-1.,0.));
#4041 = ORIENTED_EDGE('',*,*,#4042,.T.);
#4042 = EDGE_CURVE('',#4035,#4043,#4045,.T.);
#4043 = VERTEX_POINT('',#4044);
#4044 = CARTESIAN_POINT('',(-13.6,-29.,0.));
#4045 = CIRCLE('',#4046,1.4);
#4046 = AXIS2_PLACEMENT_3D('',#4047,#4048,#4049);
#4047 = CARTESIAN_POINT('',(-13.6,-27.6,0.));
#4048 = DIRECTION('',(0.,0.,1.));
#4049 = DIRECTION('',(-1.,0.,0.));
#4050 = ORIENTED_EDGE('',*,*,#4051,.T.);
#4051 = EDGE_CURVE('',#4043,#4052,#4054,.T.);
#4052 = VERTEX_POINT('',#4053);
#4053 = CARTESIAN_POINT('',(13.6,-29.,-2.22044604925E-16));
#4054 = LINE('',#4055,#4056);
#4055 = CARTESIAN_POINT('',(-13.6,-29.,-2.22044604925E-16));
#4056 = VECTOR('',#4057,1.);
#4057 = DIRECTION('',(1.,0.,0.));
#4058 = ORIENTED_EDGE('',*,*,#4059,.T.);
#4059 = EDGE_CURVE('',#4052,#4060,#4062,.T.);
#4060 = VERTEX_POINT('',#4061);
#4061 = CARTESIAN_POINT('',(15.,-27.6,0.));
#4062 = CIRCLE('',#4063,1.4);
#4063 = AXIS2_PLACEMENT_3D('',#4064,#4065,#4066);
#4064 = CARTESIAN_POINT('',(13.6,-27.6,0.));
#4065 = DIRECTION('',(-0.,0.,1.));
#4066 = DIRECTION('',(0.,-1.,0.));
#4067 = ORIENTED_EDGE('',*,*,#4068,.T.);
#4068 = EDGE_CURVE('',#4060,#4069,#4071,.T.);
#4069 = VERTEX_POINT('',#4070);
#4070 = CARTESIAN_POINT('',(15.,-2.4,-2.22044604925E-16));
#4071 = LINE('',#4072,#4073);
#4072 = CARTESIAN_POINT('',(15.,-27.6,-2.22044604925E-16));
#4073 = VECTOR('',#4074,1.);
#4074 = DIRECTION('',(0.,1.,0.));
#4075 = ORIENTED_EDGE('',*,*,#4076,.T.);
#4076 = EDGE_CURVE('',#4069,#4077,#4079,.T.);
#4077 = VERTEX_POINT('',#4078);
#4078 = CARTESIAN_POINT('',(18.4,1.,0.));
#4079 = CIRCLE('',#4080,3.4);
#4080 = AXIS2_PLACEMENT_3D('',#4081,#4082,#4083);
#4081 = CARTESIAN_POINT('',(18.4,-2.4,0.));
#4082 = DIRECTION('',(-0.,0.,-1.));
#4083 = DIRECTION('',(-1.,-3.700743415417E-16,0.));
#4084 = ORIENTED_EDGE('',*,*,#4085,.T.);
#4085 = EDGE_CURVE('',#4077,#4086,#4088,.T.);
#4086 = VERTEX_POINT('',#4087);
#4087 = CARTESIAN_POINT('',(60.1,1.,-2.22044604925E-16));
#4088 = LINE('',#4089,#4090);
#4089 = CARTESIAN_POINT('',(18.4,1.,-2.22044604925E-16));
#4090 = VECTOR('',#4091,1.);
#4091 = DIRECTION('',(1.,0.,0.));
#4092 = ORIENTED_EDGE('',*,*,#4093,.T.);
#4093 = EDGE_CURVE('',#4086,#4094,#4096,.T.);
#4094 = VERTEX_POINT('',#4095);
#4095 = CARTESIAN_POINT('',(61.5,2.4,0.));
#4096 = CIRCLE('',#4097,1.4);
#4097 = AXIS2_PLACEMENT_3D('',#4098,#4099,#4100);
#4098 = CARTESIAN_POINT('',(60.1,2.4,0.));
#4099 = DIRECTION('',(-0.,0.,1.));
#4100 = DIRECTION('',(0.,-1.,0.));
#4101 = ORIENTED_EDGE('',*,*,#4102,.T.);
#4102 = EDGE_CURVE('',#4094,#3973,#4103,.T.);
#4103 = LINE('',#4104,#4105);
#4104 = CARTESIAN_POINT('',(61.5,2.4,-2.22044604925E-16));
#4105 = VECTOR('',#4106,1.);
#4106 = DIRECTION('',(0.,1.,0.));
#4107 = ORIENTED_EDGE('',*,*,#3981,.T.);
#4108 = PLANE('',#4109);
#4109 = AXIS2_PLACEMENT_3D('',#4110,#4111,#4112);
#4110 = CARTESIAN_POINT('',(0.,7.540540540541,0.));
#4111 = DIRECTION('',(0.,0.,1.));
#4112 = DIRECTION('',(1.,0.,0.));
#4113 = ADVANCED_FACE('',(#4114),#4133,.T.);
#4114 = FACE_BOUND('',#4115,.T.);
#4115 = EDGE_LOOP('',(#4116,#4117,#4126,#4132));
#4116 = ORIENTED_EDGE('',*,*,#3922,.F.);
#4117 = ORIENTED_EDGE('',*,*,#4118,.T.);
#4118 = EDGE_CURVE('',#3923,#4119,#4121,.T.);
#4119 = VERTEX_POINT('',#4120);
#4120 = CARTESIAN_POINT('',(-60.1,-4.440892098501E-16,1.));
#4121 = CIRCLE('',#4122,2.4);
#4122 = AXIS2_PLACEMENT_3D('',#4123,#4124,#4125);
#4123 = CARTESIAN_POINT('',(-60.1,2.4,1.));
#4124 = DIRECTION('',(0.,0.,1.));
#4125 = DIRECTION('',(-1.,0.,0.));
#4126 = ORIENTED_EDGE('',*,*,#4127,.T.);
#4127 = EDGE_CURVE('',#4119,#3199,#4128,.T.);
#4128 = LINE('',#4129,#4130);
#4129 = CARTESIAN_POINT('',(-60.1,-4.440892098501E-16,0.));
#4130 = VECTOR('',#4131,1.);
#4131 = DIRECTION('',(0.,0.,1.));
#4132 = ORIENTED_EDGE('',*,*,#3198,.F.);
#4133 = CYLINDRICAL_SURFACE('',#4134,2.4);
#4134 = AXIS2_PLACEMENT_3D('',#4135,#4136,#4137);
#4135 = CARTESIAN_POINT('',(-60.1,2.4,0.));
#4136 = DIRECTION('',(0.,0.,1.));
#4137 = DIRECTION('',(-1.,0.,0.));
#4138 = ADVANCED_FACE('',(#4139),#4157,.T.);
#4139 = FACE_BOUND('',#4140,.T.);
#4140 = EDGE_LOOP('',(#4141,#4142,#4150,#4156));
#4141 = ORIENTED_EDGE('',*,*,#4127,.F.);
#4142 = ORIENTED_EDGE('',*,*,#4143,.T.);
#4143 = EDGE_CURVE('',#4119,#4144,#4146,.T.);
#4144 = VERTEX_POINT('',#4145);
#4145 = CARTESIAN_POINT('',(-18.4,-2.22044604925E-16,1.));
#4146 = LINE('',#4147,#4148);
#4147 = CARTESIAN_POINT('',(-60.1,-2.22044604925E-16,1.));
#4148 = VECTOR('',#4149,1.);
#4149 = DIRECTION('',(1.,0.,0.));
#4150 = ORIENTED_EDGE('',*,*,#4151,.T.);
#4151 = EDGE_CURVE('',#4144,#3208,#4152,.T.);
#4152 = LINE('',#4153,#4154);
#4153 = CARTESIAN_POINT('',(-18.4,4.440892098501E-16,0.));
#4154 = VECTOR('',#4155,1.);
#4155 = DIRECTION('',(0.,0.,1.));
#4156 = ORIENTED_EDGE('',*,*,#3207,.F.);
#4157 = PLANE('',#4158);
#4158 = AXIS2_PLACEMENT_3D('',#4159,#4160,#4161);
#4159 = CARTESIAN_POINT('',(-39.25,0.,7.));
#4160 = DIRECTION('',(-0.,-1.,-0.));
#4161 = DIRECTION('',(0.,0.,-1.));
#4162 = ADVANCED_FACE('',(#4163),#4182,.F.);
#4163 = FACE_BOUND('',#4164,.F.);
#4164 = EDGE_LOOP('',(#4165,#4173,#4180,#4181));
#4165 = ORIENTED_EDGE('',*,*,#4166,.F.);
#4166 = EDGE_CURVE('',#4167,#3216,#4169,.T.);
#4167 = VERTEX_POINT('',#4168);
#4168 = CARTESIAN_POINT('',(-16.,-2.4,1.));
#4169 = LINE('',#4170,#4171);
#4170 = CARTESIAN_POINT('',(-16.,-2.4,0.));
#4171 = VECTOR('',#4172,1.);
#4172 = DIRECTION('',(0.,0.,1.));
#4173 = ORIENTED_EDGE('',*,*,#4174,.F.);
#4174 = EDGE_CURVE('',#4144,#4167,#4175,.T.);
#4175 = CIRCLE('',#4176,2.4);
#4176 = AXIS2_PLACEMENT_3D('',#4177,#4178,#4179);
#4177 = CARTESIAN_POINT('',(-18.4,-2.4,1.));
#4178 = DIRECTION('',(0.,0.,-1.));
#4179 = DIRECTION('',(0.,1.,0.));
#4180 = ORIENTED_EDGE('',*,*,#4151,.T.);
#4181 = ORIENTED_EDGE('',*,*,#3215,.T.);
#4182 = CYLINDRICAL_SURFACE('',#4183,2.4);
#4183 = AXIS2_PLACEMENT_3D('',#4184,#4185,#4186);
#4184 = CARTESIAN_POINT('',(-18.4,-2.4,0.));
#4185 = DIRECTION('',(0.,0.,1.));
#4186 = DIRECTION('',(1.,0.,0.));
#4187 = ADVANCED_FACE('',(#4188),#4206,.F.);
#4188 = FACE_BOUND('',#4189,.F.);
#4189 = EDGE_LOOP('',(#4190,#4198,#4204,#4205));
#4190 = ORIENTED_EDGE('',*,*,#4191,.F.);
#4191 = EDGE_CURVE('',#4192,#3225,#4194,.T.);
#4192 = VERTEX_POINT('',#4193);
#4193 = CARTESIAN_POINT('',(-16.,-27.6,1.));
#4194 = LINE('',#4195,#4196);
#4195 = CARTESIAN_POINT('',(-16.,-27.6,0.));
#4196 = VECTOR('',#4197,1.);
#4197 = DIRECTION('',(0.,0.,1.));
#4198 = ORIENTED_EDGE('',*,*,#4199,.F.);
#4199 = EDGE_CURVE('',#4167,#4192,#4200,.T.);
#4200 = LINE('',#4201,#4202);
#4201 = CARTESIAN_POINT('',(-16.,-2.4,1.));
#4202 = VECTOR('',#4203,1.);
#4203 = DIRECTION('',(0.,-1.,0.));
#4204 = ORIENTED_EDGE('',*,*,#4166,.T.);
#4205 = ORIENTED_EDGE('',*,*,#3224,.T.);
#4206 = PLANE('',#4207);
#4207 = AXIS2_PLACEMENT_3D('',#4208,#4209,#4210);
#4208 = CARTESIAN_POINT('',(-16.,0.,0.));
#4209 = DIRECTION('',(1.,0.,0.));
#4210 = DIRECTION('',(0.,-1.,0.));
#4211 = ADVANCED_FACE('',(#4212),#4231,.T.);
#4212 = FACE_BOUND('',#4213,.T.);
#4213 = EDGE_LOOP('',(#4214,#4215,#4224,#4230));
#4214 = ORIENTED_EDGE('',*,*,#4191,.F.);
#4215 = ORIENTED_EDGE('',*,*,#4216,.T.);
#4216 = EDGE_CURVE('',#4192,#4217,#4219,.T.);
#4217 = VERTEX_POINT('',#4218);
#4218 = CARTESIAN_POINT('',(-13.6,-30.,1.));
#4219 = CIRCLE('',#4220,2.4);
#4220 = AXIS2_PLACEMENT_3D('',#4221,#4222,#4223);
#4221 = CARTESIAN_POINT('',(-13.6,-27.6,1.));
#4222 = DIRECTION('',(0.,0.,1.));
#4223 = DIRECTION('',(-1.,0.,0.));
#4224 = ORIENTED_EDGE('',*,*,#4225,.T.);
#4225 = EDGE_CURVE('',#4217,#3233,#4226,.T.);
#4226 = LINE('',#4227,#4228);
#4227 = CARTESIAN_POINT('',(-13.6,-30.,0.));
#4228 = VECTOR('',#4229,1.);
#4229 = DIRECTION('',(0.,0.,1.));
#4230 = ORIENTED_EDGE('',*,*,#3232,.F.);
#4231 = CYLINDRICAL_SURFACE('',#4232,2.4);
#4232 = AXIS2_PLACEMENT_3D('',#4233,#4234,#4235);
#4233 = CARTESIAN_POINT('',(-13.6,-27.6,0.));
#4234 = DIRECTION('',(0.,0.,1.));
#4235 = DIRECTION('',(-1.,0.,0.));
#4236 = ADVANCED_FACE('',(#4237),#4255,.T.);
#4237 = FACE_BOUND('',#4238,.T.);
#4238 = EDGE_LOOP('',(#4239,#4240,#4248,#4254));
#4239 = ORIENTED_EDGE('',*,*,#4225,.F.);
#4240 = ORIENTED_EDGE('',*,*,#4241,.T.);
#4241 = EDGE_CURVE('',#4217,#4242,#4244,.T.);
#4242 = VERTEX_POINT('',#4243);
#4243 = CARTESIAN_POINT('',(13.6,-30.,1.));
#4244 = LINE('',#4245,#4246);
#4245 = CARTESIAN_POINT('',(-13.6,-30.,1.));
#4246 = VECTOR('',#4247,1.);
#4247 = DIRECTION('',(1.,0.,0.));
#4248 = ORIENTED_EDGE('',*,*,#4249,.T.);
#4249 = EDGE_CURVE('',#4242,#3242,#4250,.T.);
#4250 = LINE('',#4251,#4252);
#4251 = CARTESIAN_POINT('',(13.6,-30.,0.));
#4252 = VECTOR('',#4253,1.);
#4253 = DIRECTION('',(0.,0.,1.));
#4254 = ORIENTED_EDGE('',*,*,#3241,.F.);
#4255 = PLANE('',#4256);
#4256 = AXIS2_PLACEMENT_3D('',#4257,#4258,#4259);
#4257 = CARTESIAN_POINT('',(0.,-30.,7.));
#4258 = DIRECTION('',(-0.,-1.,-0.));
#4259 = DIRECTION('',(0.,0.,-1.));
#4260 = ADVANCED_FACE('',(#4261),#4280,.T.);
#4261 = FACE_BOUND('',#4262,.F.);
#4262 = EDGE_LOOP('',(#4263,#4271,#4278,#4279));
#4263 = ORIENTED_EDGE('',*,*,#4264,.F.);
#4264 = EDGE_CURVE('',#4265,#3250,#4267,.T.);
#4265 = VERTEX_POINT('',#4266);
#4266 = CARTESIAN_POINT('',(16.,-27.6,1.));
#4267 = LINE('',#4268,#4269);
#4268 = CARTESIAN_POINT('',(16.,-27.6,0.));
#4269 = VECTOR('',#4270,1.);
#4270 = DIRECTION('',(0.,0.,1.));
#4271 = ORIENTED_EDGE('',*,*,#4272,.F.);
#4272 = EDGE_CURVE('',#4242,#4265,#4273,.T.);
#4273 = CIRCLE('',#4274,2.4);
#4274 = AXIS2_PLACEMENT_3D('',#4275,#4276,#4277);
#4275 = CARTESIAN_POINT('',(13.6,-27.6,1.));
#4276 = DIRECTION('',(-0.,0.,1.));
#4277 = DIRECTION('',(0.,-1.,0.));
#4278 = ORIENTED_EDGE('',*,*,#4249,.T.);
#4279 = ORIENTED_EDGE('',*,*,#3249,.T.);
#4280 = CYLINDRICAL_SURFACE('',#4281,2.4);
#4281 = AXIS2_PLACEMENT_3D('',#4282,#4283,#4284);
#4282 = CARTESIAN_POINT('',(13.6,-27.6,0.));
#4283 = DIRECTION('',(0.,0.,1.));
#4284 = DIRECTION('',(1.,0.,0.));
#4285 = ADVANCED_FACE('',(#4286),#4304,.F.);
#4286 = FACE_BOUND('',#4287,.F.);
#4287 = EDGE_LOOP('',(#4288,#4296,#4302,#4303));
#4288 = ORIENTED_EDGE('',*,*,#4289,.F.);
#4289 = EDGE_CURVE('',#4290,#3259,#4292,.T.);
#4290 = VERTEX_POINT('',#4291);
#4291 = CARTESIAN_POINT('',(16.,-2.4,1.));
#4292 = LINE('',#4293,#4294);
#4293 = CARTESIAN_POINT('',(16.,-2.4,0.));
#4294 = VECTOR('',#4295,1.);
#4295 = DIRECTION('',(0.,0.,1.));
#4296 = ORIENTED_EDGE('',*,*,#4297,.F.);
#4297 = EDGE_CURVE('',#4265,#4290,#4298,.T.);
#4298 = LINE('',#4299,#4300);
#4299 = CARTESIAN_POINT('',(16.,-27.6,1.));
#4300 = VECTOR('',#4301,1.);
#4301 = DIRECTION('',(0.,1.,0.));
#4302 = ORIENTED_EDGE('',*,*,#4264,.T.);
#4303 = ORIENTED_EDGE('',*,*,#3258,.T.);
#4304 = PLANE('',#4305);
#4305 = AXIS2_PLACEMENT_3D('',#4306,#4307,#4308);
#4306 = CARTESIAN_POINT('',(16.,-30.,0.));
#4307 = DIRECTION('',(-1.,0.,0.));
#4308 = DIRECTION('',(0.,1.,0.));
#4309 = ADVANCED_FACE('',(#4310),#4329,.F.);
#4310 = FACE_BOUND('',#4311,.T.);
#4311 = EDGE_LOOP('',(#4312,#4313,#4322,#4328));
#4312 = ORIENTED_EDGE('',*,*,#4289,.F.);
#4313 = ORIENTED_EDGE('',*,*,#4314,.T.);
#4314 = EDGE_CURVE('',#4290,#4315,#4317,.T.);
#4315 = VERTEX_POINT('',#4316);
#4316 = CARTESIAN_POINT('',(18.4,1.33226762955E-15,1.));
#4317 = CIRCLE('',#4318,2.4);
#4318 = AXIS2_PLACEMENT_3D('',#4319,#4320,#4321);
#4319 = CARTESIAN_POINT('',(18.4,-2.4,1.));
#4320 = DIRECTION('',(-0.,0.,-1.));
#4321 = DIRECTION('',(-1.,-3.700743415417E-16,0.));
#4322 = ORIENTED_EDGE('',*,*,#4323,.T.);
#4323 = EDGE_CURVE('',#4315,#3267,#4324,.T.);
#4324 = LINE('',#4325,#4326);
#4325 = CARTESIAN_POINT('',(18.4,4.440892098501E-16,0.));
#4326 = VECTOR('',#4327,1.);
#4327 = DIRECTION('',(0.,0.,1.));
#4328 = ORIENTED_EDGE('',*,*,#3266,.F.);
#4329 = CYLINDRICAL_SURFACE('',#4330,2.4);
#4330 = AXIS2_PLACEMENT_3D('',#4331,#4332,#4333);
#4331 = CARTESIAN_POINT('',(18.4,-2.4,0.));
#4332 = DIRECTION('',(0.,0.,1.));
#4333 = DIRECTION('',(-1.,0.,0.));
#4334 = ADVANCED_FACE('',(#4335),#4353,.F.);
#4335 = FACE_BOUND('',#4336,.F.);
#4336 = EDGE_LOOP('',(#4337,#4345,#4351,#4352));
#4337 = ORIENTED_EDGE('',*,*,#4338,.F.);
#4338 = EDGE_CURVE('',#4339,#3276,#4341,.T.);
#4339 = VERTEX_POINT('',#4340);
#4340 = CARTESIAN_POINT('',(60.1,-2.22044604925E-16,1.));
#4341 = LINE('',#4342,#4343);
#4342 = CARTESIAN_POINT('',(60.1,-4.440892098501E-16,0.));
#4343 = VECTOR('',#4344,1.);
#4344 = DIRECTION('',(0.,0.,1.));
#4345 = ORIENTED_EDGE('',*,*,#4346,.F.);
#4346 = EDGE_CURVE('',#4315,#4339,#4347,.T.);
#4347 = LINE('',#4348,#4349);
#4348 = CARTESIAN_POINT('',(18.4,-2.22044604925E-16,1.));
#4349 = VECTOR('',#4350,1.);
#4350 = DIRECTION('',(1.,0.,0.));
#4351 = ORIENTED_EDGE('',*,*,#4323,.T.);
#4352 = ORIENTED_EDGE('',*,*,#3275,.T.);
#4353 = PLANE('',#4354);
#4354 = AXIS2_PLACEMENT_3D('',#4355,#4356,#4357);
#4355 = CARTESIAN_POINT('',(16.,0.,0.));
#4356 = DIRECTION('',(0.,1.,0.));
#4357 = DIRECTION('',(1.,0.,0.));
#4358 = ADVANCED_FACE('',(#4359),#4378,.T.);
#4359 = FACE_BOUND('',#4360,.T.);
#4360 = EDGE_LOOP('',(#4361,#4362,#4371,#4377));
#4361 = ORIENTED_EDGE('',*,*,#4338,.F.);
#4362 = ORIENTED_EDGE('',*,*,#4363,.T.);
#4363 = EDGE_CURVE('',#4339,#4364,#4366,.T.);
#4364 = VERTEX_POINT('',#4365);
#4365 = CARTESIAN_POINT('',(62.5,2.4,1.));
#4366 = CIRCLE('',#4367,2.4);
#4367 = AXIS2_PLACEMENT_3D('',#4368,#4369,#4370);
#4368 = CARTESIAN_POINT('',(60.1,2.4,1.));
#4369 = DIRECTION('',(-0.,0.,1.));
#4370 = DIRECTION('',(0.,-1.,0.));
#4371 = ORIENTED_EDGE('',*,*,#4372,.T.);
#4372 = EDGE_CURVE('',#4364,#3284,#4373,.T.);
#4373 = LINE('',#4374,#4375);
#4374 = CARTESIAN_POINT('',(62.5,2.4,0.));
#4375 = VECTOR('',#4376,1.);
#4376 = DIRECTION('',(0.,0.,1.));
#4377 = ORIENTED_EDGE('',*,*,#3283,.F.);
#4378 = CYLINDRICAL_SURFACE('',#4379,2.4);
#4379 = AXIS2_PLACEMENT_3D('',#4380,#4381,#4382);
#4380 = CARTESIAN_POINT('',(60.1,2.4,0.));
#4381 = DIRECTION('',(0.,0.,1.));
#4382 = DIRECTION('',(0.,-1.,0.));
#4383 = ADVANCED_FACE('',(#4384),#4395,.F.);
#4384 = FACE_BOUND('',#4385,.F.);
#4385 = EDGE_LOOP('',(#4386,#4387,#4393,#4394));
#4386 = ORIENTED_EDGE('',*,*,#3473,.F.);
#4387 = ORIENTED_EDGE('',*,*,#4388,.F.);
#4388 = EDGE_CURVE('',#4364,#3474,#4389,.T.);
#4389 = LINE('',#4390,#4391);
#4390 = CARTESIAN_POINT('',(62.5,2.4,1.));
#4391 = VECTOR('',#4392,1.);
#4392 = DIRECTION('',(0.,1.,0.));
#4393 = ORIENTED_EDGE('',*,*,#4372,.T.);
#4394 = ORIENTED_EDGE('',*,*,#3292,.T.);
#4395 = PLANE('',#4396);
#4396 = AXIS2_PLACEMENT_3D('',#4397,#4398,#4399);
#4397 = CARTESIAN_POINT('',(62.5,0.,0.));
#4398 = DIRECTION('',(-1.,0.,0.));
#4399 = DIRECTION('',(0.,1.,0.));
#4400 = ADVANCED_FACE('',(#4401),#4407,.F.);
#4401 = FACE_BOUND('',#4402,.T.);
#4402 = EDGE_LOOP('',(#4403,#4404,#4405,#4406));
#4403 = ORIENTED_EDGE('',*,*,#3565,.T.);
#4404 = ORIENTED_EDGE('',*,*,#3582,.T.);
#4405 = ORIENTED_EDGE('',*,*,#3322,.F.);
#4406 = ORIENTED_EDGE('',*,*,#3541,.F.);
#4407 = PLANE('',#4408);
#4408 = AXIS2_PLACEMENT_3D('',#4409,#4410,#4411);
#4409 = CARTESIAN_POINT('',(-50.,28.2,12.5));
#4410 = DIRECTION('',(-2.22044604925E-16,-1.,-2.465190328816E-32));
#4411 = DIRECTION('',(-2.22044604925E-16,2.465190328816E-32,1.));
#4412 = ADVANCED_FACE('',(#4413),#4419,.F.);
#4413 = FACE_BOUND('',#4414,.F.);
#4414 = EDGE_LOOP('',(#4415,#4416,#4417,#4418));
#4415 = ORIENTED_EDGE('',*,*,#3623,.T.);
#4416 = ORIENTED_EDGE('',*,*,#3606,.T.);
#4417 = ORIENTED_EDGE('',*,*,#3345,.F.);
#4418 = ORIENTED_EDGE('',*,*,#3647,.F.);
#4419 = PLANE('',#4420);
#4420 = AXIS2_PLACEMENT_3D('',#4421,#4422,#4423);
#4421 = CARTESIAN_POINT('',(5.,28.2,12.5));
#4422 = DIRECTION('',(-0.,-1.,-0.));
#4423 = DIRECTION('',(0.,0.,-1.));
#4424 = ADVANCED_FACE('',(#4425),#4431,.F.);
#4425 = FACE_BOUND('',#4426,.F.);
#4426 = EDGE_LOOP('',(#4427,#4428,#4429,#4430));
#4427 = ORIENTED_EDGE('',*,*,#3688,.T.);
#4428 = ORIENTED_EDGE('',*,*,#3671,.T.);
#4429 = ORIENTED_EDGE('',*,*,#3368,.F.);
#4430 = ORIENTED_EDGE('',*,*,#3712,.F.);
#4431 = PLANE('',#4432);
#4432 = AXIS2_PLACEMENT_3D('',#4433,#4434,#4435);
#4433 = CARTESIAN_POINT('',(50.,28.2,12.5));
#4434 = DIRECTION('',(-0.,-1.,-0.));
#4435 = DIRECTION('',(0.,0.,-1.));
#4436 = ADVANCED_FACE('',(#4437),#4443,.F.);
#4437 = FACE_BOUND('',#4438,.T.);
#4438 = EDGE_LOOP('',(#4439,#4440,#4441,#4442));
#4439 = ORIENTED_EDGE('',*,*,#3760,.T.);
#4440 = ORIENTED_EDGE('',*,*,#3777,.T.);
#4441 = ORIENTED_EDGE('',*,*,#3395,.F.);
#4442 = ORIENTED_EDGE('',*,*,#3736,.F.);
#4443 = PLANE('',#4444);
#4444 = AXIS2_PLACEMENT_3D('',#4445,#4446,#4447);
#4445 = CARTESIAN_POINT('',(50.,1.8,12.5));
#4446 = DIRECTION('',(0.,1.,-4.440892098501E-16));
#4447 = DIRECTION('',(0.,4.440892098501E-16,1.));
#4448 = ADVANCED_FACE('',(#4449),#4455,.F.);
#4449 = FACE_BOUND('',#4450,.T.);
#4450 = EDGE_LOOP('',(#4451,#4452,#4453,#4454));
#4451 = ORIENTED_EDGE('',*,*,#3825,.T.);
#4452 = ORIENTED_EDGE('',*,*,#3842,.T.);
#4453 = ORIENTED_EDGE('',*,*,#3422,.F.);
#4454 = ORIENTED_EDGE('',*,*,#3801,.F.);
#4455 = PLANE('',#4456);
#4456 = AXIS2_PLACEMENT_3D('',#4457,#4458,#4459);
#4457 = CARTESIAN_POINT('',(5.,-28.2,12.5));
#4458 = DIRECTION('',(0.,1.,4.440892098501E-16));
#4459 = DIRECTION('',(0.,-4.440892098501E-16,1.));
#4460 = ADVANCED_FACE('',(#4461),#4467,.F.);
#4461 = FACE_BOUND('',#4462,.F.);
#4462 = EDGE_LOOP('',(#4463,#4464,#4465,#4466));
#4463 = ORIENTED_EDGE('',*,*,#3883,.T.);
#4464 = ORIENTED_EDGE('',*,*,#3866,.T.);
#4465 = ORIENTED_EDGE('',*,*,#3449,.F.);
#4466 = ORIENTED_EDGE('',*,*,#3907,.F.);
#4467 = PLANE('',#4468);
#4468 = AXIS2_PLACEMENT_3D('',#4469,#4470,#4471);
#4469 = CARTESIAN_POINT('',(-50.,1.8,12.5));
#4470 = DIRECTION('',(2.22044604925E-16,1.,-4.440892098501E-16));
#4471 = DIRECTION('',(2.22044604925E-16,-4.440892098501E-16,-1.));
#4472 = ADVANCED_FACE('',(#4473),#4476,.T.);
#4473 = FACE_BOUND('',#4474,.T.);
#4474 = EDGE_LOOP('',(#4475));
#4475 = ORIENTED_EDGE('',*,*,#3517,.T.);
#4476 = PLANE('',#4477);
#4477 = AXIS2_PLACEMENT_3D('',#4478,#4479,#4480);
#4478 = CARTESIAN_POINT('',(-1.281975124256E-16,2.,8.4));
#4479 = DIRECTION('',(0.,0.,1.));
#4480 = DIRECTION('',(1.,0.,0.));
#4481 = ADVANCED_FACE('',(#4482),#4494,.T.);
#4482 = FACE_BOUND('',#4483,.F.);
#4483 = EDGE_LOOP('',(#4484,#4485,#4486,#4493));
#4484 = ORIENTED_EDGE('',*,*,#3956,.T.);
#4485 = ORIENTED_EDGE('',*,*,#3930,.T.);
#4486 = ORIENTED_EDGE('',*,*,#4487,.F.);
#4487 = EDGE_CURVE('',#4001,#3923,#4488,.T.);
#4488 = CIRCLE('',#4489,1.);
#4489 = AXIS2_PLACEMENT_3D('',#4490,#4491,#4492);
#4490 = CARTESIAN_POINT('',(-61.5,2.4,1.));
#4491 = DIRECTION('',(0.,1.,0.));
#4492 = DIRECTION('',(0.,0.,-1.));
#4493 = ORIENTED_EDGE('',*,*,#4000,.F.);
#4494 = CYLINDRICAL_SURFACE('',#4495,1.);
#4495 = AXIS2_PLACEMENT_3D('',#4496,#4497,#4498);
#4496 = CARTESIAN_POINT('',(-61.5,27.6,1.));
#4497 = DIRECTION('',(0.,-1.,0.));
#4498 = DIRECTION('',(-0.,-0.,-1.));
#4499 = ADVANCED_FACE('',(#4500),#4512,.T.);
#4500 = FACE_BOUND('',#4501,.F.);
#4501 = EDGE_LOOP('',(#4502,#4509,#4510,#4511));
#4502 = ORIENTED_EDGE('',*,*,#4503,.T.);
#4503 = EDGE_CURVE('',#4094,#4364,#4504,.T.);
#4504 = CIRCLE('',#4505,1.);
#4505 = AXIS2_PLACEMENT_3D('',#4506,#4507,#4508);
#4506 = CARTESIAN_POINT('',(61.5,2.4,1.));
#4507 = DIRECTION('',(-6.123233995737E-17,-1.,0.));
#4508 = DIRECTION('',(1.,-6.123233995737E-17,0.));
#4509 = ORIENTED_EDGE('',*,*,#4388,.T.);
#4510 = ORIENTED_EDGE('',*,*,#3972,.F.);
#4511 = ORIENTED_EDGE('',*,*,#4102,.F.);
#4512 = CYLINDRICAL_SURFACE('',#4513,1.);
#4513 = AXIS2_PLACEMENT_3D('',#4514,#4515,#4516);
#4514 = CARTESIAN_POINT('',(61.5,2.4,1.));
#4515 = DIRECTION('',(0.,1.,0.));
#4516 = DIRECTION('',(0.,0.,-1.));
#4517 = ADVANCED_FACE('',(#4518),#4530,.T.);
#4518 = FACE_BOUND('',#4519,.T.);
#4519 = EDGE_LOOP('',(#4520,#4527,#4528,#4529));
#4520 = ORIENTED_EDGE('',*,*,#4521,.F.);
#4521 = EDGE_CURVE('',#4086,#4339,#4522,.T.);
#4522 = CIRCLE('',#4523,1.);
#4523 = AXIS2_PLACEMENT_3D('',#4524,#4525,#4526);
#4524 = CARTESIAN_POINT('',(60.1,1.,1.));
#4525 = DIRECTION('',(-1.,-0.,-0.));
#4526 = DIRECTION('',(0.,0.,-1.));
#4527 = ORIENTED_EDGE('',*,*,#4093,.T.);
#4528 = ORIENTED_EDGE('',*,*,#4503,.T.);
#4529 = ORIENTED_EDGE('',*,*,#4363,.F.);
#4530 = TOROIDAL_SURFACE('',#4531,1.4,1.);
#4531 = AXIS2_PLACEMENT_3D('',#4532,#4533,#4534);
#4532 = CARTESIAN_POINT('',(60.1,2.4,1.));
#4533 = DIRECTION('',(0.,0.,1.));
#4534 = DIRECTION('',(0.,-1.,0.));
#4535 = ADVANCED_FACE('',(#4536),#4548,.T.);
#4536 = FACE_BOUND('',#4537,.T.);
#4537 = EDGE_LOOP('',(#4538,#4539,#4540,#4547));
#4538 = ORIENTED_EDGE('',*,*,#4487,.F.);
#4539 = ORIENTED_EDGE('',*,*,#4008,.T.);
#4540 = ORIENTED_EDGE('',*,*,#4541,.T.);
#4541 = EDGE_CURVE('',#4009,#4119,#4542,.T.);
#4542 = CIRCLE('',#4543,1.);
#4543 = AXIS2_PLACEMENT_3D('',#4544,#4545,#4546);
#4544 = CARTESIAN_POINT('',(-60.1,1.,1.));
#4545 = DIRECTION('',(-1.,6.123233995737E-17,0.));
#4546 = DIRECTION('',(-6.123233995737E-17,-1.,0.));
#4547 = ORIENTED_EDGE('',*,*,#4118,.F.);
#4548 = TOROIDAL_SURFACE('',#4549,1.4,1.);
#4549 = AXIS2_PLACEMENT_3D('',#4550,#4551,#4552);
#4550 = CARTESIAN_POINT('',(-60.1,2.4,1.));
#4551 = DIRECTION('',(0.,0.,1.));
#4552 = DIRECTION('',(-1.,0.,0.));
#4553 = ADVANCED_FACE('',(#4554),#4566,.T.);
#4554 = FACE_BOUND('',#4555,.F.);
#4555 = EDGE_LOOP('',(#4556,#4563,#4564,#4565));
#4556 = ORIENTED_EDGE('',*,*,#4557,.T.);
#4557 = EDGE_CURVE('',#4077,#4315,#4558,.T.);
#4558 = CIRCLE('',#4559,1.);
#4559 = AXIS2_PLACEMENT_3D('',#4560,#4561,#4562);
#4560 = CARTESIAN_POINT('',(18.4,1.,1.));
#4561 = DIRECTION('',(-1.,-4.313066814991E-16,-0.));
#4562 = DIRECTION('',(-4.313066814991E-16,1.,0.));
#4563 = ORIENTED_EDGE('',*,*,#4346,.T.);
#4564 = ORIENTED_EDGE('',*,*,#4521,.F.);
#4565 = ORIENTED_EDGE('',*,*,#4085,.F.);
#4566 = CYLINDRICAL_SURFACE('',#4567,1.);
#4567 = AXIS2_PLACEMENT_3D('',#4568,#4569,#4570);
#4568 = CARTESIAN_POINT('',(18.4,1.,1.));
#4569 = DIRECTION('',(1.,0.,0.));
#4570 = DIRECTION('',(0.,0.,-1.));
#4571 = ADVANCED_FACE('',(#4572),#4584,.T.);
#4572 = FACE_BOUND('',#4573,.F.);
#4573 = EDGE_LOOP('',(#4574,#4575,#4576,#4583));
#4574 = ORIENTED_EDGE('',*,*,#4541,.T.);
#4575 = ORIENTED_EDGE('',*,*,#4143,.T.);
#4576 = ORIENTED_EDGE('',*,*,#4577,.F.);
#4577 = EDGE_CURVE('',#4018,#4144,#4578,.T.);
#4578 = CIRCLE('',#4579,1.);
#4579 = AXIS2_PLACEMENT_3D('',#4580,#4581,#4582);
#4580 = CARTESIAN_POINT('',(-18.4,1.,1.));
#4581 = DIRECTION('',(-1.,-0.,-0.));
#4582 = DIRECTION('',(0.,0.,-1.));
#4583 = ORIENTED_EDGE('',*,*,#4017,.F.);
#4584 = CYLINDRICAL_SURFACE('',#4585,1.);
#4585 = AXIS2_PLACEMENT_3D('',#4586,#4587,#4588);
#4586 = CARTESIAN_POINT('',(-60.1,1.,1.));
#4587 = DIRECTION('',(1.,0.,0.));
#4588 = DIRECTION('',(0.,0.,-1.));
#4589 = ADVANCED_FACE('',(#4590),#4602,.T.);
#4590 = FACE_BOUND('',#4591,.T.);
#4591 = EDGE_LOOP('',(#4592,#4599,#4600,#4601));
#4592 = ORIENTED_EDGE('',*,*,#4593,.F.);
#4593 = EDGE_CURVE('',#4069,#4290,#4594,.T.);
#4594 = CIRCLE('',#4595,1.);
#4595 = AXIS2_PLACEMENT_3D('',#4596,#4597,#4598);
#4596 = CARTESIAN_POINT('',(15.,-2.4,1.));
#4597 = DIRECTION('',(0.,-1.,0.));
#4598 = DIRECTION('',(0.,0.,-1.));
#4599 = ORIENTED_EDGE('',*,*,#4076,.T.);
#4600 = ORIENTED_EDGE('',*,*,#4557,.T.);
#4601 = ORIENTED_EDGE('',*,*,#4314,.F.);
#4602 = TOROIDAL_SURFACE('',#4603,3.4,1.);
#4603 = AXIS2_PLACEMENT_3D('',#4604,#4605,#4606);
#4604 = CARTESIAN_POINT('',(18.4,-2.4,1.));
#4605 = DIRECTION('',(-0.,-0.,-1.));
#4606 = DIRECTION('',(-1.,-3.700743415417E-16,0.));
#4607 = ADVANCED_FACE('',(#4608),#4620,.T.);
#4608 = FACE_BOUND('',#4609,.T.);
#4609 = EDGE_LOOP('',(#4610,#4611,#4612,#4619));
#4610 = ORIENTED_EDGE('',*,*,#4577,.F.);
#4611 = ORIENTED_EDGE('',*,*,#4025,.T.);
#4612 = ORIENTED_EDGE('',*,*,#4613,.T.);
#4613 = EDGE_CURVE('',#4026,#4167,#4614,.T.);
#4614 = CIRCLE('',#4615,1.);
#4615 = AXIS2_PLACEMENT_3D('',#4616,#4617,#4618);
#4616 = CARTESIAN_POINT('',(-15.,-2.4,1.));
#4617 = DIRECTION('',(-6.123233995737E-17,1.,0.));
#4618 = DIRECTION('',(1.,6.123233995737E-17,0.));
#4619 = ORIENTED_EDGE('',*,*,#4174,.F.);
#4620 = TOROIDAL_SURFACE('',#4621,3.4,1.);
#4621 = AXIS2_PLACEMENT_3D('',#4622,#4623,#4624);
#4622 = CARTESIAN_POINT('',(-18.4,-2.4,1.));
#4623 = DIRECTION('',(-0.,-0.,-1.));
#4624 = DIRECTION('',(0.,1.,0.));
#4625 = ADVANCED_FACE('',(#4626),#4638,.T.);
#4626 = FACE_BOUND('',#4627,.F.);
#4627 = EDGE_LOOP('',(#4628,#4635,#4636,#4637));
#4628 = ORIENTED_EDGE('',*,*,#4629,.T.);
#4629 = EDGE_CURVE('',#4060,#4265,#4630,.T.);
#4630 = CIRCLE('',#4631,1.);
#4631 = AXIS2_PLACEMENT_3D('',#4632,#4633,#4634);
#4632 = CARTESIAN_POINT('',(15.,-27.6,1.));
#4633 = DIRECTION('',(-6.123233995737E-17,-1.,0.));
#4634 = DIRECTION('',(1.,-6.123233995737E-17,0.));
#4635 = ORIENTED_EDGE('',*,*,#4297,.T.);
#4636 = ORIENTED_EDGE('',*,*,#4593,.F.);
#4637 = ORIENTED_EDGE('',*,*,#4068,.F.);
#4638 = CYLINDRICAL_SURFACE('',#4639,1.);
#4639 = AXIS2_PLACEMENT_3D('',#4640,#4641,#4642);
#4640 = CARTESIAN_POINT('',(15.,-27.6,1.));
#4641 = DIRECTION('',(0.,1.,0.));
#4642 = DIRECTION('',(0.,0.,-1.));
#4643 = ADVANCED_FACE('',(#4644),#4656,.T.);
#4644 = FACE_BOUND('',#4645,.F.);
#4645 = EDGE_LOOP('',(#4646,#4647,#4648,#4655));
#4646 = ORIENTED_EDGE('',*,*,#4613,.T.);
#4647 = ORIENTED_EDGE('',*,*,#4199,.T.);
#4648 = ORIENTED_EDGE('',*,*,#4649,.F.);
#4649 = EDGE_CURVE('',#4035,#4192,#4650,.T.);
#4650 = CIRCLE('',#4651,1.);
#4651 = AXIS2_PLACEMENT_3D('',#4652,#4653,#4654);
#4652 = CARTESIAN_POINT('',(-15.,-27.6,1.));
#4653 = DIRECTION('',(0.,1.,0.));
#4654 = DIRECTION('',(0.,0.,-1.));
#4655 = ORIENTED_EDGE('',*,*,#4034,.F.);
#4656 = CYLINDRICAL_SURFACE('',#4657,1.);
#4657 = AXIS2_PLACEMENT_3D('',#4658,#4659,#4660);
#4658 = CARTESIAN_POINT('',(-15.,-2.4,1.));
#4659 = DIRECTION('',(0.,-1.,0.));
#4660 = DIRECTION('',(-0.,-0.,-1.));
#4661 = ADVANCED_FACE('',(#4662),#4674,.T.);
#4662 = FACE_BOUND('',#4663,.T.);
#4663 = EDGE_LOOP('',(#4664,#4671,#4672,#4673));
#4664 = ORIENTED_EDGE('',*,*,#4665,.F.);
#4665 = EDGE_CURVE('',#4052,#4242,#4666,.T.);
#4666 = CIRCLE('',#4667,1.);
#4667 = AXIS2_PLACEMENT_3D('',#4668,#4669,#4670);
#4668 = CARTESIAN_POINT('',(13.6,-29.,1.));
#4669 = DIRECTION('',(-1.,-0.,-0.));
#4670 = DIRECTION('',(0.,0.,-1.));
#4671 = ORIENTED_EDGE('',*,*,#4059,.T.);
#4672 = ORIENTED_EDGE('',*,*,#4629,.T.);
#4673 = ORIENTED_EDGE('',*,*,#4272,.F.);
#4674 = TOROIDAL_SURFACE('',#4675,1.4,1.);
#4675 = AXIS2_PLACEMENT_3D('',#4676,#4677,#4678);
#4676 = CARTESIAN_POINT('',(13.6,-27.6,1.));
#4677 = DIRECTION('',(0.,0.,1.));
#4678 = DIRECTION('',(0.,-1.,0.));
#4679 = ADVANCED_FACE('',(#4680),#4692,.T.);
#4680 = FACE_BOUND('',#4681,.T.);
#4681 = EDGE_LOOP('',(#4682,#4683,#4684,#4691));
#4682 = ORIENTED_EDGE('',*,*,#4649,.F.);
#4683 = ORIENTED_EDGE('',*,*,#4042,.T.);
#4684 = ORIENTED_EDGE('',*,*,#4685,.T.);
#4685 = EDGE_CURVE('',#4043,#4217,#4686,.T.);
#4686 = CIRCLE('',#4687,1.);
#4687 = AXIS2_PLACEMENT_3D('',#4688,#4689,#4690);
#4688 = CARTESIAN_POINT('',(-13.6,-29.,1.));
#4689 = DIRECTION('',(-1.,6.123233995737E-17,0.));
#4690 = DIRECTION('',(-6.123233995737E-17,-1.,0.));
#4691 = ORIENTED_EDGE('',*,*,#4216,.F.);
#4692 = TOROIDAL_SURFACE('',#4693,1.4,1.);
#4693 = AXIS2_PLACEMENT_3D('',#4694,#4695,#4696);
#4694 = CARTESIAN_POINT('',(-13.6,-27.6,1.));
#4695 = DIRECTION('',(0.,0.,1.));
#4696 = DIRECTION('',(-1.,0.,0.));
#4697 = ADVANCED_FACE('',(#4698),#4704,.T.);
#4698 = FACE_BOUND('',#4699,.F.);
#4699 = EDGE_LOOP('',(#4700,#4701,#4702,#4703));
#4700 = ORIENTED_EDGE('',*,*,#4685,.T.);
#4701 = ORIENTED_EDGE('',*,*,#4241,.T.);
#4702 = ORIENTED_EDGE('',*,*,#4665,.F.);
#4703 = ORIENTED_EDGE('',*,*,#4051,.F.);
#4704 = CYLINDRICAL_SURFACE('',#4705,1.);
#4705 = AXIS2_PLACEMENT_3D('',#4706,#4707,#4708);
#4706 = CARTESIAN_POINT('',(-13.6,-29.,1.));
#4707 = DIRECTION('',(1.,0.,0.));
#4708 = DIRECTION('',(0.,0.,-1.));
#4709 = ( GEOMETRIC_REPRESENTATION_CONTEXT(3) 
GLOBAL_UNCERTAINTY_ASSIGNED_CONTEXT((#4713)) 
GLOBAL_UNIT_ASSIGNED_CONTEXT((#4710,#4711,#4712)) REPRESENTATION_CONTEXT
('Context #1','3D Context with UNIT and UNCERTAINTY') );
#4710 = ( LENGTH_UNIT() NAMED_UNIT(*) SI_UNIT(.MILLI.,.METRE.) );
#4711 = ( NAMED_UNIT(*) PLANE_ANGLE_UNIT() SI_UNIT($,.RADIAN.) );
#4712 = ( NAMED_UNIT(*) SI_UNIT($,.STERADIAN.) SOLID_ANGLE_UNIT() );
#4713 = UNCERTAINTY_MEASURE_WITH_UNIT(LENGTH_MEASURE(2.E-06),#4710,
  'distance_accuracy_value','confusion accuracy');
#4714 = PRODUCT_RELATED_PRODUCT_CATEGORY('part',$,(#7));
#4715 = MECHANICAL_DESIGN_GEOMETRIC_PRESENTATION_REPRESENTATION('',(
    #4716),#4709);
#4716 = STYLED_ITEM('color',(#4717),#15);
#4717 = PRESENTATION_STYLE_ASSIGNMENT((#4718,#4724));
#4718 = SURFACE_STYLE_USAGE(.BOTH.,#4719);
#4719 = SURFACE_SIDE_STYLE('',(#4720));
#4720 = SURFACE_STYLE_FILL_AREA(#4721);
#4721 = FILL_AREA_STYLE('',(#4722));
#4722 = FILL_AREA_STYLE_COLOUR('',#4723);
#4723 = COLOUR_RGB('',0.447058818107,0.474509808674,0.501960817233);
#4724 = CURVE_STYLE('',#4725,POSITIVE_LENGTH_MEASURE(0.1),#4726);
#4725 = DRAUGHTING_PRE_DEFINED_CURVE_FONT('continuous');
#4726 = DRAUGHTING_PRE_DEFINED_COLOUR('white');
ENDSEC;
END-ISO-10303-21;
